algorithm,dataset,task,protocol,metric,pattern,missing_ratio,required_repeats,n,mean,std,se,ci95_low,ci95_high,author_equivalence_certified,captured_utc,source,metric_unit,comparison,selection_boundary
GiFlow/main,air36,imputation,giflow_native/released_mirror,native_mean_batch_mae,point,0.2,5,0,,,,,,False,2026-10-10T18:35:47.680797+00:00,configs/experiments/fm_giflow_native_queue.v4.json,Masked overlapping test windows; unweighted mean of batch means; MAPE percent,source_fidelity_observed_updates_not_author_equivalence,test_used_in_validation_final_reset_EMA
GiFlow/main,air36,imputation,giflow_native/released_mirror,native_mean_batch_mse,point,0.2,5,0,,,,,,False,2026-10-10T18:35:47.680797+00:00,configs/experiments/fm_giflow_native_queue.v4.json,Masked overlapping test windows; unweighted mean of batch means; MAPE percent,source_fidelity_observed_updates_not_author_equivalence,test_used_in_validation_final_reset_EMA
GiFlow/main,air36,imputation,giflow_native/released_mirror,native_mean_batch_mape_percent,point,0.2,5,0,,,,,,False,2026-10-10T18:35:47.680797+00:00,configs/experiments/fm_giflow_native_queue.v4.json,Masked overlapping test windows; unweighted mean of batch means; MAPE percent,source_fidelity_observed_updates_not_author_equivalence,test_used_in_validation_final_reset_EMA
GiFlow/main,air36,imputation,giflow_native/released_mirror,sqrt_native_mean_batch_mse,point,0.2,5,0,,,,,,False,2026-10-10T18:35:47.680797+00:00,configs/experiments/fm_giflow_native_queue.v4.json,Masked overlapping test windows; unweighted mean of batch means; MAPE percent,source_fidelity_observed_updates_not_author_equivalence,test_used_in_validation_final_reset_EMA
GiFlow/main,air36,imputation,giflow_native/reviewed_corrected,native_mean_batch_mae,point,0.2,5,0,,,,,,False,2026-10-10T18:35:47.680797+00:00,configs/experiments/fm_giflow_native_queue.v4.json,Masked overlapping test windows; unweighted mean of batch means; MAPE percent,source_fidelity_observed_updates_not_author_equivalence,validation_only_checkpoint_persistent_EMA
GiFlow/main,air36,imputation,giflow_native/reviewed_corrected,native_mean_batch_mse,point,0.2,5,0,,,,,,False,2026-10-10T18:35:47.680797+00:00,configs/experiments/fm_giflow_native_queue.v4.json,Masked overlapping test windows; unweighted mean of batch means; MAPE percent,source_fidelity_observed_updates_not_author_equivalence,validation_only_checkpoint_persistent_EMA
GiFlow/main,air36,imputation,giflow_native/reviewed_corrected,native_mean_batch_mape_percent,point,0.2,5,0,,,,,,False,2026-10-10T18:35:47.680797+00:00,configs/experiments/fm_giflow_native_queue.v4.json,Masked overlapping test windows; unweighted mean of batch means; MAPE percent,source_fidelity_observed_updates_not_author_equivalence,validation_only_checkpoint_persistent_EMA
GiFlow/main,air36,imputation,giflow_native/reviewed_corrected,sqrt_native_mean_batch_mse,point,0.2,5,0,,,,,,False,2026-10-10T18:35:47.680797+00:00,configs/experiments/fm_giflow_native_queue.v4.json,Masked overlapping test windows; unweighted mean of batch means; MAPE percent,source_fidelity_observed_updates_not_author_equivalence,validation_only_checkpoint_persistent_EMA
GiFlow/main,aqi,imputation,giflow_native/released_mirror,native_mean_batch_mae,point,0.2,5,0,,,,,,False,2026-10-10T18:35:47.680797+00:00,configs/experiments/fm_giflow_native_queue.v4.json,Masked overlapping test windows; unweighted mean of batch means; MAPE percent,source_fidelity_observed_updates_not_author_equivalence,test_used_in_validation_final_reset_EMA
GiFlow/main,aqi,imputation,giflow_native/released_mirror,native_mean_batch_mse,point,0.2,5,0,,,,,,False,2026-10-10T18:35:47.680797+00:00,configs/experiments/fm_giflow_native_queue.v4.json,Masked overlapping test windows; unweighted mean of batch means; MAPE percent,source_fidelity_observed_updates_not_author_equivalence,test_used_in_validation_final_reset_EMA
GiFlow/main,aqi,imputation,giflow_native/released_mirror,native_mean_batch_mape_percent,point,0.2,5,0,,,,,,False,2026-10-10T18:35:47.680797+00:00,configs/experiments/fm_giflow_native_queue.v4.json,Masked overlapping test windows; unweighted mean of batch means; MAPE percent,source_fidelity_observed_updates_not_author_equivalence,test_used_in_validation_final_reset_EMA
GiFlow/main,aqi,imputation,giflow_native/released_mirror,sqrt_native_mean_batch_mse,point,0.2,5,0,,,,,,False,2026-10-10T18:35:47.680797+00:00,configs/experiments/fm_giflow_native_queue.v4.json,Masked overlapping test windows; unweighted mean of batch means; MAPE percent,source_fidelity_observed_updates_not_author_equivalence,test_used_in_validation_final_reset_EMA
GiFlow/main,aqi,imputation,giflow_native/reviewed_corrected,native_mean_batch_mae,point,0.2,5,0,,,,,,False,2026-10-10T18:35:47.680797+00:00,configs/experiments/fm_giflow_native_queue.v4.json,Masked overlapping test windows; unweighted mean of batch means; MAPE percent,source_fidelity_observed_updates_not_author_equivalence,validation_only_checkpoint_persistent_EMA
GiFlow/main,aqi,imputation,giflow_native/reviewed_corrected,native_mean_batch_mse,point,0.2,5,0,,,,,,False,2026-10-10T18:35:47.680797+00:00,configs/experiments/fm_giflow_native_queue.v4.json,Masked overlapping test windows; unweighted mean of batch means; MAPE percent,source_fidelity_observed_updates_not_author_equivalence,validation_only_checkpoint_persistent_EMA
GiFlow/main,aqi,imputation,giflow_native/reviewed_corrected,native_mean_batch_mape_percent,point,0.2,5,0,,,,,,False,2026-10-10T18:35:47.680797+00:00,configs/experiments/fm_giflow_native_queue.v4.json,Masked overlapping test windows; unweighted mean of batch means; MAPE percent,source_fidelity_observed_updates_not_author_equivalence,validation_only_checkpoint_persistent_EMA
GiFlow/main,aqi,imputation,giflow_native/reviewed_corrected,sqrt_native_mean_batch_mse,point,0.2,5,0,,,,,,False,2026-10-10T18:35:47.680797+00:00,configs/experiments/fm_giflow_native_queue.v4.json,Masked overlapping test windows; unweighted mean of batch means; MAPE percent,source_fidelity_observed_updates_not_author_equivalence,validation_only_checkpoint_persistent_EMA
GiFlow/prior_graph,air36,imputation,giflow_native/released_mirror,native_mean_batch_mae,point,0.2,5,0,,,,,,False,2026-10-10T18:35:47.680797+00:00,configs/experiments/fm_giflow_native_queue.v4.json,Masked overlapping test windows; unweighted mean of batch means; MAPE percent,source_fidelity_observed_updates_not_author_equivalence,test_used_in_validation_final_reset_EMA
GiFlow/prior_graph,air36,imputation,giflow_native/released_mirror,native_mean_batch_mse,point,0.2,5,0,,,,,,False,2026-10-10T18:35:47.680797+00:00,configs/experiments/fm_giflow_native_queue.v4.json,Masked overlapping test windows; unweighted mean of batch means; MAPE percent,source_fidelity_observed_updates_not_author_equivalence,test_used_in_validation_final_reset_EMA
GiFlow/prior_graph,air36,imputation,giflow_native/released_mirror,native_mean_batch_mape_percent,point,0.2,5,0,,,,,,False,2026-10-10T18:35:47.680797+00:00,configs/experiments/fm_giflow_native_queue.v4.json,Masked overlapping test windows; unweighted mean of batch means; MAPE percent,source_fidelity_observed_updates_not_author_equivalence,test_used_in_validation_final_reset_EMA
GiFlow/prior_graph,air36,imputation,giflow_native/released_mirror,sqrt_native_mean_batch_mse,point,0.2,5,0,,,,,,False,2026-10-10T18:35:47.680797+00:00,configs/experiments/fm_giflow_native_queue.v4.json,Masked overlapping test windows; unweighted mean of batch means; MAPE percent,source_fidelity_observed_updates_not_author_equivalence,test_used_in_validation_final_reset_EMA
GiFlow/prior_graph,air36,imputation,giflow_native/reviewed_corrected,native_mean_batch_mae,point,0.2,5,0,,,,,,False,2026-10-10T18:35:47.680797+00:00,configs/experiments/fm_giflow_native_queue.v4.json,Masked overlapping test windows; unweighted mean of batch means; MAPE percent,source_fidelity_observed_updates_not_author_equivalence,validation_only_checkpoint_persistent_EMA
GiFlow/prior_graph,air36,imputation,giflow_native/reviewed_corrected,native_mean_batch_mse,point,0.2,5,0,,,,,,False,2026-10-10T18:35:47.680797+00:00,configs/experiments/fm_giflow_native_queue.v4.json,Masked overlapping test windows; unweighted mean of batch means; MAPE percent,source_fidelity_observed_updates_not_author_equivalence,validation_only_checkpoint_persistent_EMA
GiFlow/prior_graph,air36,imputation,giflow_native/reviewed_corrected,native_mean_batch_mape_percent,point,0.2,5,0,,,,,,False,2026-10-10T18:35:47.680797+00:00,configs/experiments/fm_giflow_native_queue.v4.json,Masked overlapping test windows; unweighted mean of batch means; MAPE percent,source_fidelity_observed_updates_not_author_equivalence,validation_only_checkpoint_persistent_EMA
GiFlow/prior_graph,air36,imputation,giflow_native/reviewed_corrected,sqrt_native_mean_batch_mse,point,0.2,5,0,,,,,,False,2026-10-10T18:35:47.680797+00:00,configs/experiments/fm_giflow_native_queue.v4.json,Masked overlapping test windows; unweighted mean of batch means; MAPE percent,source_fidelity_observed_updates_not_author_equivalence,validation_only_checkpoint_persistent_EMA
GiFlow/prior_time,air36,imputation,giflow_native/released_mirror,native_mean_batch_mae,point,0.2,5,0,,,,,,False,2026-10-10T18:35:47.680797+00:00,configs/experiments/fm_giflow_native_queue.v4.json,Masked overlapping test windows; unweighted mean of batch means; MAPE percent,source_fidelity_observed_updates_not_author_equivalence,test_used_in_validation_final_reset_EMA
GiFlow/prior_time,air36,imputation,giflow_native/released_mirror,native_mean_batch_mse,point,0.2,5,0,,,,,,False,2026-10-10T18:35:47.680797+00:00,configs/experiments/fm_giflow_native_queue.v4.json,Masked overlapping test windows; unweighted mean of batch means; MAPE percent,source_fidelity_observed_updates_not_author_equivalence,test_used_in_validation_final_reset_EMA
GiFlow/prior_time,air36,imputation,giflow_native/released_mirror,native_mean_batch_mape_percent,point,0.2,5,0,,,,,,False,2026-10-10T18:35:47.680797+00:00,configs/experiments/fm_giflow_native_queue.v4.json,Masked overlapping test windows; unweighted mean of batch means; MAPE percent,source_fidelity_observed_updates_not_author_equivalence,test_used_in_validation_final_reset_EMA
GiFlow/prior_time,air36,imputation,giflow_native/released_mirror,sqrt_native_mean_batch_mse,point,0.2,5,0,,,,,,False,2026-10-10T18:35:47.680797+00:00,configs/experiments/fm_giflow_native_queue.v4.json,Masked overlapping test windows; unweighted mean of batch means; MAPE percent,source_fidelity_observed_updates_not_author_equivalence,test_used_in_validation_final_reset_EMA
GiFlow/prior_time,air36,imputation,giflow_native/reviewed_corrected,native_mean_batch_mae,point,0.2,5,0,,,,,,False,2026-10-10T18:35:47.680797+00:00,configs/experiments/fm_giflow_native_queue.v4.json,Masked overlapping test windows; unweighted mean of batch means; MAPE percent,source_fidelity_observed_updates_not_author_equivalence,validation_only_checkpoint_persistent_EMA
GiFlow/prior_time,air36,imputation,giflow_native/reviewed_corrected,native_mean_batch_mse,point,0.2,5,0,,,,,,False,2026-10-10T18:35:47.680797+00:00,configs/experiments/fm_giflow_native_queue.v4.json,Masked overlapping test windows; unweighted mean of batch means; MAPE percent,source_fidelity_observed_updates_not_author_equivalence,validation_only_checkpoint_persistent_EMA
GiFlow/prior_time,air36,imputation,giflow_native/reviewed_corrected,native_mean_batch_mape_percent,point,0.2,5,0,,,,,,False,2026-10-10T18:35:47.680797+00:00,configs/experiments/fm_giflow_native_queue.v4.json,Masked overlapping test windows; unweighted mean of batch means; MAPE percent,source_fidelity_observed_updates_not_author_equivalence,validation_only_checkpoint_persistent_EMA
GiFlow/prior_time,air36,imputation,giflow_native/reviewed_corrected,sqrt_native_mean_batch_mse,point,0.2,5,0,,,,,,False,2026-10-10T18:35:47.680797+00:00,configs/experiments/fm_giflow_native_queue.v4.json,Masked overlapping test windows; unweighted mean of batch means; MAPE percent,source_fidelity_observed_updates_not_author_equivalence,validation_only_checkpoint_persistent_EMA
GiFlow/prior_none,air36,imputation,giflow_native/released_mirror,native_mean_batch_mae,point,0.2,5,0,,,,,,False,2026-10-10T18:35:47.680797+00:00,configs/experiments/fm_giflow_native_queue.v4.json,Masked overlapping test windows; unweighted mean of batch means; MAPE percent,source_fidelity_observed_updates_not_author_equivalence,test_used_in_validation_final_reset_EMA
GiFlow/prior_none,air36,imputation,giflow_native/released_mirror,native_mean_batch_mse,point,0.2,5,0,,,,,,False,2026-10-10T18:35:47.680797+00:00,configs/experiments/fm_giflow_native_queue.v4.json,Masked overlapping test windows; unweighted mean of batch means; MAPE percent,source_fidelity_observed_updates_not_author_equivalence,test_used_in_validation_final_reset_EMA
GiFlow/prior_none,air36,imputation,giflow_native/released_mirror,native_mean_batch_mape_percent,point,0.2,5,0,,,,,,False,2026-10-10T18:35:47.680797+00:00,configs/experiments/fm_giflow_native_queue.v4.json,Masked overlapping test windows; unweighted mean of batch means; MAPE percent,source_fidelity_observed_updates_not_author_equivalence,test_used_in_validation_final_reset_EMA
GiFlow/prior_none,air36,imputation,giflow_native/released_mirror,sqrt_native_mean_batch_mse,point,0.2,5,0,,,,,,False,2026-10-10T18:35:47.680797+00:00,configs/experiments/fm_giflow_native_queue.v4.json,Masked overlapping test windows; unweighted mean of batch means; MAPE percent,source_fidelity_observed_updates_not_author_equivalence,test_used_in_validation_final_reset_EMA
GiFlow/prior_none,air36,imputation,giflow_native/reviewed_corrected,native_mean_batch_mae,point,0.2,5,0,,,,,,False,2026-10-10T18:35:47.680797+00:00,configs/experiments/fm_giflow_native_queue.v4.json,Masked overlapping test windows; unweighted mean of batch means; MAPE percent,source_fidelity_observed_updates_not_author_equivalence,validation_only_checkpoint_persistent_EMA
GiFlow/prior_none,air36,imputation,giflow_native/reviewed_corrected,native_mean_batch_mse,point,0.2,5,0,,,,,,False,2026-10-10T18:35:47.680797+00:00,configs/experiments/fm_giflow_native_queue.v4.json,Masked overlapping test windows; unweighted mean of batch means; MAPE percent,source_fidelity_observed_updates_not_author_equivalence,validation_only_checkpoint_persistent_EMA
GiFlow/prior_none,air36,imputation,giflow_native/reviewed_corrected,native_mean_batch_mape_percent,point,0.2,5,0,,,,,,False,2026-10-10T18:35:47.680797+00:00,configs/experiments/fm_giflow_native_queue.v4.json,Masked overlapping test windows; unweighted mean of batch means; MAPE percent,source_fidelity_observed_updates_not_author_equivalence,validation_only_checkpoint_persistent_EMA
GiFlow/prior_none,air36,imputation,giflow_native/reviewed_corrected,sqrt_native_mean_batch_mse,point,0.2,5,0,,,,,,False,2026-10-10T18:35:47.680797+00:00,configs/experiments/fm_giflow_native_queue.v4.json,Masked overlapping test windows; unweighted mean of batch means; MAPE percent,source_fidelity_observed_updates_not_author_equivalence,validation_only_checkpoint_persistent_EMA
GiFlow/point_0.3,air36,imputation,giflow_native/released_mirror,native_mean_batch_mae,point,0.3,5,0,,,,,,False,2026-10-10T18:35:47.680797+00:00,configs/experiments/fm_giflow_native_queue.v4.json,Masked overlapping test windows; unweighted mean of batch means; MAPE percent,source_fidelity_observed_updates_not_author_equivalence,test_used_in_validation_final_reset_EMA
GiFlow/point_0.3,air36,imputation,giflow_native/released_mirror,native_mean_batch_mse,point,0.3,5,0,,,,,,False,2026-10-10T18:35:47.680797+00:00,configs/experiments/fm_giflow_native_queue.v4.json,Masked overlapping test windows; unweighted mean of batch means; MAPE percent,source_fidelity_observed_updates_not_author_equivalence,test_used_in_validation_final_reset_EMA
GiFlow/point_0.3,air36,imputation,giflow_native/released_mirror,native_mean_batch_mape_percent,point,0.3,5,0,,,,,,False,2026-10-10T18:35:47.680797+00:00,configs/experiments/fm_giflow_native_queue.v4.json,Masked overlapping test windows; unweighted mean of batch means; MAPE percent,source_fidelity_observed_updates_not_author_equivalence,test_used_in_validation_final_reset_EMA
GiFlow/point_0.3,air36,imputation,giflow_native/released_mirror,sqrt_native_mean_batch_mse,point,0.3,5,0,,,,,,False,2026-10-10T18:35:47.680797+00:00,configs/experiments/fm_giflow_native_queue.v4.json,Masked overlapping test windows; unweighted mean of batch means; MAPE percent,source_fidelity_observed_updates_not_author_equivalence,test_used_in_validation_final_reset_EMA
GiFlow/point_0.3,air36,imputation,giflow_native/reviewed_corrected,native_mean_batch_mae,point,0.3,5,0,,,,,,False,2026-10-10T18:35:47.680797+00:00,configs/experiments/fm_giflow_native_queue.v4.json,Masked overlapping test windows; unweighted mean of batch means; MAPE percent,source_fidelity_observed_updates_not_author_equivalence,validation_only_checkpoint_persistent_EMA
GiFlow/point_0.3,air36,imputation,giflow_native/reviewed_corrected,native_mean_batch_mse,point,0.3,5,0,,,,,,False,2026-10-10T18:35:47.680797+00:00,configs/experiments/fm_giflow_native_queue.v4.json,Masked overlapping test windows; unweighted mean of batch means; MAPE percent,source_fidelity_observed_updates_not_author_equivalence,validation_only_checkpoint_persistent_EMA
GiFlow/point_0.3,air36,imputation,giflow_native/reviewed_corrected,native_mean_batch_mape_percent,point,0.3,5,0,,,,,,False,2026-10-10T18:35:47.680797+00:00,configs/experiments/fm_giflow_native_queue.v4.json,Masked overlapping test windows; unweighted mean of batch means; MAPE percent,source_fidelity_observed_updates_not_author_equivalence,validation_only_checkpoint_persistent_EMA
GiFlow/point_0.3,air36,imputation,giflow_native/reviewed_corrected,sqrt_native_mean_batch_mse,point,0.3,5,0,,,,,,False,2026-10-10T18:35:47.680797+00:00,configs/experiments/fm_giflow_native_queue.v4.json,Masked overlapping test windows; unweighted mean of batch means; MAPE percent,source_fidelity_observed_updates_not_author_equivalence,validation_only_checkpoint_persistent_EMA
GiFlow/point_0.4,air36,imputation,giflow_native/released_mirror,native_mean_batch_mae,point,0.4,5,0,,,,,,False,2026-10-10T18:35:47.680797+00:00,configs/experiments/fm_giflow_native_queue.v4.json,Masked overlapping test windows; unweighted mean of batch means; MAPE percent,source_fidelity_observed_updates_not_author_equivalence,test_used_in_validation_final_reset_EMA
GiFlow/point_0.4,air36,imputation,giflow_native/released_mirror,native_mean_batch_mse,point,0.4,5,0,,,,,,False,2026-10-10T18:35:47.680797+00:00,configs/experiments/fm_giflow_native_queue.v4.json,Masked overlapping test windows; unweighted mean of batch means; MAPE percent,source_fidelity_observed_updates_not_author_equivalence,test_used_in_validation_final_reset_EMA
GiFlow/point_0.4,air36,imputation,giflow_native/released_mirror,native_mean_batch_mape_percent,point,0.4,5,0,,,,,,False,2026-10-10T18:35:47.680797+00:00,configs/experiments/fm_giflow_native_queue.v4.json,Masked overlapping test windows; unweighted mean of batch means; MAPE percent,source_fidelity_observed_updates_not_author_equivalence,test_used_in_validation_final_reset_EMA
GiFlow/point_0.4,air36,imputation,giflow_native/released_mirror,sqrt_native_mean_batch_mse,point,0.4,5,0,,,,,,False,2026-10-10T18:35:47.680797+00:00,configs/experiments/fm_giflow_native_queue.v4.json,Masked overlapping test windows; unweighted mean of batch means; MAPE percent,source_fidelity_observed_updates_not_author_equivalence,test_used_in_validation_final_reset_EMA
GiFlow/point_0.4,air36,imputation,giflow_native/reviewed_corrected,native_mean_batch_mae,point,0.4,5,0,,,,,,False,2026-10-10T18:35:47.680797+00:00,configs/experiments/fm_giflow_native_queue.v4.json,Masked overlapping test windows; unweighted mean of batch means; MAPE percent,source_fidelity_observed_updates_not_author_equivalence,validation_only_checkpoint_persistent_EMA
GiFlow/point_0.4,air36,imputation,giflow_native/reviewed_corrected,native_mean_batch_mse,point,0.4,5,0,,,,,,False,2026-10-10T18:35:47.680797+00:00,configs/experiments/fm_giflow_native_queue.v4.json,Masked overlapping test windows; unweighted mean of batch means; MAPE percent,source_fidelity_observed_updates_not_author_equivalence,validation_only_checkpoint_persistent_EMA
GiFlow/point_0.4,air36,imputation,giflow_native/reviewed_corrected,native_mean_batch_mape_percent,point,0.4,5,0,,,,,,False,2026-10-10T18:35:47.680797+00:00,configs/experiments/fm_giflow_native_queue.v4.json,Masked overlapping test windows; unweighted mean of batch means; MAPE percent,source_fidelity_observed_updates_not_author_equivalence,validation_only_checkpoint_persistent_EMA
GiFlow/point_0.4,air36,imputation,giflow_native/reviewed_corrected,sqrt_native_mean_batch_mse,point,0.4,5,0,,,,,,False,2026-10-10T18:35:47.680797+00:00,configs/experiments/fm_giflow_native_queue.v4.json,Masked overlapping test windows; unweighted mean of batch means; MAPE percent,source_fidelity_observed_updates_not_author_equivalence,validation_only_checkpoint_persistent_EMA
GiFlow/point_0.5,air36,imputation,giflow_native/released_mirror,native_mean_batch_mae,point,0.5,5,0,,,,,,False,2026-10-10T18:35:47.680797+00:00,configs/experiments/fm_giflow_native_queue.v4.json,Masked overlapping test windows; unweighted mean of batch means; MAPE percent,source_fidelity_observed_updates_not_author_equivalence,test_used_in_validation_final_reset_EMA
GiFlow/point_0.5,air36,imputation,giflow_native/released_mirror,native_mean_batch_mse,point,0.5,5,0,,,,,,False,2026-10-10T18:35:47.680797+00:00,configs/experiments/fm_giflow_native_queue.v4.json,Masked overlapping test windows; unweighted mean of batch means; MAPE percent,source_fidelity_observed_updates_not_author_equivalence,test_used_in_validation_final_reset_EMA
GiFlow/point_0.5,air36,imputation,giflow_native/released_mirror,native_mean_batch_mape_percent,point,0.5,5,0,,,,,,False,2026-10-10T18:35:47.680797+00:00,configs/experiments/fm_giflow_native_queue.v4.json,Masked overlapping test windows; unweighted mean of batch means; MAPE percent,source_fidelity_observed_updates_not_author_equivalence,test_used_in_validation_final_reset_EMA
GiFlow/point_0.5,air36,imputation,giflow_native/released_mirror,sqrt_native_mean_batch_mse,point,0.5,5,0,,,,,,False,2026-10-10T18:35:47.680797+00:00,configs/experiments/fm_giflow_native_queue.v4.json,Masked overlapping test windows; unweighted mean of batch means; MAPE percent,source_fidelity_observed_updates_not_author_equivalence,test_used_in_validation_final_reset_EMA
GiFlow/point_0.5,air36,imputation,giflow_native/reviewed_corrected,native_mean_batch_mae,point,0.5,5,0,,,,,,False,2026-10-10T18:35:47.680797+00:00,configs/experiments/fm_giflow_native_queue.v4.json,Masked overlapping test windows; unweighted mean of batch means; MAPE percent,source_fidelity_observed_updates_not_author_equivalence,validation_only_checkpoint_persistent_EMA
GiFlow/point_0.5,air36,imputation,giflow_native/reviewed_corrected,native_mean_batch_mse,point,0.5,5,0,,,,,,False,2026-10-10T18:35:47.680797+00:00,configs/experiments/fm_giflow_native_queue.v4.json,Masked overlapping test windows; unweighted mean of batch means; MAPE percent,source_fidelity_observed_updates_not_author_equivalence,validation_only_checkpoint_persistent_EMA
GiFlow/point_0.5,air36,imputation,giflow_native/reviewed_corrected,native_mean_batch_mape_percent,point,0.5,5,0,,,,,,False,2026-10-10T18:35:47.680797+00:00,configs/experiments/fm_giflow_native_queue.v4.json,Masked overlapping test windows; unweighted mean of batch means; MAPE percent,source_fidelity_observed_updates_not_author_equivalence,validation_only_checkpoint_persistent_EMA
GiFlow/point_0.5,air36,imputation,giflow_native/reviewed_corrected,sqrt_native_mean_batch_mse,point,0.5,5,0,,,,,,False,2026-10-10T18:35:47.680797+00:00,configs/experiments/fm_giflow_native_queue.v4.json,Masked overlapping test windows; unweighted mean of batch means; MAPE percent,source_fidelity_observed_updates_not_author_equivalence,validation_only_checkpoint_persistent_EMA
GiFlow/point_0.6,air36,imputation,giflow_native/released_mirror,native_mean_batch_mae,point,0.6,5,0,,,,,,False,2026-10-10T18:35:47.680797+00:00,configs/experiments/fm_giflow_native_queue.v4.json,Masked overlapping test windows; unweighted mean of batch means; MAPE percent,source_fidelity_observed_updates_not_author_equivalence,test_used_in_validation_final_reset_EMA
GiFlow/point_0.6,air36,imputation,giflow_native/released_mirror,native_mean_batch_mse,point,0.6,5,0,,,,,,False,2026-10-10T18:35:47.680797+00:00,configs/experiments/fm_giflow_native_queue.v4.json,Masked overlapping test windows; unweighted mean of batch means; MAPE percent,source_fidelity_observed_updates_not_author_equivalence,test_used_in_validation_final_reset_EMA
GiFlow/point_0.6,air36,imputation,giflow_native/released_mirror,native_mean_batch_mape_percent,point,0.6,5,0,,,,,,False,2026-10-10T18:35:47.680797+00:00,configs/experiments/fm_giflow_native_queue.v4.json,Masked overlapping test windows; unweighted mean of batch means; MAPE percent,source_fidelity_observed_updates_not_author_equivalence,test_used_in_validation_final_reset_EMA
GiFlow/point_0.6,air36,imputation,giflow_native/released_mirror,sqrt_native_mean_batch_mse,point,0.6,5,0,,,,,,False,2026-10-10T18:35:47.680797+00:00,configs/experiments/fm_giflow_native_queue.v4.json,Masked overlapping test windows; unweighted mean of batch means; MAPE percent,source_fidelity_observed_updates_not_author_equivalence,test_used_in_validation_final_reset_EMA
GiFlow/point_0.6,air36,imputation,giflow_native/reviewed_corrected,native_mean_batch_mae,point,0.6,5,0,,,,,,False,2026-10-10T18:35:47.680797+00:00,configs/experiments/fm_giflow_native_queue.v4.json,Masked overlapping test windows; unweighted mean of batch means; MAPE percent,source_fidelity_observed_updates_not_author_equivalence,validation_only_checkpoint_persistent_EMA
GiFlow/point_0.6,air36,imputation,giflow_native/reviewed_corrected,native_mean_batch_mse,point,0.6,5,0,,,,,,False,2026-10-10T18:35:47.680797+00:00,configs/experiments/fm_giflow_native_queue.v4.json,Masked overlapping test windows; unweighted mean of batch means; MAPE percent,source_fidelity_observed_updates_not_author_equivalence,validation_only_checkpoint_persistent_EMA
GiFlow/point_0.6,air36,imputation,giflow_native/reviewed_corrected,native_mean_batch_mape_percent,point,0.6,5,0,,,,,,False,2026-10-10T18:35:47.680797+00:00,configs/experiments/fm_giflow_native_queue.v4.json,Masked overlapping test windows; unweighted mean of batch means; MAPE percent,source_fidelity_observed_updates_not_author_equivalence,validation_only_checkpoint_persistent_EMA
GiFlow/point_0.6,air36,imputation,giflow_native/reviewed_corrected,sqrt_native_mean_batch_mse,point,0.6,5,0,,,,,,False,2026-10-10T18:35:47.680797+00:00,configs/experiments/fm_giflow_native_queue.v4.json,Masked overlapping test windows; unweighted mean of batch means; MAPE percent,source_fidelity_observed_updates_not_author_equivalence,validation_only_checkpoint_persistent_EMA
GiFlow/threshold_0.02,air36,imputation,giflow_native/released_mirror,native_mean_batch_mae,point,0.2,5,0,,,,,,False,2026-10-10T18:35:47.680797+00:00,configs/experiments/fm_giflow_native_queue.v4.json,Masked overlapping test windows; unweighted mean of batch means; MAPE percent,source_fidelity_observed_updates_not_author_equivalence,test_used_in_validation_final_reset_EMA
GiFlow/threshold_0.02,air36,imputation,giflow_native/released_mirror,native_mean_batch_mse,point,0.2,5,0,,,,,,False,2026-10-10T18:35:47.680797+00:00,configs/experiments/fm_giflow_native_queue.v4.json,Masked overlapping test windows; unweighted mean of batch means; MAPE percent,source_fidelity_observed_updates_not_author_equivalence,test_used_in_validation_final_reset_EMA
GiFlow/threshold_0.02,air36,imputation,giflow_native/released_mirror,native_mean_batch_mape_percent,point,0.2,5,0,,,,,,False,2026-10-10T18:35:47.680797+00:00,configs/experiments/fm_giflow_native_queue.v4.json,Masked overlapping test windows; unweighted mean of batch means; MAPE percent,source_fidelity_observed_updates_not_author_equivalence,test_used_in_validation_final_reset_EMA
GiFlow/threshold_0.02,air36,imputation,giflow_native/released_mirror,sqrt_native_mean_batch_mse,point,0.2,5,0,,,,,,False,2026-10-10T18:35:47.680797+00:00,configs/experiments/fm_giflow_native_queue.v4.json,Masked overlapping test windows; unweighted mean of batch means; MAPE percent,source_fidelity_observed_updates_not_author_equivalence,test_used_in_validation_final_reset_EMA
GiFlow/threshold_0.02,air36,imputation,giflow_native/reviewed_corrected,native_mean_batch_mae,point,0.2,5,0,,,,,,False,2026-10-10T18:35:47.680797+00:00,configs/experiments/fm_giflow_native_queue.v4.json,Masked overlapping test windows; unweighted mean of batch means; MAPE percent,source_fidelity_observed_updates_not_author_equivalence,validation_only_checkpoint_persistent_EMA
GiFlow/threshold_0.02,air36,imputation,giflow_native/reviewed_corrected,native_mean_batch_mse,point,0.2,5,0,,,,,,False,2026-10-10T18:35:47.680797+00:00,configs/experiments/fm_giflow_native_queue.v4.json,Masked overlapping test windows; unweighted mean of batch means; MAPE percent,source_fidelity_observed_updates_not_author_equivalence,validation_only_checkpoint_persistent_EMA
GiFlow/threshold_0.02,air36,imputation,giflow_native/reviewed_corrected,native_mean_batch_mape_percent,point,0.2,5,0,,,,,,False,2026-10-10T18:35:47.680797+00:00,configs/experiments/fm_giflow_native_queue.v4.json,Masked overlapping test windows; unweighted mean of batch means; MAPE percent,source_fidelity_observed_updates_not_author_equivalence,validation_only_checkpoint_persistent_EMA
GiFlow/threshold_0.02,air36,imputation,giflow_native/reviewed_corrected,sqrt_native_mean_batch_mse,point,0.2,5,0,,,,,,False,2026-10-10T18:35:47.680797+00:00,configs/experiments/fm_giflow_native_queue.v4.json,Masked overlapping test windows; unweighted mean of batch means; MAPE percent,source_fidelity_observed_updates_not_author_equivalence,validation_only_checkpoint_persistent_EMA
GiFlow/threshold_0.05,air36,imputation,giflow_native/released_mirror,native_mean_batch_mae,point,0.2,5,0,,,,,,False,2026-10-10T18:35:47.680797+00:00,configs/experiments/fm_giflow_native_queue.v4.json,Masked overlapping test windows; unweighted mean of batch means; MAPE percent,source_fidelity_observed_updates_not_author_equivalence,test_used_in_validation_final_reset_EMA
GiFlow/threshold_0.05,air36,imputation,giflow_native/released_mirror,native_mean_batch_mse,point,0.2,5,0,,,,,,False,2026-10-10T18:35:47.680797+00:00,configs/experiments/fm_giflow_native_queue.v4.json,Masked overlapping test windows; unweighted mean of batch means; MAPE percent,source_fidelity_observed_updates_not_author_equivalence,test_used_in_validation_final_reset_EMA
GiFlow/threshold_0.05,air36,imputation,giflow_native/released_mirror,native_mean_batch_mape_percent,point,0.2,5,0,,,,,,False,2026-10-10T18:35:47.680797+00:00,configs/experiments/fm_giflow_native_queue.v4.json,Masked overlapping test windows; unweighted mean of batch means; MAPE percent,source_fidelity_observed_updates_not_author_equivalence,test_used_in_validation_final_reset_EMA
GiFlow/threshold_0.05,air36,imputation,giflow_native/released_mirror,sqrt_native_mean_batch_mse,point,0.2,5,0,,,,,,False,2026-10-10T18:35:47.680797+00:00,configs/experiments/fm_giflow_native_queue.v4.json,Masked overlapping test windows; unweighted mean of batch means; MAPE percent,source_fidelity_observed_updates_not_author_equivalence,test_used_in_validation_final_reset_EMA
GiFlow/threshold_0.05,air36,imputation,giflow_native/reviewed_corrected,native_mean_batch_mae,point,0.2,5,0,,,,,,False,2026-10-10T18:35:47.680797+00:00,configs/experiments/fm_giflow_native_queue.v4.json,Masked overlapping test windows; unweighted mean of batch means; MAPE percent,source_fidelity_observed_updates_not_author_equivalence,validation_only_checkpoint_persistent_EMA
GiFlow/threshold_0.05,air36,imputation,giflow_native/reviewed_corrected,native_mean_batch_mse,point,0.2,5,0,,,,,,False,2026-10-10T18:35:47.680797+00:00,configs/experiments/fm_giflow_native_queue.v4.json,Masked overlapping test windows; unweighted mean of batch means; MAPE percent,source_fidelity_observed_updates_not_author_equivalence,validation_only_checkpoint_persistent_EMA
GiFlow/threshold_0.05,air36,imputation,giflow_native/reviewed_corrected,native_mean_batch_mape_percent,point,0.2,5,0,,,,,,False,2026-10-10T18:35:47.680797+00:00,configs/experiments/fm_giflow_native_queue.v4.json,Masked overlapping test windows; unweighted mean of batch means; MAPE percent,source_fidelity_observed_updates_not_author_equivalence,validation_only_checkpoint_persistent_EMA
GiFlow/threshold_0.05,air36,imputation,giflow_native/reviewed_corrected,sqrt_native_mean_batch_mse,point,0.2,5,0,,,,,,False,2026-10-10T18:35:47.680797+00:00,configs/experiments/fm_giflow_native_queue.v4.json,Masked overlapping test windows; unweighted mean of batch means; MAPE percent,source_fidelity_observed_updates_not_author_equivalence,validation_only_checkpoint_persistent_EMA
GiFlow/threshold_0.2,air36,imputation,giflow_native/released_mirror,native_mean_batch_mae,point,0.2,5,0,,,,,,False,2026-10-10T18:35:47.680797+00:00,configs/experiments/fm_giflow_native_queue.v4.json,Masked overlapping test windows; unweighted mean of batch means; MAPE percent,source_fidelity_observed_updates_not_author_equivalence,test_used_in_validation_final_reset_EMA
GiFlow/threshold_0.2,air36,imputation,giflow_native/released_mirror,native_mean_batch_mse,point,0.2,5,0,,,,,,False,2026-10-10T18:35:47.680797+00:00,configs/experiments/fm_giflow_native_queue.v4.json,Masked overlapping test windows; unweighted mean of batch means; MAPE percent,source_fidelity_observed_updates_not_author_equivalence,test_used_in_validation_final_reset_EMA
GiFlow/threshold_0.2,air36,imputation,giflow_native/released_mirror,native_mean_batch_mape_percent,point,0.2,5,0,,,,,,False,2026-10-10T18:35:47.680797+00:00,configs/experiments/fm_giflow_native_queue.v4.json,Masked overlapping test windows; unweighted mean of batch means; MAPE percent,source_fidelity_observed_updates_not_author_equivalence,test_used_in_validation_final_reset_EMA
GiFlow/threshold_0.2,air36,imputation,giflow_native/released_mirror,sqrt_native_mean_batch_mse,point,0.2,5,0,,,,,,False,2026-10-10T18:35:47.680797+00:00,configs/experiments/fm_giflow_native_queue.v4.json,Masked overlapping test windows; unweighted mean of batch means; MAPE percent,source_fidelity_observed_updates_not_author_equivalence,test_used_in_validation_final_reset_EMA
GiFlow/threshold_0.2,air36,imputation,giflow_native/reviewed_corrected,native_mean_batch_mae,point,0.2,5,0,,,,,,False,2026-10-10T18:35:47.680797+00:00,configs/experiments/fm_giflow_native_queue.v4.json,Masked overlapping test windows; unweighted mean of batch means; MAPE percent,source_fidelity_observed_updates_not_author_equivalence,validation_only_checkpoint_persistent_EMA
GiFlow/threshold_0.2,air36,imputation,giflow_native/reviewed_corrected,native_mean_batch_mse,point,0.2,5,0,,,,,,False,2026-10-10T18:35:47.680797+00:00,configs/experiments/fm_giflow_native_queue.v4.json,Masked overlapping test windows; unweighted mean of batch means; MAPE percent,source_fidelity_observed_updates_not_author_equivalence,validation_only_checkpoint_persistent_EMA
GiFlow/threshold_0.2,air36,imputation,giflow_native/reviewed_corrected,native_mean_batch_mape_percent,point,0.2,5,0,,,,,,False,2026-10-10T18:35:47.680797+00:00,configs/experiments/fm_giflow_native_queue.v4.json,Masked overlapping test windows; unweighted mean of batch means; MAPE percent,source_fidelity_observed_updates_not_author_equivalence,validation_only_checkpoint_persistent_EMA
GiFlow/threshold_0.2,air36,imputation,giflow_native/reviewed_corrected,sqrt_native_mean_batch_mse,point,0.2,5,0,,,,,,False,2026-10-10T18:35:47.680797+00:00,configs/experiments/fm_giflow_native_queue.v4.json,Masked overlapping test windows; unweighted mean of batch means; MAPE percent,source_fidelity_observed_updates_not_author_equivalence,validation_only_checkpoint_persistent_EMA
GiFlow/threshold_0.4,air36,imputation,giflow_native/released_mirror,native_mean_batch_mae,point,0.2,5,0,,,,,,False,2026-10-10T18:35:47.680797+00:00,configs/experiments/fm_giflow_native_queue.v4.json,Masked overlapping test windows; unweighted mean of batch means; MAPE percent,source_fidelity_observed_updates_not_author_equivalence,test_used_in_validation_final_reset_EMA
GiFlow/threshold_0.4,air36,imputation,giflow_native/released_mirror,native_mean_batch_mse,point,0.2,5,0,,,,,,False,2026-10-10T18:35:47.680797+00:00,configs/experiments/fm_giflow_native_queue.v4.json,Masked overlapping test windows; unweighted mean of batch means; MAPE percent,source_fidelity_observed_updates_not_author_equivalence,test_used_in_validation_final_reset_EMA
GiFlow/threshold_0.4,air36,imputation,giflow_native/released_mirror,native_mean_batch_mape_percent,point,0.2,5,0,,,,,,False,2026-10-10T18:35:47.680797+00:00,configs/experiments/fm_giflow_native_queue.v4.json,Masked overlapping test windows; unweighted mean of batch means; MAPE percent,source_fidelity_observed_updates_not_author_equivalence,test_used_in_validation_final_reset_EMA
GiFlow/threshold_0.4,air36,imputation,giflow_native/released_mirror,sqrt_native_mean_batch_mse,point,0.2,5,0,,,,,,False,2026-10-10T18:35:47.680797+00:00,configs/experiments/fm_giflow_native_queue.v4.json,Masked overlapping test windows; unweighted mean of batch means; MAPE percent,source_fidelity_observed_updates_not_author_equivalence,test_used_in_validation_final_reset_EMA
GiFlow/threshold_0.4,air36,imputation,giflow_native/reviewed_corrected,native_mean_batch_mae,point,0.2,5,0,,,,,,False,2026-10-10T18:35:47.680797+00:00,configs/experiments/fm_giflow_native_queue.v4.json,Masked overlapping test windows; unweighted mean of batch means; MAPE percent,source_fidelity_observed_updates_not_author_equivalence,validation_only_checkpoint_persistent_EMA
GiFlow/threshold_0.4,air36,imputation,giflow_native/reviewed_corrected,native_mean_batch_mse,point,0.2,5,0,,,,,,False,2026-10-10T18:35:47.680797+00:00,configs/experiments/fm_giflow_native_queue.v4.json,Masked overlapping test windows; unweighted mean of batch means; MAPE percent,source_fidelity_observed_updates_not_author_equivalence,validation_only_checkpoint_persistent_EMA
GiFlow/threshold_0.4,air36,imputation,giflow_native/reviewed_corrected,native_mean_batch_mape_percent,point,0.2,5,0,,,,,,False,2026-10-10T18:35:47.680797+00:00,configs/experiments/fm_giflow_native_queue.v4.json,Masked overlapping test windows; unweighted mean of batch means; MAPE percent,source_fidelity_observed_updates_not_author_equivalence,validation_only_checkpoint_persistent_EMA
GiFlow/threshold_0.4,air36,imputation,giflow_native/reviewed_corrected,sqrt_native_mean_batch_mse,point,0.2,5,0,,,,,,False,2026-10-10T18:35:47.680797+00:00,configs/experiments/fm_giflow_native_queue.v4.json,Masked overlapping test windows; unweighted mean of batch means; MAPE percent,source_fidelity_observed_updates_not_author_equivalence,validation_only_checkpoint_persistent_EMA
GiFlow/threshold_0.6,air36,imputation,giflow_native/released_mirror,native_mean_batch_mae,point,0.2,5,0,,,,,,False,2026-10-10T18:35:47.680797+00:00,configs/experiments/fm_giflow_native_queue.v4.json,Masked overlapping test windows; unweighted mean of batch means; MAPE percent,source_fidelity_observed_updates_not_author_equivalence,test_used_in_validation_final_reset_EMA
GiFlow/threshold_0.6,air36,imputation,giflow_native/released_mirror,native_mean_batch_mse,point,0.2,5,0,,,,,,False,2026-10-10T18:35:47.680797+00:00,configs/experiments/fm_giflow_native_queue.v4.json,Masked overlapping test windows; unweighted mean of batch means; MAPE percent,source_fidelity_observed_updates_not_author_equivalence,test_used_in_validation_final_reset_EMA
GiFlow/threshold_0.6,air36,imputation,giflow_native/released_mirror,native_mean_batch_mape_percent,point,0.2,5,0,,,,,,False,2026-10-10T18:35:47.680797+00:00,configs/experiments/fm_giflow_native_queue.v4.json,Masked overlapping test windows; unweighted mean of batch means; MAPE percent,source_fidelity_observed_updates_not_author_equivalence,test_used_in_validation_final_reset_EMA
GiFlow/threshold_0.6,air36,imputation,giflow_native/released_mirror,sqrt_native_mean_batch_mse,point,0.2,5,0,,,,,,False,2026-10-10T18:35:47.680797+00:00,configs/experiments/fm_giflow_native_queue.v4.json,Masked overlapping test windows; unweighted mean of batch means; MAPE percent,source_fidelity_observed_updates_not_author_equivalence,test_used_in_validation_final_reset_EMA
GiFlow/threshold_0.6,air36,imputation,giflow_native/reviewed_corrected,native_mean_batch_mae,point,0.2,5,0,,,,,,False,2026-10-10T18:35:47.680797+00:00,configs/experiments/fm_giflow_native_queue.v4.json,Masked overlapping test windows; unweighted mean of batch means; MAPE percent,source_fidelity_observed_updates_not_author_equivalence,validation_only_checkpoint_persistent_EMA
GiFlow/threshold_0.6,air36,imputation,giflow_native/reviewed_corrected,native_mean_batch_mse,point,0.2,5,0,,,,,,False,2026-10-10T18:35:47.680797+00:00,configs/experiments/fm_giflow_native_queue.v4.json,Masked overlapping test windows; unweighted mean of batch means; MAPE percent,source_fidelity_observed_updates_not_author_equivalence,validation_only_checkpoint_persistent_EMA
GiFlow/threshold_0.6,air36,imputation,giflow_native/reviewed_corrected,native_mean_batch_mape_percent,point,0.2,5,0,,,,,,False,2026-10-10T18:35:47.680797+00:00,configs/experiments/fm_giflow_native_queue.v4.json,Masked overlapping test windows; unweighted mean of batch means; MAPE percent,source_fidelity_observed_updates_not_author_equivalence,validation_only_checkpoint_persistent_EMA
GiFlow/threshold_0.6,air36,imputation,giflow_native/reviewed_corrected,sqrt_native_mean_batch_mse,point,0.2,5,0,,,,,,False,2026-10-10T18:35:47.680797+00:00,configs/experiments/fm_giflow_native_queue.v4.json,Masked overlapping test windows; unweighted mean of batch means; MAPE percent,source_fidelity_observed_updates_not_author_equivalence,validation_only_checkpoint_persistent_EMA
