algorithm,task,id,dataset,track,recipe,seed,missing_ratio,pattern,status,canonical_queue,observed_attempt_queue,original_output_directory,output_directory,original_attempt_preserved,observed_attempt_exists,live_worker,metrics,result_sha256,completed_epochs,optimizer_updates,total_native_seconds,parameters,peak_cuda_allocated_bytes,paper_equivalence,independently_replayed,legacy_attempt_boundary
GiFlow/main,imputation,giflow_native__released_mirror__air36__main__seed393,air36,released_mirror,main,393,0.2,point,partial_or_failed_preserved,configs/experiments/fm_giflow_native_queue.v3.json,configs/experiments/fm_giflow_native_queue.v4.json,experiments/runs/fm_giflow_native_v1/jobs/giflow_native__released_mirror__air36__main__seed393,experiments/runs/fm_giflow_native_v4/jobs/giflow_native__released_mirror__air36__main__seed393,True,False,,,,,,,,,False,False,Lost ephemeral update counters are not manufactured; old artifacts preserved.
GiFlow/main,imputation,giflow_native__reviewed_corrected__air36__main__seed393,air36,reviewed_corrected,main,393,0.2,point,partial_or_failed_preserved,configs/experiments/fm_giflow_native_queue.v3.json,configs/experiments/fm_giflow_native_queue.v4.json,experiments/runs/fm_giflow_native_v1/jobs/giflow_native__reviewed_corrected__air36__main__seed393,experiments/runs/fm_giflow_native_v4/jobs/giflow_native__reviewed_corrected__air36__main__seed393,True,False,,,,,,,,,False,False,Lost ephemeral update counters are not manufactured; old artifacts preserved.
GiFlow/main,imputation,giflow_native__released_mirror__air36__main__seed394,air36,released_mirror,main,394,0.2,point,running,configs/experiments/fm_giflow_native_queue.v3.json,configs/experiments/fm_giflow_native_queue.v4.json,experiments/runs/fm_giflow_native_v1/jobs/giflow_native__released_mirror__air36__main__seed394,experiments/runs/fm_giflow_native_v4/jobs/giflow_native__released_mirror__air36__main__seed394,True,False,"{""command"": [""D:\\aicoding\\IIA_benchmark\\tmp\\python\\cpython-3.10-windows-x86_64-none\\python.exe"", ""-u"", ""-m"", ""scripts.flow_matching.run_giflow_native_job"", ""--queue"", ""D:\\aicoding\\IIA_benchmark\\configs\\experiments\\fm_giflow_native_queue.v3.json"", ""--job-id"", ""giflow_native__released_mirror__air36__main__seed394""], ""create_time"": 1791655257.154864, ""pid"": 34180}",,,,,,,,False,False,Lost ephemeral update counters are not manufactured; old artifacts preserved.
GiFlow/main,imputation,giflow_native__reviewed_corrected__air36__main__seed394,air36,reviewed_corrected,main,394,0.2,point,pending,configs/experiments/fm_giflow_native_queue.v3.json,configs/experiments/fm_giflow_native_queue.v4.json,experiments/runs/fm_giflow_native_v1/jobs/giflow_native__reviewed_corrected__air36__main__seed394,experiments/runs/fm_giflow_native_v4/jobs/giflow_native__reviewed_corrected__air36__main__seed394,False,False,,,,,,,,,False,False,Lost ephemeral update counters are not manufactured; old artifacts preserved.
GiFlow/main,imputation,giflow_native__released_mirror__air36__main__seed395,air36,released_mirror,main,395,0.2,point,pending,configs/experiments/fm_giflow_native_queue.v3.json,configs/experiments/fm_giflow_native_queue.v4.json,experiments/runs/fm_giflow_native_v1/jobs/giflow_native__released_mirror__air36__main__seed395,experiments/runs/fm_giflow_native_v4/jobs/giflow_native__released_mirror__air36__main__seed395,False,False,,,,,,,,,False,False,Lost ephemeral update counters are not manufactured; old artifacts preserved.
GiFlow/main,imputation,giflow_native__reviewed_corrected__air36__main__seed395,air36,reviewed_corrected,main,395,0.2,point,pending,configs/experiments/fm_giflow_native_queue.v3.json,configs/experiments/fm_giflow_native_queue.v4.json,experiments/runs/fm_giflow_native_v1/jobs/giflow_native__reviewed_corrected__air36__main__seed395,experiments/runs/fm_giflow_native_v4/jobs/giflow_native__reviewed_corrected__air36__main__seed395,False,False,,,,,,,,,False,False,Lost ephemeral update counters are not manufactured; old artifacts preserved.
GiFlow/main,imputation,giflow_native__released_mirror__air36__main__seed396,air36,released_mirror,main,396,0.2,point,pending,configs/experiments/fm_giflow_native_queue.v3.json,configs/experiments/fm_giflow_native_queue.v4.json,experiments/runs/fm_giflow_native_v1/jobs/giflow_native__released_mirror__air36__main__seed396,experiments/runs/fm_giflow_native_v4/jobs/giflow_native__released_mirror__air36__main__seed396,False,False,,,,,,,,,False,False,Lost ephemeral update counters are not manufactured; old artifacts preserved.
GiFlow/main,imputation,giflow_native__reviewed_corrected__air36__main__seed396,air36,reviewed_corrected,main,396,0.2,point,pending,configs/experiments/fm_giflow_native_queue.v3.json,configs/experiments/fm_giflow_native_queue.v4.json,experiments/runs/fm_giflow_native_v1/jobs/giflow_native__reviewed_corrected__air36__main__seed396,experiments/runs/fm_giflow_native_v4/jobs/giflow_native__reviewed_corrected__air36__main__seed396,False,False,,,,,,,,,False,False,Lost ephemeral update counters are not manufactured; old artifacts preserved.
GiFlow/main,imputation,giflow_native__released_mirror__air36__main__seed397,air36,released_mirror,main,397,0.2,point,pending,configs/experiments/fm_giflow_native_queue.v3.json,configs/experiments/fm_giflow_native_queue.v4.json,experiments/runs/fm_giflow_native_v1/jobs/giflow_native__released_mirror__air36__main__seed397,experiments/runs/fm_giflow_native_v4/jobs/giflow_native__released_mirror__air36__main__seed397,False,False,,,,,,,,,False,False,Lost ephemeral update counters are not manufactured; old artifacts preserved.
GiFlow/main,imputation,giflow_native__reviewed_corrected__air36__main__seed397,air36,reviewed_corrected,main,397,0.2,point,pending,configs/experiments/fm_giflow_native_queue.v3.json,configs/experiments/fm_giflow_native_queue.v4.json,experiments/runs/fm_giflow_native_v1/jobs/giflow_native__reviewed_corrected__air36__main__seed397,experiments/runs/fm_giflow_native_v4/jobs/giflow_native__reviewed_corrected__air36__main__seed397,False,False,,,,,,,,,False,False,Lost ephemeral update counters are not manufactured; old artifacts preserved.
GiFlow/main,imputation,giflow_native__released_mirror__aqi__main__seed393,aqi,released_mirror,main,393,0.2,point,pending,configs/experiments/fm_giflow_native_queue.v3.json,configs/experiments/fm_giflow_native_queue.v4.json,experiments/runs/fm_giflow_native_v1/jobs/giflow_native__released_mirror__aqi__main__seed393,experiments/runs/fm_giflow_native_v4/jobs/giflow_native__released_mirror__aqi__main__seed393,False,False,,,,,,,,,False,False,Lost ephemeral update counters are not manufactured; old artifacts preserved.
GiFlow/main,imputation,giflow_native__reviewed_corrected__aqi__main__seed393,aqi,reviewed_corrected,main,393,0.2,point,pending,configs/experiments/fm_giflow_native_queue.v3.json,configs/experiments/fm_giflow_native_queue.v4.json,experiments/runs/fm_giflow_native_v1/jobs/giflow_native__reviewed_corrected__aqi__main__seed393,experiments/runs/fm_giflow_native_v4/jobs/giflow_native__reviewed_corrected__aqi__main__seed393,False,False,,,,,,,,,False,False,Lost ephemeral update counters are not manufactured; old artifacts preserved.
GiFlow/main,imputation,giflow_native__released_mirror__aqi__main__seed394,aqi,released_mirror,main,394,0.2,point,pending,configs/experiments/fm_giflow_native_queue.v3.json,configs/experiments/fm_giflow_native_queue.v4.json,experiments/runs/fm_giflow_native_v1/jobs/giflow_native__released_mirror__aqi__main__seed394,experiments/runs/fm_giflow_native_v4/jobs/giflow_native__released_mirror__aqi__main__seed394,False,False,,,,,,,,,False,False,Lost ephemeral update counters are not manufactured; old artifacts preserved.
GiFlow/main,imputation,giflow_native__reviewed_corrected__aqi__main__seed394,aqi,reviewed_corrected,main,394,0.2,point,pending,configs/experiments/fm_giflow_native_queue.v3.json,configs/experiments/fm_giflow_native_queue.v4.json,experiments/runs/fm_giflow_native_v1/jobs/giflow_native__reviewed_corrected__aqi__main__seed394,experiments/runs/fm_giflow_native_v4/jobs/giflow_native__reviewed_corrected__aqi__main__seed394,False,False,,,,,,,,,False,False,Lost ephemeral update counters are not manufactured; old artifacts preserved.
GiFlow/main,imputation,giflow_native__released_mirror__aqi__main__seed395,aqi,released_mirror,main,395,0.2,point,pending,configs/experiments/fm_giflow_native_queue.v3.json,configs/experiments/fm_giflow_native_queue.v4.json,experiments/runs/fm_giflow_native_v1/jobs/giflow_native__released_mirror__aqi__main__seed395,experiments/runs/fm_giflow_native_v4/jobs/giflow_native__released_mirror__aqi__main__seed395,False,False,,,,,,,,,False,False,Lost ephemeral update counters are not manufactured; old artifacts preserved.
GiFlow/main,imputation,giflow_native__reviewed_corrected__aqi__main__seed395,aqi,reviewed_corrected,main,395,0.2,point,pending,configs/experiments/fm_giflow_native_queue.v3.json,configs/experiments/fm_giflow_native_queue.v4.json,experiments/runs/fm_giflow_native_v1/jobs/giflow_native__reviewed_corrected__aqi__main__seed395,experiments/runs/fm_giflow_native_v4/jobs/giflow_native__reviewed_corrected__aqi__main__seed395,False,False,,,,,,,,,False,False,Lost ephemeral update counters are not manufactured; old artifacts preserved.
GiFlow/main,imputation,giflow_native__released_mirror__aqi__main__seed396,aqi,released_mirror,main,396,0.2,point,pending,configs/experiments/fm_giflow_native_queue.v3.json,configs/experiments/fm_giflow_native_queue.v4.json,experiments/runs/fm_giflow_native_v1/jobs/giflow_native__released_mirror__aqi__main__seed396,experiments/runs/fm_giflow_native_v4/jobs/giflow_native__released_mirror__aqi__main__seed396,False,False,,,,,,,,,False,False,Lost ephemeral update counters are not manufactured; old artifacts preserved.
GiFlow/main,imputation,giflow_native__reviewed_corrected__aqi__main__seed396,aqi,reviewed_corrected,main,396,0.2,point,pending,configs/experiments/fm_giflow_native_queue.v3.json,configs/experiments/fm_giflow_native_queue.v4.json,experiments/runs/fm_giflow_native_v1/jobs/giflow_native__reviewed_corrected__aqi__main__seed396,experiments/runs/fm_giflow_native_v4/jobs/giflow_native__reviewed_corrected__aqi__main__seed396,False,False,,,,,,,,,False,False,Lost ephemeral update counters are not manufactured; old artifacts preserved.
GiFlow/main,imputation,giflow_native__released_mirror__aqi__main__seed397,aqi,released_mirror,main,397,0.2,point,pending,configs/experiments/fm_giflow_native_queue.v3.json,configs/experiments/fm_giflow_native_queue.v4.json,experiments/runs/fm_giflow_native_v1/jobs/giflow_native__released_mirror__aqi__main__seed397,experiments/runs/fm_giflow_native_v4/jobs/giflow_native__released_mirror__aqi__main__seed397,False,False,,,,,,,,,False,False,Lost ephemeral update counters are not manufactured; old artifacts preserved.
GiFlow/main,imputation,giflow_native__reviewed_corrected__aqi__main__seed397,aqi,reviewed_corrected,main,397,0.2,point,pending,configs/experiments/fm_giflow_native_queue.v3.json,configs/experiments/fm_giflow_native_queue.v4.json,experiments/runs/fm_giflow_native_v1/jobs/giflow_native__reviewed_corrected__aqi__main__seed397,experiments/runs/fm_giflow_native_v4/jobs/giflow_native__reviewed_corrected__aqi__main__seed397,False,False,,,,,,,,,False,False,Lost ephemeral update counters are not manufactured; old artifacts preserved.
GiFlow/prior_graph,imputation,giflow_native__released_mirror__air36__prior_graph__seed393,air36,released_mirror,prior_graph,393,0.2,point,pending,configs/experiments/fm_giflow_native_queue.v3.json,configs/experiments/fm_giflow_native_queue.v4.json,experiments/runs/fm_giflow_native_v1/jobs/giflow_native__released_mirror__air36__prior_graph__seed393,experiments/runs/fm_giflow_native_v4/jobs/giflow_native__released_mirror__air36__prior_graph__seed393,False,False,,,,,,,,,False,False,Lost ephemeral update counters are not manufactured; old artifacts preserved.
GiFlow/prior_graph,imputation,giflow_native__reviewed_corrected__air36__prior_graph__seed393,air36,reviewed_corrected,prior_graph,393,0.2,point,pending,configs/experiments/fm_giflow_native_queue.v3.json,configs/experiments/fm_giflow_native_queue.v4.json,experiments/runs/fm_giflow_native_v1/jobs/giflow_native__reviewed_corrected__air36__prior_graph__seed393,experiments/runs/fm_giflow_native_v4/jobs/giflow_native__reviewed_corrected__air36__prior_graph__seed393,False,False,,,,,,,,,False,False,Lost ephemeral update counters are not manufactured; old artifacts preserved.
GiFlow/prior_graph,imputation,giflow_native__released_mirror__air36__prior_graph__seed394,air36,released_mirror,prior_graph,394,0.2,point,pending,configs/experiments/fm_giflow_native_queue.v3.json,configs/experiments/fm_giflow_native_queue.v4.json,experiments/runs/fm_giflow_native_v1/jobs/giflow_native__released_mirror__air36__prior_graph__seed394,experiments/runs/fm_giflow_native_v4/jobs/giflow_native__released_mirror__air36__prior_graph__seed394,False,False,,,,,,,,,False,False,Lost ephemeral update counters are not manufactured; old artifacts preserved.
GiFlow/prior_graph,imputation,giflow_native__reviewed_corrected__air36__prior_graph__seed394,air36,reviewed_corrected,prior_graph,394,0.2,point,pending,configs/experiments/fm_giflow_native_queue.v3.json,configs/experiments/fm_giflow_native_queue.v4.json,experiments/runs/fm_giflow_native_v1/jobs/giflow_native__reviewed_corrected__air36__prior_graph__seed394,experiments/runs/fm_giflow_native_v4/jobs/giflow_native__reviewed_corrected__air36__prior_graph__seed394,False,False,,,,,,,,,False,False,Lost ephemeral update counters are not manufactured; old artifacts preserved.
GiFlow/prior_graph,imputation,giflow_native__released_mirror__air36__prior_graph__seed395,air36,released_mirror,prior_graph,395,0.2,point,pending,configs/experiments/fm_giflow_native_queue.v3.json,configs/experiments/fm_giflow_native_queue.v4.json,experiments/runs/fm_giflow_native_v1/jobs/giflow_native__released_mirror__air36__prior_graph__seed395,experiments/runs/fm_giflow_native_v4/jobs/giflow_native__released_mirror__air36__prior_graph__seed395,False,False,,,,,,,,,False,False,Lost ephemeral update counters are not manufactured; old artifacts preserved.
GiFlow/prior_graph,imputation,giflow_native__reviewed_corrected__air36__prior_graph__seed395,air36,reviewed_corrected,prior_graph,395,0.2,point,pending,configs/experiments/fm_giflow_native_queue.v3.json,configs/experiments/fm_giflow_native_queue.v4.json,experiments/runs/fm_giflow_native_v1/jobs/giflow_native__reviewed_corrected__air36__prior_graph__seed395,experiments/runs/fm_giflow_native_v4/jobs/giflow_native__reviewed_corrected__air36__prior_graph__seed395,False,False,,,,,,,,,False,False,Lost ephemeral update counters are not manufactured; old artifacts preserved.
GiFlow/prior_graph,imputation,giflow_native__released_mirror__air36__prior_graph__seed396,air36,released_mirror,prior_graph,396,0.2,point,pending,configs/experiments/fm_giflow_native_queue.v3.json,configs/experiments/fm_giflow_native_queue.v4.json,experiments/runs/fm_giflow_native_v1/jobs/giflow_native__released_mirror__air36__prior_graph__seed396,experiments/runs/fm_giflow_native_v4/jobs/giflow_native__released_mirror__air36__prior_graph__seed396,False,False,,,,,,,,,False,False,Lost ephemeral update counters are not manufactured; old artifacts preserved.
GiFlow/prior_graph,imputation,giflow_native__reviewed_corrected__air36__prior_graph__seed396,air36,reviewed_corrected,prior_graph,396,0.2,point,pending,configs/experiments/fm_giflow_native_queue.v3.json,configs/experiments/fm_giflow_native_queue.v4.json,experiments/runs/fm_giflow_native_v1/jobs/giflow_native__reviewed_corrected__air36__prior_graph__seed396,experiments/runs/fm_giflow_native_v4/jobs/giflow_native__reviewed_corrected__air36__prior_graph__seed396,False,False,,,,,,,,,False,False,Lost ephemeral update counters are not manufactured; old artifacts preserved.
GiFlow/prior_graph,imputation,giflow_native__released_mirror__air36__prior_graph__seed397,air36,released_mirror,prior_graph,397,0.2,point,pending,configs/experiments/fm_giflow_native_queue.v3.json,configs/experiments/fm_giflow_native_queue.v4.json,experiments/runs/fm_giflow_native_v1/jobs/giflow_native__released_mirror__air36__prior_graph__seed397,experiments/runs/fm_giflow_native_v4/jobs/giflow_native__released_mirror__air36__prior_graph__seed397,False,False,,,,,,,,,False,False,Lost ephemeral update counters are not manufactured; old artifacts preserved.
GiFlow/prior_graph,imputation,giflow_native__reviewed_corrected__air36__prior_graph__seed397,air36,reviewed_corrected,prior_graph,397,0.2,point,pending,configs/experiments/fm_giflow_native_queue.v3.json,configs/experiments/fm_giflow_native_queue.v4.json,experiments/runs/fm_giflow_native_v1/jobs/giflow_native__reviewed_corrected__air36__prior_graph__seed397,experiments/runs/fm_giflow_native_v4/jobs/giflow_native__reviewed_corrected__air36__prior_graph__seed397,False,False,,,,,,,,,False,False,Lost ephemeral update counters are not manufactured; old artifacts preserved.
GiFlow/prior_time,imputation,giflow_native__released_mirror__air36__prior_time__seed393,air36,released_mirror,prior_time,393,0.2,point,pending,configs/experiments/fm_giflow_native_queue.v3.json,configs/experiments/fm_giflow_native_queue.v4.json,experiments/runs/fm_giflow_native_v1/jobs/giflow_native__released_mirror__air36__prior_time__seed393,experiments/runs/fm_giflow_native_v4/jobs/giflow_native__released_mirror__air36__prior_time__seed393,False,False,,,,,,,,,False,False,Lost ephemeral update counters are not manufactured; old artifacts preserved.
GiFlow/prior_time,imputation,giflow_native__reviewed_corrected__air36__prior_time__seed393,air36,reviewed_corrected,prior_time,393,0.2,point,pending,configs/experiments/fm_giflow_native_queue.v3.json,configs/experiments/fm_giflow_native_queue.v4.json,experiments/runs/fm_giflow_native_v1/jobs/giflow_native__reviewed_corrected__air36__prior_time__seed393,experiments/runs/fm_giflow_native_v4/jobs/giflow_native__reviewed_corrected__air36__prior_time__seed393,False,False,,,,,,,,,False,False,Lost ephemeral update counters are not manufactured; old artifacts preserved.
GiFlow/prior_time,imputation,giflow_native__released_mirror__air36__prior_time__seed394,air36,released_mirror,prior_time,394,0.2,point,pending,configs/experiments/fm_giflow_native_queue.v3.json,configs/experiments/fm_giflow_native_queue.v4.json,experiments/runs/fm_giflow_native_v1/jobs/giflow_native__released_mirror__air36__prior_time__seed394,experiments/runs/fm_giflow_native_v4/jobs/giflow_native__released_mirror__air36__prior_time__seed394,False,False,,,,,,,,,False,False,Lost ephemeral update counters are not manufactured; old artifacts preserved.
GiFlow/prior_time,imputation,giflow_native__reviewed_corrected__air36__prior_time__seed394,air36,reviewed_corrected,prior_time,394,0.2,point,pending,configs/experiments/fm_giflow_native_queue.v3.json,configs/experiments/fm_giflow_native_queue.v4.json,experiments/runs/fm_giflow_native_v1/jobs/giflow_native__reviewed_corrected__air36__prior_time__seed394,experiments/runs/fm_giflow_native_v4/jobs/giflow_native__reviewed_corrected__air36__prior_time__seed394,False,False,,,,,,,,,False,False,Lost ephemeral update counters are not manufactured; old artifacts preserved.
GiFlow/prior_time,imputation,giflow_native__released_mirror__air36__prior_time__seed395,air36,released_mirror,prior_time,395,0.2,point,pending,configs/experiments/fm_giflow_native_queue.v3.json,configs/experiments/fm_giflow_native_queue.v4.json,experiments/runs/fm_giflow_native_v1/jobs/giflow_native__released_mirror__air36__prior_time__seed395,experiments/runs/fm_giflow_native_v4/jobs/giflow_native__released_mirror__air36__prior_time__seed395,False,False,,,,,,,,,False,False,Lost ephemeral update counters are not manufactured; old artifacts preserved.
GiFlow/prior_time,imputation,giflow_native__reviewed_corrected__air36__prior_time__seed395,air36,reviewed_corrected,prior_time,395,0.2,point,pending,configs/experiments/fm_giflow_native_queue.v3.json,configs/experiments/fm_giflow_native_queue.v4.json,experiments/runs/fm_giflow_native_v1/jobs/giflow_native__reviewed_corrected__air36__prior_time__seed395,experiments/runs/fm_giflow_native_v4/jobs/giflow_native__reviewed_corrected__air36__prior_time__seed395,False,False,,,,,,,,,False,False,Lost ephemeral update counters are not manufactured; old artifacts preserved.
GiFlow/prior_time,imputation,giflow_native__released_mirror__air36__prior_time__seed396,air36,released_mirror,prior_time,396,0.2,point,pending,configs/experiments/fm_giflow_native_queue.v3.json,configs/experiments/fm_giflow_native_queue.v4.json,experiments/runs/fm_giflow_native_v1/jobs/giflow_native__released_mirror__air36__prior_time__seed396,experiments/runs/fm_giflow_native_v4/jobs/giflow_native__released_mirror__air36__prior_time__seed396,False,False,,,,,,,,,False,False,Lost ephemeral update counters are not manufactured; old artifacts preserved.
GiFlow/prior_time,imputation,giflow_native__reviewed_corrected__air36__prior_time__seed396,air36,reviewed_corrected,prior_time,396,0.2,point,pending,configs/experiments/fm_giflow_native_queue.v3.json,configs/experiments/fm_giflow_native_queue.v4.json,experiments/runs/fm_giflow_native_v1/jobs/giflow_native__reviewed_corrected__air36__prior_time__seed396,experiments/runs/fm_giflow_native_v4/jobs/giflow_native__reviewed_corrected__air36__prior_time__seed396,False,False,,,,,,,,,False,False,Lost ephemeral update counters are not manufactured; old artifacts preserved.
GiFlow/prior_time,imputation,giflow_native__released_mirror__air36__prior_time__seed397,air36,released_mirror,prior_time,397,0.2,point,pending,configs/experiments/fm_giflow_native_queue.v3.json,configs/experiments/fm_giflow_native_queue.v4.json,experiments/runs/fm_giflow_native_v1/jobs/giflow_native__released_mirror__air36__prior_time__seed397,experiments/runs/fm_giflow_native_v4/jobs/giflow_native__released_mirror__air36__prior_time__seed397,False,False,,,,,,,,,False,False,Lost ephemeral update counters are not manufactured; old artifacts preserved.
GiFlow/prior_time,imputation,giflow_native__reviewed_corrected__air36__prior_time__seed397,air36,reviewed_corrected,prior_time,397,0.2,point,pending,configs/experiments/fm_giflow_native_queue.v3.json,configs/experiments/fm_giflow_native_queue.v4.json,experiments/runs/fm_giflow_native_v1/jobs/giflow_native__reviewed_corrected__air36__prior_time__seed397,experiments/runs/fm_giflow_native_v4/jobs/giflow_native__reviewed_corrected__air36__prior_time__seed397,False,False,,,,,,,,,False,False,Lost ephemeral update counters are not manufactured; old artifacts preserved.
GiFlow/prior_none,imputation,giflow_native__released_mirror__air36__prior_none__seed393,air36,released_mirror,prior_none,393,0.2,point,pending,configs/experiments/fm_giflow_native_queue.v3.json,configs/experiments/fm_giflow_native_queue.v4.json,experiments/runs/fm_giflow_native_v1/jobs/giflow_native__released_mirror__air36__prior_none__seed393,experiments/runs/fm_giflow_native_v4/jobs/giflow_native__released_mirror__air36__prior_none__seed393,False,False,,,,,,,,,False,False,Lost ephemeral update counters are not manufactured; old artifacts preserved.
GiFlow/prior_none,imputation,giflow_native__reviewed_corrected__air36__prior_none__seed393,air36,reviewed_corrected,prior_none,393,0.2,point,pending,configs/experiments/fm_giflow_native_queue.v3.json,configs/experiments/fm_giflow_native_queue.v4.json,experiments/runs/fm_giflow_native_v1/jobs/giflow_native__reviewed_corrected__air36__prior_none__seed393,experiments/runs/fm_giflow_native_v4/jobs/giflow_native__reviewed_corrected__air36__prior_none__seed393,False,False,,,,,,,,,False,False,Lost ephemeral update counters are not manufactured; old artifacts preserved.
GiFlow/prior_none,imputation,giflow_native__released_mirror__air36__prior_none__seed394,air36,released_mirror,prior_none,394,0.2,point,pending,configs/experiments/fm_giflow_native_queue.v3.json,configs/experiments/fm_giflow_native_queue.v4.json,experiments/runs/fm_giflow_native_v1/jobs/giflow_native__released_mirror__air36__prior_none__seed394,experiments/runs/fm_giflow_native_v4/jobs/giflow_native__released_mirror__air36__prior_none__seed394,False,False,,,,,,,,,False,False,Lost ephemeral update counters are not manufactured; old artifacts preserved.
GiFlow/prior_none,imputation,giflow_native__reviewed_corrected__air36__prior_none__seed394,air36,reviewed_corrected,prior_none,394,0.2,point,pending,configs/experiments/fm_giflow_native_queue.v3.json,configs/experiments/fm_giflow_native_queue.v4.json,experiments/runs/fm_giflow_native_v1/jobs/giflow_native__reviewed_corrected__air36__prior_none__seed394,experiments/runs/fm_giflow_native_v4/jobs/giflow_native__reviewed_corrected__air36__prior_none__seed394,False,False,,,,,,,,,False,False,Lost ephemeral update counters are not manufactured; old artifacts preserved.
GiFlow/prior_none,imputation,giflow_native__released_mirror__air36__prior_none__seed395,air36,released_mirror,prior_none,395,0.2,point,pending,configs/experiments/fm_giflow_native_queue.v3.json,configs/experiments/fm_giflow_native_queue.v4.json,experiments/runs/fm_giflow_native_v1/jobs/giflow_native__released_mirror__air36__prior_none__seed395,experiments/runs/fm_giflow_native_v4/jobs/giflow_native__released_mirror__air36__prior_none__seed395,False,False,,,,,,,,,False,False,Lost ephemeral update counters are not manufactured; old artifacts preserved.
GiFlow/prior_none,imputation,giflow_native__reviewed_corrected__air36__prior_none__seed395,air36,reviewed_corrected,prior_none,395,0.2,point,pending,configs/experiments/fm_giflow_native_queue.v3.json,configs/experiments/fm_giflow_native_queue.v4.json,experiments/runs/fm_giflow_native_v1/jobs/giflow_native__reviewed_corrected__air36__prior_none__seed395,experiments/runs/fm_giflow_native_v4/jobs/giflow_native__reviewed_corrected__air36__prior_none__seed395,False,False,,,,,,,,,False,False,Lost ephemeral update counters are not manufactured; old artifacts preserved.
GiFlow/prior_none,imputation,giflow_native__released_mirror__air36__prior_none__seed396,air36,released_mirror,prior_none,396,0.2,point,pending,configs/experiments/fm_giflow_native_queue.v3.json,configs/experiments/fm_giflow_native_queue.v4.json,experiments/runs/fm_giflow_native_v1/jobs/giflow_native__released_mirror__air36__prior_none__seed396,experiments/runs/fm_giflow_native_v4/jobs/giflow_native__released_mirror__air36__prior_none__seed396,False,False,,,,,,,,,False,False,Lost ephemeral update counters are not manufactured; old artifacts preserved.
GiFlow/prior_none,imputation,giflow_native__reviewed_corrected__air36__prior_none__seed396,air36,reviewed_corrected,prior_none,396,0.2,point,pending,configs/experiments/fm_giflow_native_queue.v3.json,configs/experiments/fm_giflow_native_queue.v4.json,experiments/runs/fm_giflow_native_v1/jobs/giflow_native__reviewed_corrected__air36__prior_none__seed396,experiments/runs/fm_giflow_native_v4/jobs/giflow_native__reviewed_corrected__air36__prior_none__seed396,False,False,,,,,,,,,False,False,Lost ephemeral update counters are not manufactured; old artifacts preserved.
GiFlow/prior_none,imputation,giflow_native__released_mirror__air36__prior_none__seed397,air36,released_mirror,prior_none,397,0.2,point,pending,configs/experiments/fm_giflow_native_queue.v3.json,configs/experiments/fm_giflow_native_queue.v4.json,experiments/runs/fm_giflow_native_v1/jobs/giflow_native__released_mirror__air36__prior_none__seed397,experiments/runs/fm_giflow_native_v4/jobs/giflow_native__released_mirror__air36__prior_none__seed397,False,False,,,,,,,,,False,False,Lost ephemeral update counters are not manufactured; old artifacts preserved.
GiFlow/prior_none,imputation,giflow_native__reviewed_corrected__air36__prior_none__seed397,air36,reviewed_corrected,prior_none,397,0.2,point,pending,configs/experiments/fm_giflow_native_queue.v3.json,configs/experiments/fm_giflow_native_queue.v4.json,experiments/runs/fm_giflow_native_v1/jobs/giflow_native__reviewed_corrected__air36__prior_none__seed397,experiments/runs/fm_giflow_native_v4/jobs/giflow_native__reviewed_corrected__air36__prior_none__seed397,False,False,,,,,,,,,False,False,Lost ephemeral update counters are not manufactured; old artifacts preserved.
GiFlow/point_0.3,imputation,giflow_native__released_mirror__air36__point_0p3__seed393,air36,released_mirror,point_0.3,393,0.3,point,pending,configs/experiments/fm_giflow_native_queue.v3.json,configs/experiments/fm_giflow_native_queue.v4.json,experiments/runs/fm_giflow_native_v1/jobs/giflow_native__released_mirror__air36__point_0p3__seed393,experiments/runs/fm_giflow_native_v4/jobs/giflow_native__released_mirror__air36__point_0p3__seed393,False,False,,,,,,,,,False,False,Lost ephemeral update counters are not manufactured; old artifacts preserved.
GiFlow/point_0.3,imputation,giflow_native__reviewed_corrected__air36__point_0p3__seed393,air36,reviewed_corrected,point_0.3,393,0.3,point,pending,configs/experiments/fm_giflow_native_queue.v3.json,configs/experiments/fm_giflow_native_queue.v4.json,experiments/runs/fm_giflow_native_v1/jobs/giflow_native__reviewed_corrected__air36__point_0p3__seed393,experiments/runs/fm_giflow_native_v4/jobs/giflow_native__reviewed_corrected__air36__point_0p3__seed393,False,False,,,,,,,,,False,False,Lost ephemeral update counters are not manufactured; old artifacts preserved.
GiFlow/point_0.3,imputation,giflow_native__released_mirror__air36__point_0p3__seed394,air36,released_mirror,point_0.3,394,0.3,point,pending,configs/experiments/fm_giflow_native_queue.v3.json,configs/experiments/fm_giflow_native_queue.v4.json,experiments/runs/fm_giflow_native_v1/jobs/giflow_native__released_mirror__air36__point_0p3__seed394,experiments/runs/fm_giflow_native_v4/jobs/giflow_native__released_mirror__air36__point_0p3__seed394,False,False,,,,,,,,,False,False,Lost ephemeral update counters are not manufactured; old artifacts preserved.
GiFlow/point_0.3,imputation,giflow_native__reviewed_corrected__air36__point_0p3__seed394,air36,reviewed_corrected,point_0.3,394,0.3,point,pending,configs/experiments/fm_giflow_native_queue.v3.json,configs/experiments/fm_giflow_native_queue.v4.json,experiments/runs/fm_giflow_native_v1/jobs/giflow_native__reviewed_corrected__air36__point_0p3__seed394,experiments/runs/fm_giflow_native_v4/jobs/giflow_native__reviewed_corrected__air36__point_0p3__seed394,False,False,,,,,,,,,False,False,Lost ephemeral update counters are not manufactured; old artifacts preserved.
GiFlow/point_0.3,imputation,giflow_native__released_mirror__air36__point_0p3__seed395,air36,released_mirror,point_0.3,395,0.3,point,pending,configs/experiments/fm_giflow_native_queue.v3.json,configs/experiments/fm_giflow_native_queue.v4.json,experiments/runs/fm_giflow_native_v1/jobs/giflow_native__released_mirror__air36__point_0p3__seed395,experiments/runs/fm_giflow_native_v4/jobs/giflow_native__released_mirror__air36__point_0p3__seed395,False,False,,,,,,,,,False,False,Lost ephemeral update counters are not manufactured; old artifacts preserved.
GiFlow/point_0.3,imputation,giflow_native__reviewed_corrected__air36__point_0p3__seed395,air36,reviewed_corrected,point_0.3,395,0.3,point,pending,configs/experiments/fm_giflow_native_queue.v3.json,configs/experiments/fm_giflow_native_queue.v4.json,experiments/runs/fm_giflow_native_v1/jobs/giflow_native__reviewed_corrected__air36__point_0p3__seed395,experiments/runs/fm_giflow_native_v4/jobs/giflow_native__reviewed_corrected__air36__point_0p3__seed395,False,False,,,,,,,,,False,False,Lost ephemeral update counters are not manufactured; old artifacts preserved.
GiFlow/point_0.3,imputation,giflow_native__released_mirror__air36__point_0p3__seed396,air36,released_mirror,point_0.3,396,0.3,point,pending,configs/experiments/fm_giflow_native_queue.v3.json,configs/experiments/fm_giflow_native_queue.v4.json,experiments/runs/fm_giflow_native_v1/jobs/giflow_native__released_mirror__air36__point_0p3__seed396,experiments/runs/fm_giflow_native_v4/jobs/giflow_native__released_mirror__air36__point_0p3__seed396,False,False,,,,,,,,,False,False,Lost ephemeral update counters are not manufactured; old artifacts preserved.
GiFlow/point_0.3,imputation,giflow_native__reviewed_corrected__air36__point_0p3__seed396,air36,reviewed_corrected,point_0.3,396,0.3,point,pending,configs/experiments/fm_giflow_native_queue.v3.json,configs/experiments/fm_giflow_native_queue.v4.json,experiments/runs/fm_giflow_native_v1/jobs/giflow_native__reviewed_corrected__air36__point_0p3__seed396,experiments/runs/fm_giflow_native_v4/jobs/giflow_native__reviewed_corrected__air36__point_0p3__seed396,False,False,,,,,,,,,False,False,Lost ephemeral update counters are not manufactured; old artifacts preserved.
GiFlow/point_0.3,imputation,giflow_native__released_mirror__air36__point_0p3__seed397,air36,released_mirror,point_0.3,397,0.3,point,pending,configs/experiments/fm_giflow_native_queue.v3.json,configs/experiments/fm_giflow_native_queue.v4.json,experiments/runs/fm_giflow_native_v1/jobs/giflow_native__released_mirror__air36__point_0p3__seed397,experiments/runs/fm_giflow_native_v4/jobs/giflow_native__released_mirror__air36__point_0p3__seed397,False,False,,,,,,,,,False,False,Lost ephemeral update counters are not manufactured; old artifacts preserved.
GiFlow/point_0.3,imputation,giflow_native__reviewed_corrected__air36__point_0p3__seed397,air36,reviewed_corrected,point_0.3,397,0.3,point,pending,configs/experiments/fm_giflow_native_queue.v3.json,configs/experiments/fm_giflow_native_queue.v4.json,experiments/runs/fm_giflow_native_v1/jobs/giflow_native__reviewed_corrected__air36__point_0p3__seed397,experiments/runs/fm_giflow_native_v4/jobs/giflow_native__reviewed_corrected__air36__point_0p3__seed397,False,False,,,,,,,,,False,False,Lost ephemeral update counters are not manufactured; old artifacts preserved.
GiFlow/point_0.4,imputation,giflow_native__released_mirror__air36__point_0p4__seed393,air36,released_mirror,point_0.4,393,0.4,point,pending,configs/experiments/fm_giflow_native_queue.v3.json,configs/experiments/fm_giflow_native_queue.v4.json,experiments/runs/fm_giflow_native_v1/jobs/giflow_native__released_mirror__air36__point_0p4__seed393,experiments/runs/fm_giflow_native_v4/jobs/giflow_native__released_mirror__air36__point_0p4__seed393,False,False,,,,,,,,,False,False,Lost ephemeral update counters are not manufactured; old artifacts preserved.
GiFlow/point_0.4,imputation,giflow_native__reviewed_corrected__air36__point_0p4__seed393,air36,reviewed_corrected,point_0.4,393,0.4,point,pending,configs/experiments/fm_giflow_native_queue.v3.json,configs/experiments/fm_giflow_native_queue.v4.json,experiments/runs/fm_giflow_native_v1/jobs/giflow_native__reviewed_corrected__air36__point_0p4__seed393,experiments/runs/fm_giflow_native_v4/jobs/giflow_native__reviewed_corrected__air36__point_0p4__seed393,False,False,,,,,,,,,False,False,Lost ephemeral update counters are not manufactured; old artifacts preserved.
GiFlow/point_0.4,imputation,giflow_native__released_mirror__air36__point_0p4__seed394,air36,released_mirror,point_0.4,394,0.4,point,pending,configs/experiments/fm_giflow_native_queue.v3.json,configs/experiments/fm_giflow_native_queue.v4.json,experiments/runs/fm_giflow_native_v1/jobs/giflow_native__released_mirror__air36__point_0p4__seed394,experiments/runs/fm_giflow_native_v4/jobs/giflow_native__released_mirror__air36__point_0p4__seed394,False,False,,,,,,,,,False,False,Lost ephemeral update counters are not manufactured; old artifacts preserved.
GiFlow/point_0.4,imputation,giflow_native__reviewed_corrected__air36__point_0p4__seed394,air36,reviewed_corrected,point_0.4,394,0.4,point,pending,configs/experiments/fm_giflow_native_queue.v3.json,configs/experiments/fm_giflow_native_queue.v4.json,experiments/runs/fm_giflow_native_v1/jobs/giflow_native__reviewed_corrected__air36__point_0p4__seed394,experiments/runs/fm_giflow_native_v4/jobs/giflow_native__reviewed_corrected__air36__point_0p4__seed394,False,False,,,,,,,,,False,False,Lost ephemeral update counters are not manufactured; old artifacts preserved.
GiFlow/point_0.4,imputation,giflow_native__released_mirror__air36__point_0p4__seed395,air36,released_mirror,point_0.4,395,0.4,point,pending,configs/experiments/fm_giflow_native_queue.v3.json,configs/experiments/fm_giflow_native_queue.v4.json,experiments/runs/fm_giflow_native_v1/jobs/giflow_native__released_mirror__air36__point_0p4__seed395,experiments/runs/fm_giflow_native_v4/jobs/giflow_native__released_mirror__air36__point_0p4__seed395,False,False,,,,,,,,,False,False,Lost ephemeral update counters are not manufactured; old artifacts preserved.
GiFlow/point_0.4,imputation,giflow_native__reviewed_corrected__air36__point_0p4__seed395,air36,reviewed_corrected,point_0.4,395,0.4,point,pending,configs/experiments/fm_giflow_native_queue.v3.json,configs/experiments/fm_giflow_native_queue.v4.json,experiments/runs/fm_giflow_native_v1/jobs/giflow_native__reviewed_corrected__air36__point_0p4__seed395,experiments/runs/fm_giflow_native_v4/jobs/giflow_native__reviewed_corrected__air36__point_0p4__seed395,False,False,,,,,,,,,False,False,Lost ephemeral update counters are not manufactured; old artifacts preserved.
GiFlow/point_0.4,imputation,giflow_native__released_mirror__air36__point_0p4__seed396,air36,released_mirror,point_0.4,396,0.4,point,pending,configs/experiments/fm_giflow_native_queue.v3.json,configs/experiments/fm_giflow_native_queue.v4.json,experiments/runs/fm_giflow_native_v1/jobs/giflow_native__released_mirror__air36__point_0p4__seed396,experiments/runs/fm_giflow_native_v4/jobs/giflow_native__released_mirror__air36__point_0p4__seed396,False,False,,,,,,,,,False,False,Lost ephemeral update counters are not manufactured; old artifacts preserved.
GiFlow/point_0.4,imputation,giflow_native__reviewed_corrected__air36__point_0p4__seed396,air36,reviewed_corrected,point_0.4,396,0.4,point,pending,configs/experiments/fm_giflow_native_queue.v3.json,configs/experiments/fm_giflow_native_queue.v4.json,experiments/runs/fm_giflow_native_v1/jobs/giflow_native__reviewed_corrected__air36__point_0p4__seed396,experiments/runs/fm_giflow_native_v4/jobs/giflow_native__reviewed_corrected__air36__point_0p4__seed396,False,False,,,,,,,,,False,False,Lost ephemeral update counters are not manufactured; old artifacts preserved.
GiFlow/point_0.4,imputation,giflow_native__released_mirror__air36__point_0p4__seed397,air36,released_mirror,point_0.4,397,0.4,point,pending,configs/experiments/fm_giflow_native_queue.v3.json,configs/experiments/fm_giflow_native_queue.v4.json,experiments/runs/fm_giflow_native_v1/jobs/giflow_native__released_mirror__air36__point_0p4__seed397,experiments/runs/fm_giflow_native_v4/jobs/giflow_native__released_mirror__air36__point_0p4__seed397,False,False,,,,,,,,,False,False,Lost ephemeral update counters are not manufactured; old artifacts preserved.
GiFlow/point_0.4,imputation,giflow_native__reviewed_corrected__air36__point_0p4__seed397,air36,reviewed_corrected,point_0.4,397,0.4,point,pending,configs/experiments/fm_giflow_native_queue.v3.json,configs/experiments/fm_giflow_native_queue.v4.json,experiments/runs/fm_giflow_native_v1/jobs/giflow_native__reviewed_corrected__air36__point_0p4__seed397,experiments/runs/fm_giflow_native_v4/jobs/giflow_native__reviewed_corrected__air36__point_0p4__seed397,False,False,,,,,,,,,False,False,Lost ephemeral update counters are not manufactured; old artifacts preserved.
GiFlow/point_0.5,imputation,giflow_native__released_mirror__air36__point_0p5__seed393,air36,released_mirror,point_0.5,393,0.5,point,pending,configs/experiments/fm_giflow_native_queue.v3.json,configs/experiments/fm_giflow_native_queue.v4.json,experiments/runs/fm_giflow_native_v1/jobs/giflow_native__released_mirror__air36__point_0p5__seed393,experiments/runs/fm_giflow_native_v4/jobs/giflow_native__released_mirror__air36__point_0p5__seed393,False,False,,,,,,,,,False,False,Lost ephemeral update counters are not manufactured; old artifacts preserved.
GiFlow/point_0.5,imputation,giflow_native__reviewed_corrected__air36__point_0p5__seed393,air36,reviewed_corrected,point_0.5,393,0.5,point,pending,configs/experiments/fm_giflow_native_queue.v3.json,configs/experiments/fm_giflow_native_queue.v4.json,experiments/runs/fm_giflow_native_v1/jobs/giflow_native__reviewed_corrected__air36__point_0p5__seed393,experiments/runs/fm_giflow_native_v4/jobs/giflow_native__reviewed_corrected__air36__point_0p5__seed393,False,False,,,,,,,,,False,False,Lost ephemeral update counters are not manufactured; old artifacts preserved.
GiFlow/point_0.5,imputation,giflow_native__released_mirror__air36__point_0p5__seed394,air36,released_mirror,point_0.5,394,0.5,point,pending,configs/experiments/fm_giflow_native_queue.v3.json,configs/experiments/fm_giflow_native_queue.v4.json,experiments/runs/fm_giflow_native_v1/jobs/giflow_native__released_mirror__air36__point_0p5__seed394,experiments/runs/fm_giflow_native_v4/jobs/giflow_native__released_mirror__air36__point_0p5__seed394,False,False,,,,,,,,,False,False,Lost ephemeral update counters are not manufactured; old artifacts preserved.
GiFlow/point_0.5,imputation,giflow_native__reviewed_corrected__air36__point_0p5__seed394,air36,reviewed_corrected,point_0.5,394,0.5,point,pending,configs/experiments/fm_giflow_native_queue.v3.json,configs/experiments/fm_giflow_native_queue.v4.json,experiments/runs/fm_giflow_native_v1/jobs/giflow_native__reviewed_corrected__air36__point_0p5__seed394,experiments/runs/fm_giflow_native_v4/jobs/giflow_native__reviewed_corrected__air36__point_0p5__seed394,False,False,,,,,,,,,False,False,Lost ephemeral update counters are not manufactured; old artifacts preserved.
GiFlow/point_0.5,imputation,giflow_native__released_mirror__air36__point_0p5__seed395,air36,released_mirror,point_0.5,395,0.5,point,pending,configs/experiments/fm_giflow_native_queue.v3.json,configs/experiments/fm_giflow_native_queue.v4.json,experiments/runs/fm_giflow_native_v1/jobs/giflow_native__released_mirror__air36__point_0p5__seed395,experiments/runs/fm_giflow_native_v4/jobs/giflow_native__released_mirror__air36__point_0p5__seed395,False,False,,,,,,,,,False,False,Lost ephemeral update counters are not manufactured; old artifacts preserved.
GiFlow/point_0.5,imputation,giflow_native__reviewed_corrected__air36__point_0p5__seed395,air36,reviewed_corrected,point_0.5,395,0.5,point,pending,configs/experiments/fm_giflow_native_queue.v3.json,configs/experiments/fm_giflow_native_queue.v4.json,experiments/runs/fm_giflow_native_v1/jobs/giflow_native__reviewed_corrected__air36__point_0p5__seed395,experiments/runs/fm_giflow_native_v4/jobs/giflow_native__reviewed_corrected__air36__point_0p5__seed395,False,False,,,,,,,,,False,False,Lost ephemeral update counters are not manufactured; old artifacts preserved.
GiFlow/point_0.5,imputation,giflow_native__released_mirror__air36__point_0p5__seed396,air36,released_mirror,point_0.5,396,0.5,point,pending,configs/experiments/fm_giflow_native_queue.v3.json,configs/experiments/fm_giflow_native_queue.v4.json,experiments/runs/fm_giflow_native_v1/jobs/giflow_native__released_mirror__air36__point_0p5__seed396,experiments/runs/fm_giflow_native_v4/jobs/giflow_native__released_mirror__air36__point_0p5__seed396,False,False,,,,,,,,,False,False,Lost ephemeral update counters are not manufactured; old artifacts preserved.
GiFlow/point_0.5,imputation,giflow_native__reviewed_corrected__air36__point_0p5__seed396,air36,reviewed_corrected,point_0.5,396,0.5,point,pending,configs/experiments/fm_giflow_native_queue.v3.json,configs/experiments/fm_giflow_native_queue.v4.json,experiments/runs/fm_giflow_native_v1/jobs/giflow_native__reviewed_corrected__air36__point_0p5__seed396,experiments/runs/fm_giflow_native_v4/jobs/giflow_native__reviewed_corrected__air36__point_0p5__seed396,False,False,,,,,,,,,False,False,Lost ephemeral update counters are not manufactured; old artifacts preserved.
GiFlow/point_0.5,imputation,giflow_native__released_mirror__air36__point_0p5__seed397,air36,released_mirror,point_0.5,397,0.5,point,pending,configs/experiments/fm_giflow_native_queue.v3.json,configs/experiments/fm_giflow_native_queue.v4.json,experiments/runs/fm_giflow_native_v1/jobs/giflow_native__released_mirror__air36__point_0p5__seed397,experiments/runs/fm_giflow_native_v4/jobs/giflow_native__released_mirror__air36__point_0p5__seed397,False,False,,,,,,,,,False,False,Lost ephemeral update counters are not manufactured; old artifacts preserved.
GiFlow/point_0.5,imputation,giflow_native__reviewed_corrected__air36__point_0p5__seed397,air36,reviewed_corrected,point_0.5,397,0.5,point,pending,configs/experiments/fm_giflow_native_queue.v3.json,configs/experiments/fm_giflow_native_queue.v4.json,experiments/runs/fm_giflow_native_v1/jobs/giflow_native__reviewed_corrected__air36__point_0p5__seed397,experiments/runs/fm_giflow_native_v4/jobs/giflow_native__reviewed_corrected__air36__point_0p5__seed397,False,False,,,,,,,,,False,False,Lost ephemeral update counters are not manufactured; old artifacts preserved.
GiFlow/point_0.6,imputation,giflow_native__released_mirror__air36__point_0p6__seed393,air36,released_mirror,point_0.6,393,0.6,point,pending,configs/experiments/fm_giflow_native_queue.v3.json,configs/experiments/fm_giflow_native_queue.v4.json,experiments/runs/fm_giflow_native_v1/jobs/giflow_native__released_mirror__air36__point_0p6__seed393,experiments/runs/fm_giflow_native_v4/jobs/giflow_native__released_mirror__air36__point_0p6__seed393,False,False,,,,,,,,,False,False,Lost ephemeral update counters are not manufactured; old artifacts preserved.
GiFlow/point_0.6,imputation,giflow_native__reviewed_corrected__air36__point_0p6__seed393,air36,reviewed_corrected,point_0.6,393,0.6,point,pending,configs/experiments/fm_giflow_native_queue.v3.json,configs/experiments/fm_giflow_native_queue.v4.json,experiments/runs/fm_giflow_native_v1/jobs/giflow_native__reviewed_corrected__air36__point_0p6__seed393,experiments/runs/fm_giflow_native_v4/jobs/giflow_native__reviewed_corrected__air36__point_0p6__seed393,False,False,,,,,,,,,False,False,Lost ephemeral update counters are not manufactured; old artifacts preserved.
GiFlow/point_0.6,imputation,giflow_native__released_mirror__air36__point_0p6__seed394,air36,released_mirror,point_0.6,394,0.6,point,pending,configs/experiments/fm_giflow_native_queue.v3.json,configs/experiments/fm_giflow_native_queue.v4.json,experiments/runs/fm_giflow_native_v1/jobs/giflow_native__released_mirror__air36__point_0p6__seed394,experiments/runs/fm_giflow_native_v4/jobs/giflow_native__released_mirror__air36__point_0p6__seed394,False,False,,,,,,,,,False,False,Lost ephemeral update counters are not manufactured; old artifacts preserved.
GiFlow/point_0.6,imputation,giflow_native__reviewed_corrected__air36__point_0p6__seed394,air36,reviewed_corrected,point_0.6,394,0.6,point,pending,configs/experiments/fm_giflow_native_queue.v3.json,configs/experiments/fm_giflow_native_queue.v4.json,experiments/runs/fm_giflow_native_v1/jobs/giflow_native__reviewed_corrected__air36__point_0p6__seed394,experiments/runs/fm_giflow_native_v4/jobs/giflow_native__reviewed_corrected__air36__point_0p6__seed394,False,False,,,,,,,,,False,False,Lost ephemeral update counters are not manufactured; old artifacts preserved.
GiFlow/point_0.6,imputation,giflow_native__released_mirror__air36__point_0p6__seed395,air36,released_mirror,point_0.6,395,0.6,point,pending,configs/experiments/fm_giflow_native_queue.v3.json,configs/experiments/fm_giflow_native_queue.v4.json,experiments/runs/fm_giflow_native_v1/jobs/giflow_native__released_mirror__air36__point_0p6__seed395,experiments/runs/fm_giflow_native_v4/jobs/giflow_native__released_mirror__air36__point_0p6__seed395,False,False,,,,,,,,,False,False,Lost ephemeral update counters are not manufactured; old artifacts preserved.
GiFlow/point_0.6,imputation,giflow_native__reviewed_corrected__air36__point_0p6__seed395,air36,reviewed_corrected,point_0.6,395,0.6,point,pending,configs/experiments/fm_giflow_native_queue.v3.json,configs/experiments/fm_giflow_native_queue.v4.json,experiments/runs/fm_giflow_native_v1/jobs/giflow_native__reviewed_corrected__air36__point_0p6__seed395,experiments/runs/fm_giflow_native_v4/jobs/giflow_native__reviewed_corrected__air36__point_0p6__seed395,False,False,,,,,,,,,False,False,Lost ephemeral update counters are not manufactured; old artifacts preserved.
GiFlow/point_0.6,imputation,giflow_native__released_mirror__air36__point_0p6__seed396,air36,released_mirror,point_0.6,396,0.6,point,pending,configs/experiments/fm_giflow_native_queue.v3.json,configs/experiments/fm_giflow_native_queue.v4.json,experiments/runs/fm_giflow_native_v1/jobs/giflow_native__released_mirror__air36__point_0p6__seed396,experiments/runs/fm_giflow_native_v4/jobs/giflow_native__released_mirror__air36__point_0p6__seed396,False,False,,,,,,,,,False,False,Lost ephemeral update counters are not manufactured; old artifacts preserved.
GiFlow/point_0.6,imputation,giflow_native__reviewed_corrected__air36__point_0p6__seed396,air36,reviewed_corrected,point_0.6,396,0.6,point,pending,configs/experiments/fm_giflow_native_queue.v3.json,configs/experiments/fm_giflow_native_queue.v4.json,experiments/runs/fm_giflow_native_v1/jobs/giflow_native__reviewed_corrected__air36__point_0p6__seed396,experiments/runs/fm_giflow_native_v4/jobs/giflow_native__reviewed_corrected__air36__point_0p6__seed396,False,False,,,,,,,,,False,False,Lost ephemeral update counters are not manufactured; old artifacts preserved.
GiFlow/point_0.6,imputation,giflow_native__released_mirror__air36__point_0p6__seed397,air36,released_mirror,point_0.6,397,0.6,point,pending,configs/experiments/fm_giflow_native_queue.v3.json,configs/experiments/fm_giflow_native_queue.v4.json,experiments/runs/fm_giflow_native_v1/jobs/giflow_native__released_mirror__air36__point_0p6__seed397,experiments/runs/fm_giflow_native_v4/jobs/giflow_native__released_mirror__air36__point_0p6__seed397,False,False,,,,,,,,,False,False,Lost ephemeral update counters are not manufactured; old artifacts preserved.
GiFlow/point_0.6,imputation,giflow_native__reviewed_corrected__air36__point_0p6__seed397,air36,reviewed_corrected,point_0.6,397,0.6,point,pending,configs/experiments/fm_giflow_native_queue.v3.json,configs/experiments/fm_giflow_native_queue.v4.json,experiments/runs/fm_giflow_native_v1/jobs/giflow_native__reviewed_corrected__air36__point_0p6__seed397,experiments/runs/fm_giflow_native_v4/jobs/giflow_native__reviewed_corrected__air36__point_0p6__seed397,False,False,,,,,,,,,False,False,Lost ephemeral update counters are not manufactured; old artifacts preserved.
GiFlow/threshold_0.02,imputation,giflow_native__released_mirror__air36__threshold_0p02__seed393,air36,released_mirror,threshold_0.02,393,0.2,point,pending,configs/experiments/fm_giflow_native_queue.v3.json,configs/experiments/fm_giflow_native_queue.v4.json,experiments/runs/fm_giflow_native_v1/jobs/giflow_native__released_mirror__air36__threshold_0p02__seed393,experiments/runs/fm_giflow_native_v4/jobs/giflow_native__released_mirror__air36__threshold_0p02__seed393,False,False,,,,,,,,,False,False,Lost ephemeral update counters are not manufactured; old artifacts preserved.
GiFlow/threshold_0.02,imputation,giflow_native__reviewed_corrected__air36__threshold_0p02__seed393,air36,reviewed_corrected,threshold_0.02,393,0.2,point,pending,configs/experiments/fm_giflow_native_queue.v3.json,configs/experiments/fm_giflow_native_queue.v4.json,experiments/runs/fm_giflow_native_v1/jobs/giflow_native__reviewed_corrected__air36__threshold_0p02__seed393,experiments/runs/fm_giflow_native_v4/jobs/giflow_native__reviewed_corrected__air36__threshold_0p02__seed393,False,False,,,,,,,,,False,False,Lost ephemeral update counters are not manufactured; old artifacts preserved.
GiFlow/threshold_0.02,imputation,giflow_native__released_mirror__air36__threshold_0p02__seed394,air36,released_mirror,threshold_0.02,394,0.2,point,pending,configs/experiments/fm_giflow_native_queue.v3.json,configs/experiments/fm_giflow_native_queue.v4.json,experiments/runs/fm_giflow_native_v1/jobs/giflow_native__released_mirror__air36__threshold_0p02__seed394,experiments/runs/fm_giflow_native_v4/jobs/giflow_native__released_mirror__air36__threshold_0p02__seed394,False,False,,,,,,,,,False,False,Lost ephemeral update counters are not manufactured; old artifacts preserved.
GiFlow/threshold_0.02,imputation,giflow_native__reviewed_corrected__air36__threshold_0p02__seed394,air36,reviewed_corrected,threshold_0.02,394,0.2,point,pending,configs/experiments/fm_giflow_native_queue.v3.json,configs/experiments/fm_giflow_native_queue.v4.json,experiments/runs/fm_giflow_native_v1/jobs/giflow_native__reviewed_corrected__air36__threshold_0p02__seed394,experiments/runs/fm_giflow_native_v4/jobs/giflow_native__reviewed_corrected__air36__threshold_0p02__seed394,False,False,,,,,,,,,False,False,Lost ephemeral update counters are not manufactured; old artifacts preserved.
GiFlow/threshold_0.02,imputation,giflow_native__released_mirror__air36__threshold_0p02__seed395,air36,released_mirror,threshold_0.02,395,0.2,point,pending,configs/experiments/fm_giflow_native_queue.v3.json,configs/experiments/fm_giflow_native_queue.v4.json,experiments/runs/fm_giflow_native_v1/jobs/giflow_native__released_mirror__air36__threshold_0p02__seed395,experiments/runs/fm_giflow_native_v4/jobs/giflow_native__released_mirror__air36__threshold_0p02__seed395,False,False,,,,,,,,,False,False,Lost ephemeral update counters are not manufactured; old artifacts preserved.
GiFlow/threshold_0.02,imputation,giflow_native__reviewed_corrected__air36__threshold_0p02__seed395,air36,reviewed_corrected,threshold_0.02,395,0.2,point,pending,configs/experiments/fm_giflow_native_queue.v3.json,configs/experiments/fm_giflow_native_queue.v4.json,experiments/runs/fm_giflow_native_v1/jobs/giflow_native__reviewed_corrected__air36__threshold_0p02__seed395,experiments/runs/fm_giflow_native_v4/jobs/giflow_native__reviewed_corrected__air36__threshold_0p02__seed395,False,False,,,,,,,,,False,False,Lost ephemeral update counters are not manufactured; old artifacts preserved.
GiFlow/threshold_0.02,imputation,giflow_native__released_mirror__air36__threshold_0p02__seed396,air36,released_mirror,threshold_0.02,396,0.2,point,pending,configs/experiments/fm_giflow_native_queue.v3.json,configs/experiments/fm_giflow_native_queue.v4.json,experiments/runs/fm_giflow_native_v1/jobs/giflow_native__released_mirror__air36__threshold_0p02__seed396,experiments/runs/fm_giflow_native_v4/jobs/giflow_native__released_mirror__air36__threshold_0p02__seed396,False,False,,,,,,,,,False,False,Lost ephemeral update counters are not manufactured; old artifacts preserved.
GiFlow/threshold_0.02,imputation,giflow_native__reviewed_corrected__air36__threshold_0p02__seed396,air36,reviewed_corrected,threshold_0.02,396,0.2,point,pending,configs/experiments/fm_giflow_native_queue.v3.json,configs/experiments/fm_giflow_native_queue.v4.json,experiments/runs/fm_giflow_native_v1/jobs/giflow_native__reviewed_corrected__air36__threshold_0p02__seed396,experiments/runs/fm_giflow_native_v4/jobs/giflow_native__reviewed_corrected__air36__threshold_0p02__seed396,False,False,,,,,,,,,False,False,Lost ephemeral update counters are not manufactured; old artifacts preserved.
GiFlow/threshold_0.02,imputation,giflow_native__released_mirror__air36__threshold_0p02__seed397,air36,released_mirror,threshold_0.02,397,0.2,point,pending,configs/experiments/fm_giflow_native_queue.v3.json,configs/experiments/fm_giflow_native_queue.v4.json,experiments/runs/fm_giflow_native_v1/jobs/giflow_native__released_mirror__air36__threshold_0p02__seed397,experiments/runs/fm_giflow_native_v4/jobs/giflow_native__released_mirror__air36__threshold_0p02__seed397,False,False,,,,,,,,,False,False,Lost ephemeral update counters are not manufactured; old artifacts preserved.
GiFlow/threshold_0.02,imputation,giflow_native__reviewed_corrected__air36__threshold_0p02__seed397,air36,reviewed_corrected,threshold_0.02,397,0.2,point,pending,configs/experiments/fm_giflow_native_queue.v3.json,configs/experiments/fm_giflow_native_queue.v4.json,experiments/runs/fm_giflow_native_v1/jobs/giflow_native__reviewed_corrected__air36__threshold_0p02__seed397,experiments/runs/fm_giflow_native_v4/jobs/giflow_native__reviewed_corrected__air36__threshold_0p02__seed397,False,False,,,,,,,,,False,False,Lost ephemeral update counters are not manufactured; old artifacts preserved.
GiFlow/threshold_0.05,imputation,giflow_native__released_mirror__air36__threshold_0p05__seed393,air36,released_mirror,threshold_0.05,393,0.2,point,pending,configs/experiments/fm_giflow_native_queue.v3.json,configs/experiments/fm_giflow_native_queue.v4.json,experiments/runs/fm_giflow_native_v1/jobs/giflow_native__released_mirror__air36__threshold_0p05__seed393,experiments/runs/fm_giflow_native_v4/jobs/giflow_native__released_mirror__air36__threshold_0p05__seed393,False,False,,,,,,,,,False,False,Lost ephemeral update counters are not manufactured; old artifacts preserved.
GiFlow/threshold_0.05,imputation,giflow_native__reviewed_corrected__air36__threshold_0p05__seed393,air36,reviewed_corrected,threshold_0.05,393,0.2,point,pending,configs/experiments/fm_giflow_native_queue.v3.json,configs/experiments/fm_giflow_native_queue.v4.json,experiments/runs/fm_giflow_native_v1/jobs/giflow_native__reviewed_corrected__air36__threshold_0p05__seed393,experiments/runs/fm_giflow_native_v4/jobs/giflow_native__reviewed_corrected__air36__threshold_0p05__seed393,False,False,,,,,,,,,False,False,Lost ephemeral update counters are not manufactured; old artifacts preserved.
GiFlow/threshold_0.05,imputation,giflow_native__released_mirror__air36__threshold_0p05__seed394,air36,released_mirror,threshold_0.05,394,0.2,point,pending,configs/experiments/fm_giflow_native_queue.v3.json,configs/experiments/fm_giflow_native_queue.v4.json,experiments/runs/fm_giflow_native_v1/jobs/giflow_native__released_mirror__air36__threshold_0p05__seed394,experiments/runs/fm_giflow_native_v4/jobs/giflow_native__released_mirror__air36__threshold_0p05__seed394,False,False,,,,,,,,,False,False,Lost ephemeral update counters are not manufactured; old artifacts preserved.
GiFlow/threshold_0.05,imputation,giflow_native__reviewed_corrected__air36__threshold_0p05__seed394,air36,reviewed_corrected,threshold_0.05,394,0.2,point,pending,configs/experiments/fm_giflow_native_queue.v3.json,configs/experiments/fm_giflow_native_queue.v4.json,experiments/runs/fm_giflow_native_v1/jobs/giflow_native__reviewed_corrected__air36__threshold_0p05__seed394,experiments/runs/fm_giflow_native_v4/jobs/giflow_native__reviewed_corrected__air36__threshold_0p05__seed394,False,False,,,,,,,,,False,False,Lost ephemeral update counters are not manufactured; old artifacts preserved.
GiFlow/threshold_0.05,imputation,giflow_native__released_mirror__air36__threshold_0p05__seed395,air36,released_mirror,threshold_0.05,395,0.2,point,pending,configs/experiments/fm_giflow_native_queue.v3.json,configs/experiments/fm_giflow_native_queue.v4.json,experiments/runs/fm_giflow_native_v1/jobs/giflow_native__released_mirror__air36__threshold_0p05__seed395,experiments/runs/fm_giflow_native_v4/jobs/giflow_native__released_mirror__air36__threshold_0p05__seed395,False,False,,,,,,,,,False,False,Lost ephemeral update counters are not manufactured; old artifacts preserved.
GiFlow/threshold_0.05,imputation,giflow_native__reviewed_corrected__air36__threshold_0p05__seed395,air36,reviewed_corrected,threshold_0.05,395,0.2,point,pending,configs/experiments/fm_giflow_native_queue.v3.json,configs/experiments/fm_giflow_native_queue.v4.json,experiments/runs/fm_giflow_native_v1/jobs/giflow_native__reviewed_corrected__air36__threshold_0p05__seed395,experiments/runs/fm_giflow_native_v4/jobs/giflow_native__reviewed_corrected__air36__threshold_0p05__seed395,False,False,,,,,,,,,False,False,Lost ephemeral update counters are not manufactured; old artifacts preserved.
GiFlow/threshold_0.05,imputation,giflow_native__released_mirror__air36__threshold_0p05__seed396,air36,released_mirror,threshold_0.05,396,0.2,point,pending,configs/experiments/fm_giflow_native_queue.v3.json,configs/experiments/fm_giflow_native_queue.v4.json,experiments/runs/fm_giflow_native_v1/jobs/giflow_native__released_mirror__air36__threshold_0p05__seed396,experiments/runs/fm_giflow_native_v4/jobs/giflow_native__released_mirror__air36__threshold_0p05__seed396,False,False,,,,,,,,,False,False,Lost ephemeral update counters are not manufactured; old artifacts preserved.
GiFlow/threshold_0.05,imputation,giflow_native__reviewed_corrected__air36__threshold_0p05__seed396,air36,reviewed_corrected,threshold_0.05,396,0.2,point,pending,configs/experiments/fm_giflow_native_queue.v3.json,configs/experiments/fm_giflow_native_queue.v4.json,experiments/runs/fm_giflow_native_v1/jobs/giflow_native__reviewed_corrected__air36__threshold_0p05__seed396,experiments/runs/fm_giflow_native_v4/jobs/giflow_native__reviewed_corrected__air36__threshold_0p05__seed396,False,False,,,,,,,,,False,False,Lost ephemeral update counters are not manufactured; old artifacts preserved.
GiFlow/threshold_0.05,imputation,giflow_native__released_mirror__air36__threshold_0p05__seed397,air36,released_mirror,threshold_0.05,397,0.2,point,pending,configs/experiments/fm_giflow_native_queue.v3.json,configs/experiments/fm_giflow_native_queue.v4.json,experiments/runs/fm_giflow_native_v1/jobs/giflow_native__released_mirror__air36__threshold_0p05__seed397,experiments/runs/fm_giflow_native_v4/jobs/giflow_native__released_mirror__air36__threshold_0p05__seed397,False,False,,,,,,,,,False,False,Lost ephemeral update counters are not manufactured; old artifacts preserved.
GiFlow/threshold_0.05,imputation,giflow_native__reviewed_corrected__air36__threshold_0p05__seed397,air36,reviewed_corrected,threshold_0.05,397,0.2,point,pending,configs/experiments/fm_giflow_native_queue.v3.json,configs/experiments/fm_giflow_native_queue.v4.json,experiments/runs/fm_giflow_native_v1/jobs/giflow_native__reviewed_corrected__air36__threshold_0p05__seed397,experiments/runs/fm_giflow_native_v4/jobs/giflow_native__reviewed_corrected__air36__threshold_0p05__seed397,False,False,,,,,,,,,False,False,Lost ephemeral update counters are not manufactured; old artifacts preserved.
GiFlow/threshold_0.2,imputation,giflow_native__released_mirror__air36__threshold_0p2__seed393,air36,released_mirror,threshold_0.2,393,0.2,point,pending,configs/experiments/fm_giflow_native_queue.v3.json,configs/experiments/fm_giflow_native_queue.v4.json,experiments/runs/fm_giflow_native_v1/jobs/giflow_native__released_mirror__air36__threshold_0p2__seed393,experiments/runs/fm_giflow_native_v4/jobs/giflow_native__released_mirror__air36__threshold_0p2__seed393,False,False,,,,,,,,,False,False,Lost ephemeral update counters are not manufactured; old artifacts preserved.
GiFlow/threshold_0.2,imputation,giflow_native__reviewed_corrected__air36__threshold_0p2__seed393,air36,reviewed_corrected,threshold_0.2,393,0.2,point,pending,configs/experiments/fm_giflow_native_queue.v3.json,configs/experiments/fm_giflow_native_queue.v4.json,experiments/runs/fm_giflow_native_v1/jobs/giflow_native__reviewed_corrected__air36__threshold_0p2__seed393,experiments/runs/fm_giflow_native_v4/jobs/giflow_native__reviewed_corrected__air36__threshold_0p2__seed393,False,False,,,,,,,,,False,False,Lost ephemeral update counters are not manufactured; old artifacts preserved.
GiFlow/threshold_0.2,imputation,giflow_native__released_mirror__air36__threshold_0p2__seed394,air36,released_mirror,threshold_0.2,394,0.2,point,pending,configs/experiments/fm_giflow_native_queue.v3.json,configs/experiments/fm_giflow_native_queue.v4.json,experiments/runs/fm_giflow_native_v1/jobs/giflow_native__released_mirror__air36__threshold_0p2__seed394,experiments/runs/fm_giflow_native_v4/jobs/giflow_native__released_mirror__air36__threshold_0p2__seed394,False,False,,,,,,,,,False,False,Lost ephemeral update counters are not manufactured; old artifacts preserved.
GiFlow/threshold_0.2,imputation,giflow_native__reviewed_corrected__air36__threshold_0p2__seed394,air36,reviewed_corrected,threshold_0.2,394,0.2,point,pending,configs/experiments/fm_giflow_native_queue.v3.json,configs/experiments/fm_giflow_native_queue.v4.json,experiments/runs/fm_giflow_native_v1/jobs/giflow_native__reviewed_corrected__air36__threshold_0p2__seed394,experiments/runs/fm_giflow_native_v4/jobs/giflow_native__reviewed_corrected__air36__threshold_0p2__seed394,False,False,,,,,,,,,False,False,Lost ephemeral update counters are not manufactured; old artifacts preserved.
GiFlow/threshold_0.2,imputation,giflow_native__released_mirror__air36__threshold_0p2__seed395,air36,released_mirror,threshold_0.2,395,0.2,point,pending,configs/experiments/fm_giflow_native_queue.v3.json,configs/experiments/fm_giflow_native_queue.v4.json,experiments/runs/fm_giflow_native_v1/jobs/giflow_native__released_mirror__air36__threshold_0p2__seed395,experiments/runs/fm_giflow_native_v4/jobs/giflow_native__released_mirror__air36__threshold_0p2__seed395,False,False,,,,,,,,,False,False,Lost ephemeral update counters are not manufactured; old artifacts preserved.
GiFlow/threshold_0.2,imputation,giflow_native__reviewed_corrected__air36__threshold_0p2__seed395,air36,reviewed_corrected,threshold_0.2,395,0.2,point,pending,configs/experiments/fm_giflow_native_queue.v3.json,configs/experiments/fm_giflow_native_queue.v4.json,experiments/runs/fm_giflow_native_v1/jobs/giflow_native__reviewed_corrected__air36__threshold_0p2__seed395,experiments/runs/fm_giflow_native_v4/jobs/giflow_native__reviewed_corrected__air36__threshold_0p2__seed395,False,False,,,,,,,,,False,False,Lost ephemeral update counters are not manufactured; old artifacts preserved.
GiFlow/threshold_0.2,imputation,giflow_native__released_mirror__air36__threshold_0p2__seed396,air36,released_mirror,threshold_0.2,396,0.2,point,pending,configs/experiments/fm_giflow_native_queue.v3.json,configs/experiments/fm_giflow_native_queue.v4.json,experiments/runs/fm_giflow_native_v1/jobs/giflow_native__released_mirror__air36__threshold_0p2__seed396,experiments/runs/fm_giflow_native_v4/jobs/giflow_native__released_mirror__air36__threshold_0p2__seed396,False,False,,,,,,,,,False,False,Lost ephemeral update counters are not manufactured; old artifacts preserved.
GiFlow/threshold_0.2,imputation,giflow_native__reviewed_corrected__air36__threshold_0p2__seed396,air36,reviewed_corrected,threshold_0.2,396,0.2,point,pending,configs/experiments/fm_giflow_native_queue.v3.json,configs/experiments/fm_giflow_native_queue.v4.json,experiments/runs/fm_giflow_native_v1/jobs/giflow_native__reviewed_corrected__air36__threshold_0p2__seed396,experiments/runs/fm_giflow_native_v4/jobs/giflow_native__reviewed_corrected__air36__threshold_0p2__seed396,False,False,,,,,,,,,False,False,Lost ephemeral update counters are not manufactured; old artifacts preserved.
GiFlow/threshold_0.2,imputation,giflow_native__released_mirror__air36__threshold_0p2__seed397,air36,released_mirror,threshold_0.2,397,0.2,point,pending,configs/experiments/fm_giflow_native_queue.v3.json,configs/experiments/fm_giflow_native_queue.v4.json,experiments/runs/fm_giflow_native_v1/jobs/giflow_native__released_mirror__air36__threshold_0p2__seed397,experiments/runs/fm_giflow_native_v4/jobs/giflow_native__released_mirror__air36__threshold_0p2__seed397,False,False,,,,,,,,,False,False,Lost ephemeral update counters are not manufactured; old artifacts preserved.
GiFlow/threshold_0.2,imputation,giflow_native__reviewed_corrected__air36__threshold_0p2__seed397,air36,reviewed_corrected,threshold_0.2,397,0.2,point,pending,configs/experiments/fm_giflow_native_queue.v3.json,configs/experiments/fm_giflow_native_queue.v4.json,experiments/runs/fm_giflow_native_v1/jobs/giflow_native__reviewed_corrected__air36__threshold_0p2__seed397,experiments/runs/fm_giflow_native_v4/jobs/giflow_native__reviewed_corrected__air36__threshold_0p2__seed397,False,False,,,,,,,,,False,False,Lost ephemeral update counters are not manufactured; old artifacts preserved.
GiFlow/threshold_0.4,imputation,giflow_native__released_mirror__air36__threshold_0p4__seed393,air36,released_mirror,threshold_0.4,393,0.2,point,pending,configs/experiments/fm_giflow_native_queue.v3.json,configs/experiments/fm_giflow_native_queue.v4.json,experiments/runs/fm_giflow_native_v1/jobs/giflow_native__released_mirror__air36__threshold_0p4__seed393,experiments/runs/fm_giflow_native_v4/jobs/giflow_native__released_mirror__air36__threshold_0p4__seed393,False,False,,,,,,,,,False,False,Lost ephemeral update counters are not manufactured; old artifacts preserved.
GiFlow/threshold_0.4,imputation,giflow_native__reviewed_corrected__air36__threshold_0p4__seed393,air36,reviewed_corrected,threshold_0.4,393,0.2,point,pending,configs/experiments/fm_giflow_native_queue.v3.json,configs/experiments/fm_giflow_native_queue.v4.json,experiments/runs/fm_giflow_native_v1/jobs/giflow_native__reviewed_corrected__air36__threshold_0p4__seed393,experiments/runs/fm_giflow_native_v4/jobs/giflow_native__reviewed_corrected__air36__threshold_0p4__seed393,False,False,,,,,,,,,False,False,Lost ephemeral update counters are not manufactured; old artifacts preserved.
GiFlow/threshold_0.4,imputation,giflow_native__released_mirror__air36__threshold_0p4__seed394,air36,released_mirror,threshold_0.4,394,0.2,point,pending,configs/experiments/fm_giflow_native_queue.v3.json,configs/experiments/fm_giflow_native_queue.v4.json,experiments/runs/fm_giflow_native_v1/jobs/giflow_native__released_mirror__air36__threshold_0p4__seed394,experiments/runs/fm_giflow_native_v4/jobs/giflow_native__released_mirror__air36__threshold_0p4__seed394,False,False,,,,,,,,,False,False,Lost ephemeral update counters are not manufactured; old artifacts preserved.
GiFlow/threshold_0.4,imputation,giflow_native__reviewed_corrected__air36__threshold_0p4__seed394,air36,reviewed_corrected,threshold_0.4,394,0.2,point,pending,configs/experiments/fm_giflow_native_queue.v3.json,configs/experiments/fm_giflow_native_queue.v4.json,experiments/runs/fm_giflow_native_v1/jobs/giflow_native__reviewed_corrected__air36__threshold_0p4__seed394,experiments/runs/fm_giflow_native_v4/jobs/giflow_native__reviewed_corrected__air36__threshold_0p4__seed394,False,False,,,,,,,,,False,False,Lost ephemeral update counters are not manufactured; old artifacts preserved.
GiFlow/threshold_0.4,imputation,giflow_native__released_mirror__air36__threshold_0p4__seed395,air36,released_mirror,threshold_0.4,395,0.2,point,pending,configs/experiments/fm_giflow_native_queue.v3.json,configs/experiments/fm_giflow_native_queue.v4.json,experiments/runs/fm_giflow_native_v1/jobs/giflow_native__released_mirror__air36__threshold_0p4__seed395,experiments/runs/fm_giflow_native_v4/jobs/giflow_native__released_mirror__air36__threshold_0p4__seed395,False,False,,,,,,,,,False,False,Lost ephemeral update counters are not manufactured; old artifacts preserved.
GiFlow/threshold_0.4,imputation,giflow_native__reviewed_corrected__air36__threshold_0p4__seed395,air36,reviewed_corrected,threshold_0.4,395,0.2,point,pending,configs/experiments/fm_giflow_native_queue.v3.json,configs/experiments/fm_giflow_native_queue.v4.json,experiments/runs/fm_giflow_native_v1/jobs/giflow_native__reviewed_corrected__air36__threshold_0p4__seed395,experiments/runs/fm_giflow_native_v4/jobs/giflow_native__reviewed_corrected__air36__threshold_0p4__seed395,False,False,,,,,,,,,False,False,Lost ephemeral update counters are not manufactured; old artifacts preserved.
GiFlow/threshold_0.4,imputation,giflow_native__released_mirror__air36__threshold_0p4__seed396,air36,released_mirror,threshold_0.4,396,0.2,point,pending,configs/experiments/fm_giflow_native_queue.v3.json,configs/experiments/fm_giflow_native_queue.v4.json,experiments/runs/fm_giflow_native_v1/jobs/giflow_native__released_mirror__air36__threshold_0p4__seed396,experiments/runs/fm_giflow_native_v4/jobs/giflow_native__released_mirror__air36__threshold_0p4__seed396,False,False,,,,,,,,,False,False,Lost ephemeral update counters are not manufactured; old artifacts preserved.
GiFlow/threshold_0.4,imputation,giflow_native__reviewed_corrected__air36__threshold_0p4__seed396,air36,reviewed_corrected,threshold_0.4,396,0.2,point,pending,configs/experiments/fm_giflow_native_queue.v3.json,configs/experiments/fm_giflow_native_queue.v4.json,experiments/runs/fm_giflow_native_v1/jobs/giflow_native__reviewed_corrected__air36__threshold_0p4__seed396,experiments/runs/fm_giflow_native_v4/jobs/giflow_native__reviewed_corrected__air36__threshold_0p4__seed396,False,False,,,,,,,,,False,False,Lost ephemeral update counters are not manufactured; old artifacts preserved.
GiFlow/threshold_0.4,imputation,giflow_native__released_mirror__air36__threshold_0p4__seed397,air36,released_mirror,threshold_0.4,397,0.2,point,pending,configs/experiments/fm_giflow_native_queue.v3.json,configs/experiments/fm_giflow_native_queue.v4.json,experiments/runs/fm_giflow_native_v1/jobs/giflow_native__released_mirror__air36__threshold_0p4__seed397,experiments/runs/fm_giflow_native_v4/jobs/giflow_native__released_mirror__air36__threshold_0p4__seed397,False,False,,,,,,,,,False,False,Lost ephemeral update counters are not manufactured; old artifacts preserved.
GiFlow/threshold_0.4,imputation,giflow_native__reviewed_corrected__air36__threshold_0p4__seed397,air36,reviewed_corrected,threshold_0.4,397,0.2,point,pending,configs/experiments/fm_giflow_native_queue.v3.json,configs/experiments/fm_giflow_native_queue.v4.json,experiments/runs/fm_giflow_native_v1/jobs/giflow_native__reviewed_corrected__air36__threshold_0p4__seed397,experiments/runs/fm_giflow_native_v4/jobs/giflow_native__reviewed_corrected__air36__threshold_0p4__seed397,False,False,,,,,,,,,False,False,Lost ephemeral update counters are not manufactured; old artifacts preserved.
GiFlow/threshold_0.6,imputation,giflow_native__released_mirror__air36__threshold_0p6__seed393,air36,released_mirror,threshold_0.6,393,0.2,point,pending,configs/experiments/fm_giflow_native_queue.v3.json,configs/experiments/fm_giflow_native_queue.v4.json,experiments/runs/fm_giflow_native_v1/jobs/giflow_native__released_mirror__air36__threshold_0p6__seed393,experiments/runs/fm_giflow_native_v4/jobs/giflow_native__released_mirror__air36__threshold_0p6__seed393,False,False,,,,,,,,,False,False,Lost ephemeral update counters are not manufactured; old artifacts preserved.
GiFlow/threshold_0.6,imputation,giflow_native__reviewed_corrected__air36__threshold_0p6__seed393,air36,reviewed_corrected,threshold_0.6,393,0.2,point,pending,configs/experiments/fm_giflow_native_queue.v3.json,configs/experiments/fm_giflow_native_queue.v4.json,experiments/runs/fm_giflow_native_v1/jobs/giflow_native__reviewed_corrected__air36__threshold_0p6__seed393,experiments/runs/fm_giflow_native_v4/jobs/giflow_native__reviewed_corrected__air36__threshold_0p6__seed393,False,False,,,,,,,,,False,False,Lost ephemeral update counters are not manufactured; old artifacts preserved.
GiFlow/threshold_0.6,imputation,giflow_native__released_mirror__air36__threshold_0p6__seed394,air36,released_mirror,threshold_0.6,394,0.2,point,pending,configs/experiments/fm_giflow_native_queue.v3.json,configs/experiments/fm_giflow_native_queue.v4.json,experiments/runs/fm_giflow_native_v1/jobs/giflow_native__released_mirror__air36__threshold_0p6__seed394,experiments/runs/fm_giflow_native_v4/jobs/giflow_native__released_mirror__air36__threshold_0p6__seed394,False,False,,,,,,,,,False,False,Lost ephemeral update counters are not manufactured; old artifacts preserved.
GiFlow/threshold_0.6,imputation,giflow_native__reviewed_corrected__air36__threshold_0p6__seed394,air36,reviewed_corrected,threshold_0.6,394,0.2,point,pending,configs/experiments/fm_giflow_native_queue.v3.json,configs/experiments/fm_giflow_native_queue.v4.json,experiments/runs/fm_giflow_native_v1/jobs/giflow_native__reviewed_corrected__air36__threshold_0p6__seed394,experiments/runs/fm_giflow_native_v4/jobs/giflow_native__reviewed_corrected__air36__threshold_0p6__seed394,False,False,,,,,,,,,False,False,Lost ephemeral update counters are not manufactured; old artifacts preserved.
GiFlow/threshold_0.6,imputation,giflow_native__released_mirror__air36__threshold_0p6__seed395,air36,released_mirror,threshold_0.6,395,0.2,point,pending,configs/experiments/fm_giflow_native_queue.v3.json,configs/experiments/fm_giflow_native_queue.v4.json,experiments/runs/fm_giflow_native_v1/jobs/giflow_native__released_mirror__air36__threshold_0p6__seed395,experiments/runs/fm_giflow_native_v4/jobs/giflow_native__released_mirror__air36__threshold_0p6__seed395,False,False,,,,,,,,,False,False,Lost ephemeral update counters are not manufactured; old artifacts preserved.
GiFlow/threshold_0.6,imputation,giflow_native__reviewed_corrected__air36__threshold_0p6__seed395,air36,reviewed_corrected,threshold_0.6,395,0.2,point,pending,configs/experiments/fm_giflow_native_queue.v3.json,configs/experiments/fm_giflow_native_queue.v4.json,experiments/runs/fm_giflow_native_v1/jobs/giflow_native__reviewed_corrected__air36__threshold_0p6__seed395,experiments/runs/fm_giflow_native_v4/jobs/giflow_native__reviewed_corrected__air36__threshold_0p6__seed395,False,False,,,,,,,,,False,False,Lost ephemeral update counters are not manufactured; old artifacts preserved.
GiFlow/threshold_0.6,imputation,giflow_native__released_mirror__air36__threshold_0p6__seed396,air36,released_mirror,threshold_0.6,396,0.2,point,pending,configs/experiments/fm_giflow_native_queue.v3.json,configs/experiments/fm_giflow_native_queue.v4.json,experiments/runs/fm_giflow_native_v1/jobs/giflow_native__released_mirror__air36__threshold_0p6__seed396,experiments/runs/fm_giflow_native_v4/jobs/giflow_native__released_mirror__air36__threshold_0p6__seed396,False,False,,,,,,,,,False,False,Lost ephemeral update counters are not manufactured; old artifacts preserved.
GiFlow/threshold_0.6,imputation,giflow_native__reviewed_corrected__air36__threshold_0p6__seed396,air36,reviewed_corrected,threshold_0.6,396,0.2,point,pending,configs/experiments/fm_giflow_native_queue.v3.json,configs/experiments/fm_giflow_native_queue.v4.json,experiments/runs/fm_giflow_native_v1/jobs/giflow_native__reviewed_corrected__air36__threshold_0p6__seed396,experiments/runs/fm_giflow_native_v4/jobs/giflow_native__reviewed_corrected__air36__threshold_0p6__seed396,False,False,,,,,,,,,False,False,Lost ephemeral update counters are not manufactured; old artifacts preserved.
GiFlow/threshold_0.6,imputation,giflow_native__released_mirror__air36__threshold_0p6__seed397,air36,released_mirror,threshold_0.6,397,0.2,point,pending,configs/experiments/fm_giflow_native_queue.v3.json,configs/experiments/fm_giflow_native_queue.v4.json,experiments/runs/fm_giflow_native_v1/jobs/giflow_native__released_mirror__air36__threshold_0p6__seed397,experiments/runs/fm_giflow_native_v4/jobs/giflow_native__released_mirror__air36__threshold_0p6__seed397,False,False,,,,,,,,,False,False,Lost ephemeral update counters are not manufactured; old artifacts preserved.
GiFlow/threshold_0.6,imputation,giflow_native__reviewed_corrected__air36__threshold_0p6__seed397,air36,reviewed_corrected,threshold_0.6,397,0.2,point,pending,configs/experiments/fm_giflow_native_queue.v3.json,configs/experiments/fm_giflow_native_queue.v4.json,experiments/runs/fm_giflow_native_v1/jobs/giflow_native__reviewed_corrected__air36__threshold_0p6__seed397,experiments/runs/fm_giflow_native_v4/jobs/giflow_native__reviewed_corrected__air36__threshold_0p6__seed397,False,False,,,,,,,,,False,False,Lost ephemeral update counters are not manufactured; old artifacts preserved.
