track,dataset,variant,method,epochs,required_seeds,completed_seeds,paper_MSE_mean,paper_MSE_std,paper_source_page,author_equivalence_certified,comparison,status_counts,MSE_n,MSE_mean,MSE_std,MSE_se,MSE_ci95_low,MSE_ci95_high,MAE_n,MAE_mean,MAE_std,MAE_se,MAE_ci95_low,MAE_ci95_high,RMSE_n,RMSE_mean,RMSE_std,RMSE_se,RMSE_ci95_low,RMSE_ci95_high,MSE_mean_minus_paper,training_seconds_mean,score_seconds_mean
appendix_d,pendulum,bb_paper_literal,bb,400,5,5,2.31,1.68,4,False,full_frozen_local_protocol_numerical_comparison_only,"{""completed"": 5}",5,2.6459271745105357,3.089489059416099,1.381661510519257,-1.1901801634108446,6.482034512431916,5,1.1484170969762275,0.6496552202640082,0.29053464688958425,0.341763598729272,1.955070595223183,5,1.4576853197983017,0.8070631039106065,0.3609295924952185,0.4555841193939181,2.4597865202026856,0.33592717451053566,7.108731600036845,1.953744800016284
main_text,pendulum,bb_paper_literal,bb,400,5,5,2.31,1.68,4,False,full_frozen_local_protocol_numerical_comparison_only,"{""completed"": 5}",5,2.6459271745105357,3.089489059416099,1.381661510519257,-1.1901801634108446,6.482034512431916,5,1.1484170969762275,0.6496552202640082,0.29053464688958425,0.341763598729272,1.955070595223183,5,1.4576853197983017,0.8070631039106065,0.3609295924952185,0.4555841193939181,2.4597865202026856,0.33592717451053566,7.109807120030746,1.9707968600094319
appendix_d,pendulum,bb_paper_literal,bb,600,5,5,2.31,1.68,4,False,full_frozen_local_protocol_numerical_comparison_only,"{""completed"": 5}",5,1.2273134635598317,1.2118929628057404,0.5419750092574519,-0.27745039803254934,2.732077325152213,5,0.7789208140440985,0.38750418146549326,0.1732971382644514,0.29777082276497724,1.26007080532322,5,1.0298415502361054,0.45653565710567295,0.2041689526881639,0.4629776609116928,1.5967054395605178,-1.0826865364401683,9.489401739975438,2.4982930599711834
main_text,pendulum,bb_paper_literal,bb,600,5,5,2.31,1.68,4,False,full_frozen_local_protocol_numerical_comparison_only,"{""completed"": 5}",5,1.2273134635598317,1.2118929628057404,0.5419750092574519,-0.27745039803254934,2.732077325152213,5,0.7789208140440985,0.38750418146549326,0.1732971382644514,0.29777082276497724,1.26007080532322,5,1.0298415502361054,0.45653565710567295,0.2041689526881639,0.4629776609116928,1.5967054395605178,-1.0826865364401683,9.949770360067486,2.5913171999156477
appendix_d,pendulum,bb_gaussian_consistent,bb,400,5,5,2.31,1.68,4,False,full_frozen_local_protocol_numerical_comparison_only,"{""completed"": 5}",5,1.000496638021914,0.28842274479654434,0.12898657272442937,0.6423724995449329,1.3586207764988951,5,0.7744530154431875,0.12830092731831316,0.0573779190120016,0.6151463730558802,0.9337596578304947,5,0.9930595859058717,0.13383430456338755,0.05985252054502897,0.8268823482048757,1.1592368236068678,-1.309503361978086,7.1020178199280055,1.8926061399746685
main_text,pendulum,bb_gaussian_consistent,bb,400,5,5,2.31,1.68,4,False,full_frozen_local_protocol_numerical_comparison_only,"{""completed"": 5}",5,1.000496638021914,0.28842274479654434,0.12898657272442937,0.6423724995449329,1.3586207764988951,5,0.7744530154431875,0.12830092731831316,0.0573779190120016,0.6151463730558802,0.9337596578304947,5,0.9930595859058717,0.13383430456338755,0.05985252054502897,0.8268823482048757,1.1592368236068678,-1.309503361978086,7.051375420065597,1.8474096399731934
appendix_d,pendulum,bb_gaussian_consistent,bb,600,5,5,2.31,1.68,4,False,full_frozen_local_protocol_numerical_comparison_only,"{""completed"": 5}",5,1.211188026296688,0.5936856005607253,0.2655042720233138,0.4740299898284551,1.9483460627649212,5,0.7689780126176124,0.16140763341218856,0.07218368807940398,0.568563965174427,0.9693920600607979,5,1.0753885331065716,0.2615519287818017,0.11696957848045848,0.7506289194774535,1.4001481467356895,-1.098811973703312,9.550659780018032,2.2592681599315254
main_text,pendulum,bb_gaussian_consistent,bb,600,5,5,2.31,1.68,4,False,full_frozen_local_protocol_numerical_comparison_only,"{""completed"": 5}",5,1.211188026296688,0.5936856005607253,0.2655042720233138,0.4740299898284551,1.9483460627649212,5,0.7689780126176124,0.16140763341218856,0.07218368807940398,0.568563965174427,0.9693920600607979,5,1.0753885331065716,0.2615519287818017,0.11696957848045848,0.7506289194774535,1.4001481467356895,-1.098811973703312,9.533926660008728,2.3037754400167616
appendix_d,pendulum,gp_paper_literal,gp,400,5,5,0.09,0.14,4,False,full_frozen_local_protocol_numerical_comparison_only,"{""completed"": 5}",5,3.7823441229217063,0.15805042005517148,0.0706822966231519,3.5860986064382177,3.978589639405195,5,1.5897305514882174,0.0651241163547615,0.0291243902287705,1.508868280795677,1.6705928221807578,5,1.9444897632487261,0.04036835924674706,0.018053279083171725,1.8943658249054842,1.994613701591968,3.6923441229217064,41.75637717996724,0.14930966002866625
main_text,pendulum,gp_paper_literal,gp,400,5,5,0.09,0.14,4,False,full_frozen_local_protocol_numerical_comparison_only,"{""completed"": 5}",5,3.7893754346921846,0.16110013621469238,0.07204617115210556,3.5893431954486785,3.9894076739356907,5,1.591815884766245,0.06656969139757601,0.029770871041232588,1.5091586955863399,1.67447307394615,5,1.9462849020222182,0.041087024298270484,0.018374675864823678,1.8952686231577325,1.9973011808867038,3.6993754346921848,40.47547396002337,0.12810376002453266
appendix_d,pendulum,gp_paper_literal,gp,600,5,5,0.09,0.14,4,False,full_frozen_local_protocol_numerical_comparison_only,"{""completed"": 5}",5,3.7819694537564934,0.15582744305643562,0.06968815108683353,3.5884841277811703,3.9754547797318165,5,1.5895859079856627,0.06452854862555499,0.028858044243228315,1.50946313230097,1.6697086836703554,5,1.9444031434461737,0.03977859840937498,0.01778953001860549,1.8950114899022472,1.9937947969901002,3.6919694537564935,54.98155239997432,0.12613947996869684
main_text,pendulum,gp_paper_literal,gp,600,5,5,0.09,0.14,4,False,full_frozen_local_protocol_numerical_comparison_only,"{""completed"": 5}",5,3.7932000522525087,0.16461357634736526,0.07361742934641205,3.5888053008864187,3.9975948036185986,5,1.5930163394362618,0.06721447794756907,0.030059228352584996,1.5095585420107045,1.676474136861819,5,1.9472511033066213,0.04202964613899123,0.018796229167409192,1.895064404838592,1.9994378017746506,3.703200052252509,56.31300168000162,0.1506663399748504
appendix_d,pendulum,gp_gaussian_conditional,gp,400,5,5,0.09,0.14,4,False,full_frozen_local_protocol_numerical_comparison_only,"{""completed"": 5}",5,3.7823441229217063,0.15805042005517148,0.0706822966231519,3.5860986064382177,3.978589639405195,5,1.5897305514882174,0.0651241163547615,0.0291243902287705,1.508868280795677,1.6705928221807578,5,1.9444897632487261,0.04036835924674706,0.018053279083171725,1.8943658249054842,1.994613701591968,3.6923441229217064,43.41422421997413,0.1503703800495714
main_text,pendulum,gp_gaussian_conditional,gp,400,5,5,0.09,0.14,4,False,full_frozen_local_protocol_numerical_comparison_only,"{""completed"": 5}",5,3.7893754346921846,0.16110013621469238,0.07204617115210556,3.5893431954486785,3.9894076739356907,5,1.591815884766245,0.06656969139757601,0.029770871041232588,1.5091586955863399,1.67447307394615,5,1.9462849020222182,0.041087024298270484,0.018374675864823678,1.8952686231577325,1.9973011808867038,3.6993754346921848,44.49614639999345,0.13305302006192504
appendix_d,pendulum,gp_gaussian_conditional,gp,600,5,5,0.09,0.14,4,False,full_frozen_local_protocol_numerical_comparison_only,"{""completed"": 5}",5,3.7819694537564934,0.15582744305643562,0.06968815108683353,3.5884841277811703,3.9754547797318165,5,1.5895859079856627,0.06452854862555499,0.028858044243228315,1.50946313230097,1.6697086836703554,5,1.9444031434461737,0.03977859840937498,0.01778953001860549,1.8950114899022472,1.9937947969901002,3.6919694537564935,57.44986090003513,0.14730243999511003
main_text,pendulum,gp_gaussian_conditional,gp,600,5,5,0.09,0.14,4,False,full_frozen_local_protocol_numerical_comparison_only,"{""completed"": 5}",5,3.7932000522525087,0.16461357634736526,0.07361742934641205,3.5888053008864187,3.9975948036185986,5,1.5930163394362618,0.06721447794756907,0.030059228352584996,1.5095585420107045,1.676474136861819,5,1.9472511033066213,0.04202964613899123,0.018796229167409192,1.895064404838592,1.9994378017746506,3.703200052252509,57.860441179946065,0.14367299997247757
appendix_d,pendulum,node,node,10,5,2,,,4,False,partial_seeds_numerical_comparison_only,"{""pending_exact_recovery"": 2, ""completed"": 2, ""running"": 1}",2,2.1296202162407267,0.8735498148841113,0.6176929978088084,-5.718913478019499,9.978153910500954,2,1.201863384395672,0.19683546927487172,0.1391836951022981,-0.5666331415114427,2.970359910302787,2,1.4435532987597126,0.3025692974532555,0.21394880200804653,-1.27492398261383,4.162030580133255,,1886.129193349996,0.19473414999811212
main_text,pendulum,node,node,400,5,0,,,4,False,unavailable,"{""pending"": 5}",0,,,,,,0,,,,,,0,,,,,,,,
main_text,pendulum,node,node,600,5,0,,,4,False,unavailable,"{""pending"": 5}",0,,,,,,0,,,,,,0,,,,,,,,
appendix_d,sine,bb_paper_literal,bb,400,5,0,0.07,0.05,4,False,unavailable,"{""pending"": 5}",0,,,,,,0,,,,,,0,,,,,,,,
main_text,sine,bb_paper_literal,bb,400,5,0,0.07,0.05,4,False,unavailable,"{""pending"": 5}",0,,,,,,0,,,,,,0,,,,,,,,
appendix_d,sine,bb_paper_literal,bb,600,5,0,0.07,0.05,4,False,unavailable,"{""pending"": 5}",0,,,,,,0,,,,,,0,,,,,,,,
main_text,sine,bb_paper_literal,bb,600,5,0,0.07,0.05,4,False,unavailable,"{""pending"": 5}",0,,,,,,0,,,,,,0,,,,,,,,
appendix_d,sine,bb_gaussian_consistent,bb,400,5,0,0.07,0.05,4,False,unavailable,"{""pending"": 5}",0,,,,,,0,,,,,,0,,,,,,,,
main_text,sine,bb_gaussian_consistent,bb,400,5,0,0.07,0.05,4,False,unavailable,"{""pending"": 5}",0,,,,,,0,,,,,,0,,,,,,,,
appendix_d,sine,bb_gaussian_consistent,bb,600,5,0,0.07,0.05,4,False,unavailable,"{""pending"": 5}",0,,,,,,0,,,,,,0,,,,,,,,
main_text,sine,bb_gaussian_consistent,bb,600,5,0,0.07,0.05,4,False,unavailable,"{""pending"": 5}",0,,,,,,0,,,,,,0,,,,,,,,
appendix_d,sine,gp_paper_literal,gp,400,5,0,0.005,0.003,4,False,unavailable,"{""pending"": 5}",0,,,,,,0,,,,,,0,,,,,,,,
main_text,sine,gp_paper_literal,gp,400,5,0,0.005,0.003,4,False,unavailable,"{""pending"": 5}",0,,,,,,0,,,,,,0,,,,,,,,
appendix_d,sine,gp_paper_literal,gp,600,5,0,0.005,0.003,4,False,unavailable,"{""pending"": 5}",0,,,,,,0,,,,,,0,,,,,,,,
main_text,sine,gp_paper_literal,gp,600,5,0,0.005,0.003,4,False,unavailable,"{""pending"": 5}",0,,,,,,0,,,,,,0,,,,,,,,
appendix_d,sine,gp_gaussian_conditional,gp,400,5,0,0.005,0.003,4,False,unavailable,"{""pending"": 5}",0,,,,,,0,,,,,,0,,,,,,,,
main_text,sine,gp_gaussian_conditional,gp,400,5,0,0.005,0.003,4,False,unavailable,"{""pending"": 5}",0,,,,,,0,,,,,,0,,,,,,,,
appendix_d,sine,gp_gaussian_conditional,gp,600,5,0,0.005,0.003,4,False,unavailable,"{""pending"": 5}",0,,,,,,0,,,,,,0,,,,,,,,
main_text,sine,gp_gaussian_conditional,gp,600,5,0,0.005,0.003,4,False,unavailable,"{""pending"": 5}",0,,,,,,0,,,,,,0,,,,,,,,
appendix_d,sine,node,node,10,5,0,0.04,0.005,4,False,unavailable,"{""pending"": 5}",0,,,,,,0,,,,,,0,,,,,,,,
main_text,sine,node,node,400,5,0,0.04,0.005,4,False,unavailable,"{""pending"": 5}",0,,,,,,0,,,,,,0,,,,,,,,
main_text,sine,node,node,600,5,0,0.04,0.005,4,False,unavailable,"{""pending"": 5}",0,,,,,,0,,,,,,0,,,,,,,,
appendix_d,lotka_volterra,bb_paper_literal,bb,400,5,0,0.008,0.003,4,False,unavailable,"{""pending"": 5}",0,,,,,,0,,,,,,0,,,,,,,,
main_text,lotka_volterra,bb_paper_literal,bb,400,5,0,0.008,0.003,4,False,unavailable,"{""pending"": 5}",0,,,,,,0,,,,,,0,,,,,,,,
appendix_d,lotka_volterra,bb_paper_literal,bb,600,5,0,0.008,0.003,4,False,unavailable,"{""pending"": 5}",0,,,,,,0,,,,,,0,,,,,,,,
main_text,lotka_volterra,bb_paper_literal,bb,600,5,0,0.008,0.003,4,False,unavailable,"{""pending"": 5}",0,,,,,,0,,,,,,0,,,,,,,,
appendix_d,lotka_volterra,bb_gaussian_consistent,bb,400,5,0,0.008,0.003,4,False,unavailable,"{""pending"": 5}",0,,,,,,0,,,,,,0,,,,,,,,
main_text,lotka_volterra,bb_gaussian_consistent,bb,400,5,0,0.008,0.003,4,False,unavailable,"{""pending"": 5}",0,,,,,,0,,,,,,0,,,,,,,,
appendix_d,lotka_volterra,bb_gaussian_consistent,bb,600,5,0,0.008,0.003,4,False,unavailable,"{""pending"": 5}",0,,,,,,0,,,,,,0,,,,,,,,
main_text,lotka_volterra,bb_gaussian_consistent,bb,600,5,0,0.008,0.003,4,False,unavailable,"{""pending"": 5}",0,,,,,,0,,,,,,0,,,,,,,,
appendix_d,lotka_volterra,gp_paper_literal,gp,400,5,0,0.0086,0.002,4,False,unavailable,"{""pending"": 5}",0,,,,,,0,,,,,,0,,,,,,,,
main_text,lotka_volterra,gp_paper_literal,gp,400,5,0,0.0086,0.002,4,False,unavailable,"{""pending"": 5}",0,,,,,,0,,,,,,0,,,,,,,,
appendix_d,lotka_volterra,gp_paper_literal,gp,600,5,0,0.0086,0.002,4,False,unavailable,"{""pending"": 5}",0,,,,,,0,,,,,,0,,,,,,,,
main_text,lotka_volterra,gp_paper_literal,gp,600,5,0,0.0086,0.002,4,False,unavailable,"{""pending"": 5}",0,,,,,,0,,,,,,0,,,,,,,,
appendix_d,lotka_volterra,gp_gaussian_conditional,gp,400,5,0,0.0086,0.002,4,False,unavailable,"{""pending"": 5}",0,,,,,,0,,,,,,0,,,,,,,,
main_text,lotka_volterra,gp_gaussian_conditional,gp,400,5,0,0.0086,0.002,4,False,unavailable,"{""pending"": 5}",0,,,,,,0,,,,,,0,,,,,,,,
appendix_d,lotka_volterra,gp_gaussian_conditional,gp,600,5,0,0.0086,0.002,4,False,unavailable,"{""pending"": 5}",0,,,,,,0,,,,,,0,,,,,,,,
main_text,lotka_volterra,gp_gaussian_conditional,gp,600,5,0,0.0086,0.002,4,False,unavailable,"{""pending"": 5}",0,,,,,,0,,,,,,0,,,,,,,,
appendix_d,lotka_volterra,node,node,10,5,0,0.06,0.061,4,False,unavailable,"{""pending"": 5}",0,,,,,,0,,,,,,0,,,,,,,,
main_text,lotka_volterra,node,node,400,5,0,0.06,0.061,4,False,unavailable,"{""pending"": 5}",0,,,,,,0,,,,,,0,,,,,,,,
main_text,lotka_volterra,node,node,600,5,0,0.06,0.061,4,False,unavailable,"{""pending"": 5}",0,,,,,,0,,,,,,0,,,,,,,,
