model,dataset,metric,paper_value,page,table,printed_decimal_places,paper_repetitions,source_sha256,citation
HBOS,SMAP,PRC,0.1897,8,1,4,10,1b9e48e68d57ca8466099d0515ac67b2c3309b75cf9445ac58f5fd6ec39583fd,https://arxiv.org/abs/2609.36765
HBOS,SMAP,ROC,0.565,8,1,4,10,1b9e48e68d57ca8466099d0515ac67b2c3309b75cf9445ac58f5fd6ec39583fd,https://arxiv.org/abs/2609.36765
HBOS,SMAP,Best_F1,0.2664,8,1,4,10,1b9e48e68d57ca8466099d0515ac67b2c3309b75cf9445ac58f5fd6ec39583fd,https://arxiv.org/abs/2609.36765
HBOS,SMD,PRC,0.2678,8,1,4,10,1b9e48e68d57ca8466099d0515ac67b2c3309b75cf9445ac58f5fd6ec39583fd,https://arxiv.org/abs/2609.36765
HBOS,SMD,ROC,0.7378,8,1,4,10,1b9e48e68d57ca8466099d0515ac67b2c3309b75cf9445ac58f5fd6ec39583fd,https://arxiv.org/abs/2609.36765
HBOS,SMD,Best_F1,0.3556,8,1,4,10,1b9e48e68d57ca8466099d0515ac67b2c3309b75cf9445ac58f5fd6ec39583fd,https://arxiv.org/abs/2609.36765
HBOS,CICIDS,PRC,0.2603,8,1,4,10,1b9e48e68d57ca8466099d0515ac67b2c3309b75cf9445ac58f5fd6ec39583fd,https://arxiv.org/abs/2609.36765
HBOS,CICIDS,ROC,0.5586,8,1,4,10,1b9e48e68d57ca8466099d0515ac67b2c3309b75cf9445ac58f5fd6ec39583fd,https://arxiv.org/abs/2609.36765
HBOS,CICIDS,Best_F1,0.3852,8,1,4,10,1b9e48e68d57ca8466099d0515ac67b2c3309b75cf9445ac58f5fd6ec39583fd,https://arxiv.org/abs/2609.36765
HBOS,SWAN,PRC,0.2792,8,1,4,10,1b9e48e68d57ca8466099d0515ac67b2c3309b75cf9445ac58f5fd6ec39583fd,https://arxiv.org/abs/2609.36765
HBOS,SWAN,ROC,0.5,8,1,4,10,1b9e48e68d57ca8466099d0515ac67b2c3309b75cf9445ac58f5fd6ec39583fd,https://arxiv.org/abs/2609.36765
HBOS,SWAN,Best_F1,0.4365,8,1,4,10,1b9e48e68d57ca8466099d0515ac67b2c3309b75cf9445ac58f5fd6ec39583fd,https://arxiv.org/abs/2609.36765
COPOD,SMAP,PRC,0.1927,8,1,4,10,1b9e48e68d57ca8466099d0515ac67b2c3309b75cf9445ac58f5fd6ec39583fd,https://arxiv.org/abs/2609.36765
COPOD,SMAP,ROC,0.5918,8,1,4,10,1b9e48e68d57ca8466099d0515ac67b2c3309b75cf9445ac58f5fd6ec39583fd,https://arxiv.org/abs/2609.36765
COPOD,SMAP,Best_F1,0.2841,8,1,4,10,1b9e48e68d57ca8466099d0515ac67b2c3309b75cf9445ac58f5fd6ec39583fd,https://arxiv.org/abs/2609.36765
COPOD,SMD,PRC,0.2139,8,1,4,10,1b9e48e68d57ca8466099d0515ac67b2c3309b75cf9445ac58f5fd6ec39583fd,https://arxiv.org/abs/2609.36765
COPOD,SMD,ROC,0.7193,8,1,4,10,1b9e48e68d57ca8466099d0515ac67b2c3309b75cf9445ac58f5fd6ec39583fd,https://arxiv.org/abs/2609.36765
COPOD,SMD,Best_F1,0.2951,8,1,4,10,1b9e48e68d57ca8466099d0515ac67b2c3309b75cf9445ac58f5fd6ec39583fd,https://arxiv.org/abs/2609.36765
COPOD,CICIDS,PRC,0.2214,8,1,4,10,1b9e48e68d57ca8466099d0515ac67b2c3309b75cf9445ac58f5fd6ec39583fd,https://arxiv.org/abs/2609.36765
COPOD,CICIDS,ROC,0.5566,8,1,4,10,1b9e48e68d57ca8466099d0515ac67b2c3309b75cf9445ac58f5fd6ec39583fd,https://arxiv.org/abs/2609.36765
COPOD,CICIDS,Best_F1,0.3733,8,1,4,10,1b9e48e68d57ca8466099d0515ac67b2c3309b75cf9445ac58f5fd6ec39583fd,https://arxiv.org/abs/2609.36765
COPOD,SWAN,PRC,0.2792,8,1,4,10,1b9e48e68d57ca8466099d0515ac67b2c3309b75cf9445ac58f5fd6ec39583fd,https://arxiv.org/abs/2609.36765
COPOD,SWAN,ROC,0.5,8,1,4,10,1b9e48e68d57ca8466099d0515ac67b2c3309b75cf9445ac58f5fd6ec39583fd,https://arxiv.org/abs/2609.36765
COPOD,SWAN,Best_F1,0.4365,8,1,4,10,1b9e48e68d57ca8466099d0515ac67b2c3309b75cf9445ac58f5fd6ec39583fd,https://arxiv.org/abs/2609.36765
Autoencoder,SMAP,PRC,0.2277,8,1,4,10,1b9e48e68d57ca8466099d0515ac67b2c3309b75cf9445ac58f5fd6ec39583fd,https://arxiv.org/abs/2609.36765
Autoencoder,SMAP,ROC,0.5859,8,1,4,10,1b9e48e68d57ca8466099d0515ac67b2c3309b75cf9445ac58f5fd6ec39583fd,https://arxiv.org/abs/2609.36765
Autoencoder,SMAP,Best_F1,0.2991,8,1,4,10,1b9e48e68d57ca8466099d0515ac67b2c3309b75cf9445ac58f5fd6ec39583fd,https://arxiv.org/abs/2609.36765
Autoencoder,SMD,PRC,0.3613,8,1,4,10,1b9e48e68d57ca8466099d0515ac67b2c3309b75cf9445ac58f5fd6ec39583fd,https://arxiv.org/abs/2609.36765
Autoencoder,SMD,ROC,0.7297,8,1,4,10,1b9e48e68d57ca8466099d0515ac67b2c3309b75cf9445ac58f5fd6ec39583fd,https://arxiv.org/abs/2609.36765
Autoencoder,SMD,Best_F1,0.4214,8,1,4,10,1b9e48e68d57ca8466099d0515ac67b2c3309b75cf9445ac58f5fd6ec39583fd,https://arxiv.org/abs/2609.36765
Autoencoder,CICIDS,PRC,0.3147,8,1,4,10,1b9e48e68d57ca8466099d0515ac67b2c3309b75cf9445ac58f5fd6ec39583fd,https://arxiv.org/abs/2609.36765
Autoencoder,CICIDS,ROC,0.7276,8,1,4,10,1b9e48e68d57ca8466099d0515ac67b2c3309b75cf9445ac58f5fd6ec39583fd,https://arxiv.org/abs/2609.36765
Autoencoder,CICIDS,Best_F1,0.3938,8,1,4,10,1b9e48e68d57ca8466099d0515ac67b2c3309b75cf9445ac58f5fd6ec39583fd,https://arxiv.org/abs/2609.36765
Autoencoder,SWAN,PRC,0.3294,8,1,4,10,1b9e48e68d57ca8466099d0515ac67b2c3309b75cf9445ac58f5fd6ec39583fd,https://arxiv.org/abs/2609.36765
Autoencoder,SWAN,ROC,0.4944,8,1,4,10,1b9e48e68d57ca8466099d0515ac67b2c3309b75cf9445ac58f5fd6ec39583fd,https://arxiv.org/abs/2609.36765
Autoencoder,SWAN,Best_F1,0.4371,8,1,4,10,1b9e48e68d57ca8466099d0515ac67b2c3309b75cf9445ac58f5fd6ec39583fd,https://arxiv.org/abs/2609.36765
USAD,SMAP,PRC,0.2263,8,1,4,10,1b9e48e68d57ca8466099d0515ac67b2c3309b75cf9445ac58f5fd6ec39583fd,https://arxiv.org/abs/2609.36765
USAD,SMAP,ROC,0.585,8,1,4,10,1b9e48e68d57ca8466099d0515ac67b2c3309b75cf9445ac58f5fd6ec39583fd,https://arxiv.org/abs/2609.36765
USAD,SMAP,Best_F1,0.385,8,1,4,10,1b9e48e68d57ca8466099d0515ac67b2c3309b75cf9445ac58f5fd6ec39583fd,https://arxiv.org/abs/2609.36765
USAD,SMD,PRC,0.4105,8,1,4,10,1b9e48e68d57ca8466099d0515ac67b2c3309b75cf9445ac58f5fd6ec39583fd,https://arxiv.org/abs/2609.36765
USAD,SMD,ROC,0.8726,8,1,4,10,1b9e48e68d57ca8466099d0515ac67b2c3309b75cf9445ac58f5fd6ec39583fd,https://arxiv.org/abs/2609.36765
USAD,SMD,Best_F1,0.481,8,1,4,10,1b9e48e68d57ca8466099d0515ac67b2c3309b75cf9445ac58f5fd6ec39583fd,https://arxiv.org/abs/2609.36765
USAD,CICIDS,PRC,0.2094,8,1,4,10,1b9e48e68d57ca8466099d0515ac67b2c3309b75cf9445ac58f5fd6ec39583fd,https://arxiv.org/abs/2609.36765
USAD,CICIDS,ROC,0.4619,8,1,4,10,1b9e48e68d57ca8466099d0515ac67b2c3309b75cf9445ac58f5fd6ec39583fd,https://arxiv.org/abs/2609.36765
USAD,CICIDS,Best_F1,0.3525,8,1,4,10,1b9e48e68d57ca8466099d0515ac67b2c3309b75cf9445ac58f5fd6ec39583fd,https://arxiv.org/abs/2609.36765
USAD,SWAN,PRC,0.4405,8,1,4,10,1b9e48e68d57ca8466099d0515ac67b2c3309b75cf9445ac58f5fd6ec39583fd,https://arxiv.org/abs/2609.36765
USAD,SWAN,ROC,0.5585,8,1,4,10,1b9e48e68d57ca8466099d0515ac67b2c3309b75cf9445ac58f5fd6ec39583fd,https://arxiv.org/abs/2609.36765
USAD,SWAN,Best_F1,0.4365,8,1,4,10,1b9e48e68d57ca8466099d0515ac67b2c3309b75cf9445ac58f5fd6ec39583fd,https://arxiv.org/abs/2609.36765
CNN,SMAP,PRC,0.2136,8,1,4,10,1b9e48e68d57ca8466099d0515ac67b2c3309b75cf9445ac58f5fd6ec39583fd,https://arxiv.org/abs/2609.36765
CNN,SMAP,ROC,0.6577,8,1,4,10,1b9e48e68d57ca8466099d0515ac67b2c3309b75cf9445ac58f5fd6ec39583fd,https://arxiv.org/abs/2609.36765
CNN,SMAP,Best_F1,0.3471,8,1,4,10,1b9e48e68d57ca8466099d0515ac67b2c3309b75cf9445ac58f5fd6ec39583fd,https://arxiv.org/abs/2609.36765
CNN,SMD,PRC,0.373,8,1,4,10,1b9e48e68d57ca8466099d0515ac67b2c3309b75cf9445ac58f5fd6ec39583fd,https://arxiv.org/abs/2609.36765
CNN,SMD,ROC,0.7921,8,1,4,10,1b9e48e68d57ca8466099d0515ac67b2c3309b75cf9445ac58f5fd6ec39583fd,https://arxiv.org/abs/2609.36765
CNN,SMD,Best_F1,0.4313,8,1,4,10,1b9e48e68d57ca8466099d0515ac67b2c3309b75cf9445ac58f5fd6ec39583fd,https://arxiv.org/abs/2609.36765
CNN,CICIDS,PRC,0.2371,8,1,4,10,1b9e48e68d57ca8466099d0515ac67b2c3309b75cf9445ac58f5fd6ec39583fd,https://arxiv.org/abs/2609.36765
CNN,CICIDS,ROC,0.5543,8,1,4,10,1b9e48e68d57ca8466099d0515ac67b2c3309b75cf9445ac58f5fd6ec39583fd,https://arxiv.org/abs/2609.36765
CNN,CICIDS,Best_F1,0.3991,8,1,4,10,1b9e48e68d57ca8466099d0515ac67b2c3309b75cf9445ac58f5fd6ec39583fd,https://arxiv.org/abs/2609.36765
CNN,SWAN,PRC,0.376,8,1,4,10,1b9e48e68d57ca8466099d0515ac67b2c3309b75cf9445ac58f5fd6ec39583fd,https://arxiv.org/abs/2609.36765
CNN,SWAN,ROC,0.4966,8,1,4,10,1b9e48e68d57ca8466099d0515ac67b2c3309b75cf9445ac58f5fd6ec39583fd,https://arxiv.org/abs/2609.36765
CNN,SWAN,Best_F1,0.4365,8,1,4,10,1b9e48e68d57ca8466099d0515ac67b2c3309b75cf9445ac58f5fd6ec39583fd,https://arxiv.org/abs/2609.36765
OmniAnomaly,SMAP,PRC,0.242,8,1,4,10,1b9e48e68d57ca8466099d0515ac67b2c3309b75cf9445ac58f5fd6ec39583fd,https://arxiv.org/abs/2609.36765
OmniAnomaly,SMAP,ROC,0.595,8,1,4,10,1b9e48e68d57ca8466099d0515ac67b2c3309b75cf9445ac58f5fd6ec39583fd,https://arxiv.org/abs/2609.36765
OmniAnomaly,SMAP,Best_F1,0.4065,8,1,4,10,1b9e48e68d57ca8466099d0515ac67b2c3309b75cf9445ac58f5fd6ec39583fd,https://arxiv.org/abs/2609.36765
OmniAnomaly,SMD,PRC,0.4284,8,1,4,10,1b9e48e68d57ca8466099d0515ac67b2c3309b75cf9445ac58f5fd6ec39583fd,https://arxiv.org/abs/2609.36765
OmniAnomaly,SMD,ROC,0.8822,8,1,4,10,1b9e48e68d57ca8466099d0515ac67b2c3309b75cf9445ac58f5fd6ec39583fd,https://arxiv.org/abs/2609.36765
OmniAnomaly,SMD,Best_F1,0.5061,8,1,4,10,1b9e48e68d57ca8466099d0515ac67b2c3309b75cf9445ac58f5fd6ec39583fd,https://arxiv.org/abs/2609.36765
OmniAnomaly,CICIDS,PRC,0.2138,8,1,4,10,1b9e48e68d57ca8466099d0515ac67b2c3309b75cf9445ac58f5fd6ec39583fd,https://arxiv.org/abs/2609.36765
OmniAnomaly,CICIDS,ROC,0.4501,8,1,4,10,1b9e48e68d57ca8466099d0515ac67b2c3309b75cf9445ac58f5fd6ec39583fd,https://arxiv.org/abs/2609.36765
OmniAnomaly,CICIDS,Best_F1,0.3548,8,1,4,10,1b9e48e68d57ca8466099d0515ac67b2c3309b75cf9445ac58f5fd6ec39583fd,https://arxiv.org/abs/2609.36765
OmniAnomaly,SWAN,PRC,0.4847,8,1,4,10,1b9e48e68d57ca8466099d0515ac67b2c3309b75cf9445ac58f5fd6ec39583fd,https://arxiv.org/abs/2609.36765
OmniAnomaly,SWAN,ROC,0.613,8,1,4,10,1b9e48e68d57ca8466099d0515ac67b2c3309b75cf9445ac58f5fd6ec39583fd,https://arxiv.org/abs/2609.36765
OmniAnomaly,SWAN,Best_F1,0.4365,8,1,4,10,1b9e48e68d57ca8466099d0515ac67b2c3309b75cf9445ac58f5fd6ec39583fd,https://arxiv.org/abs/2609.36765
TranAD,SMAP,PRC,0.2122,8,1,4,10,1b9e48e68d57ca8466099d0515ac67b2c3309b75cf9445ac58f5fd6ec39583fd,https://arxiv.org/abs/2609.36765
TranAD,SMAP,ROC,0.6104,8,1,4,10,1b9e48e68d57ca8466099d0515ac67b2c3309b75cf9445ac58f5fd6ec39583fd,https://arxiv.org/abs/2609.36765
TranAD,SMAP,Best_F1,0.3264,8,1,4,10,1b9e48e68d57ca8466099d0515ac67b2c3309b75cf9445ac58f5fd6ec39583fd,https://arxiv.org/abs/2609.36765
TranAD,SMD,PRC,0.3304,8,1,4,10,1b9e48e68d57ca8466099d0515ac67b2c3309b75cf9445ac58f5fd6ec39583fd,https://arxiv.org/abs/2609.36765
TranAD,SMD,ROC,0.7691,8,1,4,10,1b9e48e68d57ca8466099d0515ac67b2c3309b75cf9445ac58f5fd6ec39583fd,https://arxiv.org/abs/2609.36765
TranAD,SMD,Best_F1,0.4181,8,1,4,10,1b9e48e68d57ca8466099d0515ac67b2c3309b75cf9445ac58f5fd6ec39583fd,https://arxiv.org/abs/2609.36765
TranAD,CICIDS,PRC,0.2043,8,1,4,10,1b9e48e68d57ca8466099d0515ac67b2c3309b75cf9445ac58f5fd6ec39583fd,https://arxiv.org/abs/2609.36765
TranAD,CICIDS,ROC,0.4704,8,1,4,10,1b9e48e68d57ca8466099d0515ac67b2c3309b75cf9445ac58f5fd6ec39583fd,https://arxiv.org/abs/2609.36765
TranAD,CICIDS,Best_F1,0.3416,8,1,4,10,1b9e48e68d57ca8466099d0515ac67b2c3309b75cf9445ac58f5fd6ec39583fd,https://arxiv.org/abs/2609.36765
TranAD,SWAN,PRC,0.336,8,1,4,10,1b9e48e68d57ca8466099d0515ac67b2c3309b75cf9445ac58f5fd6ec39583fd,https://arxiv.org/abs/2609.36765
TranAD,SWAN,ROC,0.4911,8,1,4,10,1b9e48e68d57ca8466099d0515ac67b2c3309b75cf9445ac58f5fd6ec39583fd,https://arxiv.org/abs/2609.36765
TranAD,SWAN,Best_F1,0.4365,8,1,4,10,1b9e48e68d57ca8466099d0515ac67b2c3309b75cf9445ac58f5fd6ec39583fd,https://arxiv.org/abs/2609.36765
A-Transformer,SMAP,PRC,0.134,8,1,4,10,1b9e48e68d57ca8466099d0515ac67b2c3309b75cf9445ac58f5fd6ec39583fd,https://arxiv.org/abs/2609.36765
A-Transformer,SMAP,ROC,0.5065,8,1,4,10,1b9e48e68d57ca8466099d0515ac67b2c3309b75cf9445ac58f5fd6ec39583fd,https://arxiv.org/abs/2609.36765
A-Transformer,SMAP,Best_F1,0.206,8,1,4,10,1b9e48e68d57ca8466099d0515ac67b2c3309b75cf9445ac58f5fd6ec39583fd,https://arxiv.org/abs/2609.36765
A-Transformer,SMD,PRC,0.072,8,1,4,10,1b9e48e68d57ca8466099d0515ac67b2c3309b75cf9445ac58f5fd6ec39583fd,https://arxiv.org/abs/2609.36765
A-Transformer,SMD,ROC,0.5013,8,1,4,10,1b9e48e68d57ca8466099d0515ac67b2c3309b75cf9445ac58f5fd6ec39583fd,https://arxiv.org/abs/2609.36765
A-Transformer,SMD,Best_F1,0.126,8,1,4,10,1b9e48e68d57ca8466099d0515ac67b2c3309b75cf9445ac58f5fd6ec39583fd,https://arxiv.org/abs/2609.36765
A-Transformer,CICIDS,PRC,0.2396,8,1,4,10,1b9e48e68d57ca8466099d0515ac67b2c3309b75cf9445ac58f5fd6ec39583fd,https://arxiv.org/abs/2609.36765
A-Transformer,CICIDS,ROC,0.4972,8,1,4,10,1b9e48e68d57ca8466099d0515ac67b2c3309b75cf9445ac58f5fd6ec39583fd,https://arxiv.org/abs/2609.36765
A-Transformer,CICIDS,Best_F1,0.306,8,1,4,10,1b9e48e68d57ca8466099d0515ac67b2c3309b75cf9445ac58f5fd6ec39583fd,https://arxiv.org/abs/2609.36765
A-Transformer,SWAN,PRC,0.2817,8,1,4,10,1b9e48e68d57ca8466099d0515ac67b2c3309b75cf9445ac58f5fd6ec39583fd,https://arxiv.org/abs/2609.36765
A-Transformer,SWAN,ROC,0.5021,8,1,4,10,1b9e48e68d57ca8466099d0515ac67b2c3309b75cf9445ac58f5fd6ec39583fd,https://arxiv.org/abs/2609.36765
A-Transformer,SWAN,Best_F1,0.4365,8,1,4,10,1b9e48e68d57ca8466099d0515ac67b2c3309b75cf9445ac58f5fd6ec39583fd,https://arxiv.org/abs/2609.36765
TimesNet,SMAP,PRC,0.1792,8,1,4,10,1b9e48e68d57ca8466099d0515ac67b2c3309b75cf9445ac58f5fd6ec39583fd,https://arxiv.org/abs/2609.36765
TimesNet,SMAP,ROC,0.5336,8,1,4,10,1b9e48e68d57ca8466099d0515ac67b2c3309b75cf9445ac58f5fd6ec39583fd,https://arxiv.org/abs/2609.36765
TimesNet,SMAP,Best_F1,0.3161,8,1,4,10,1b9e48e68d57ca8466099d0515ac67b2c3309b75cf9445ac58f5fd6ec39583fd,https://arxiv.org/abs/2609.36765
TimesNet,SMD,PRC,0.2839,8,1,4,10,1b9e48e68d57ca8466099d0515ac67b2c3309b75cf9445ac58f5fd6ec39583fd,https://arxiv.org/abs/2609.36765
TimesNet,SMD,ROC,0.8087,8,1,4,10,1b9e48e68d57ca8466099d0515ac67b2c3309b75cf9445ac58f5fd6ec39583fd,https://arxiv.org/abs/2609.36765
TimesNet,SMD,Best_F1,0.3713,8,1,4,10,1b9e48e68d57ca8466099d0515ac67b2c3309b75cf9445ac58f5fd6ec39583fd,https://arxiv.org/abs/2609.36765
TimesNet,CICIDS,PRC,0.1905,8,1,4,10,1b9e48e68d57ca8466099d0515ac67b2c3309b75cf9445ac58f5fd6ec39583fd,https://arxiv.org/abs/2609.36765
TimesNet,CICIDS,ROC,0.4657,8,1,4,10,1b9e48e68d57ca8466099d0515ac67b2c3309b75cf9445ac58f5fd6ec39583fd,https://arxiv.org/abs/2609.36765
TimesNet,CICIDS,Best_F1,0.3121,8,1,4,10,1b9e48e68d57ca8466099d0515ac67b2c3309b75cf9445ac58f5fd6ec39583fd,https://arxiv.org/abs/2609.36765
TimesNet,SWAN,PRC,0.3068,8,1,4,10,1b9e48e68d57ca8466099d0515ac67b2c3309b75cf9445ac58f5fd6ec39583fd,https://arxiv.org/abs/2609.36765
TimesNet,SWAN,ROC,0.4505,8,1,4,10,1b9e48e68d57ca8466099d0515ac67b2c3309b75cf9445ac58f5fd6ec39583fd,https://arxiv.org/abs/2609.36765
TimesNet,SWAN,Best_F1,0.4365,8,1,4,10,1b9e48e68d57ca8466099d0515ac67b2c3309b75cf9445ac58f5fd6ec39583fd,https://arxiv.org/abs/2609.36765
FITS,SMAP,PRC,0.1455,8,1,4,10,1b9e48e68d57ca8466099d0515ac67b2c3309b75cf9445ac58f5fd6ec39583fd,https://arxiv.org/abs/2609.36765
FITS,SMAP,ROC,0.5147,8,1,4,10,1b9e48e68d57ca8466099d0515ac67b2c3309b75cf9445ac58f5fd6ec39583fd,https://arxiv.org/abs/2609.36765
FITS,SMAP,Best_F1,0.2798,8,1,4,10,1b9e48e68d57ca8466099d0515ac67b2c3309b75cf9445ac58f5fd6ec39583fd,https://arxiv.org/abs/2609.36765
FITS,SMD,PRC,0.2863,8,1,4,10,1b9e48e68d57ca8466099d0515ac67b2c3309b75cf9445ac58f5fd6ec39583fd,https://arxiv.org/abs/2609.36765
FITS,SMD,ROC,0.8299,8,1,4,10,1b9e48e68d57ca8466099d0515ac67b2c3309b75cf9445ac58f5fd6ec39583fd,https://arxiv.org/abs/2609.36765
FITS,SMD,Best_F1,0.4025,8,1,4,10,1b9e48e68d57ca8466099d0515ac67b2c3309b75cf9445ac58f5fd6ec39583fd,https://arxiv.org/abs/2609.36765
FITS,CICIDS,PRC,0.1849,8,1,4,10,1b9e48e68d57ca8466099d0515ac67b2c3309b75cf9445ac58f5fd6ec39583fd,https://arxiv.org/abs/2609.36765
FITS,CICIDS,ROC,0.4106,8,1,4,10,1b9e48e68d57ca8466099d0515ac67b2c3309b75cf9445ac58f5fd6ec39583fd,https://arxiv.org/abs/2609.36765
FITS,CICIDS,Best_F1,0.3126,8,1,4,10,1b9e48e68d57ca8466099d0515ac67b2c3309b75cf9445ac58f5fd6ec39583fd,https://arxiv.org/abs/2609.36765
FITS,SWAN,PRC,0.3189,8,1,4,10,1b9e48e68d57ca8466099d0515ac67b2c3309b75cf9445ac58f5fd6ec39583fd,https://arxiv.org/abs/2609.36765
FITS,SWAN,ROC,0.4607,8,1,4,10,1b9e48e68d57ca8466099d0515ac67b2c3309b75cf9445ac58f5fd6ec39583fd,https://arxiv.org/abs/2609.36765
FITS,SWAN,Best_F1,0.4365,8,1,4,10,1b9e48e68d57ca8466099d0515ac67b2c3309b75cf9445ac58f5fd6ec39583fd,https://arxiv.org/abs/2609.36765
GDN,SMAP,PRC,0.2197,8,1,4,10,1b9e48e68d57ca8466099d0515ac67b2c3309b75cf9445ac58f5fd6ec39583fd,https://arxiv.org/abs/2609.36765
GDN,SMAP,ROC,0.6099,8,1,4,10,1b9e48e68d57ca8466099d0515ac67b2c3309b75cf9445ac58f5fd6ec39583fd,https://arxiv.org/abs/2609.36765
GDN,SMAP,Best_F1,0.3394,8,1,4,10,1b9e48e68d57ca8466099d0515ac67b2c3309b75cf9445ac58f5fd6ec39583fd,https://arxiv.org/abs/2609.36765
GDN,SMD,PRC,0.4006,8,1,4,10,1b9e48e68d57ca8466099d0515ac67b2c3309b75cf9445ac58f5fd6ec39583fd,https://arxiv.org/abs/2609.36765
GDN,SMD,ROC,0.8014,8,1,4,10,1b9e48e68d57ca8466099d0515ac67b2c3309b75cf9445ac58f5fd6ec39583fd,https://arxiv.org/abs/2609.36765
GDN,SMD,Best_F1,0.464,8,1,4,10,1b9e48e68d57ca8466099d0515ac67b2c3309b75cf9445ac58f5fd6ec39583fd,https://arxiv.org/abs/2609.36765
GDN,CICIDS,PRC,0.2926,8,1,4,10,1b9e48e68d57ca8466099d0515ac67b2c3309b75cf9445ac58f5fd6ec39583fd,https://arxiv.org/abs/2609.36765
GDN,CICIDS,ROC,0.7017,8,1,4,10,1b9e48e68d57ca8466099d0515ac67b2c3309b75cf9445ac58f5fd6ec39583fd,https://arxiv.org/abs/2609.36765
GDN,CICIDS,Best_F1,0.3805,8,1,4,10,1b9e48e68d57ca8466099d0515ac67b2c3309b75cf9445ac58f5fd6ec39583fd,https://arxiv.org/abs/2609.36765
GDN,SWAN,PRC,0.6423,8,1,4,10,1b9e48e68d57ca8466099d0515ac67b2c3309b75cf9445ac58f5fd6ec39583fd,https://arxiv.org/abs/2609.36765
GDN,SWAN,ROC,0.8356,8,1,4,10,1b9e48e68d57ca8466099d0515ac67b2c3309b75cf9445ac58f5fd6ec39583fd,https://arxiv.org/abs/2609.36765
GDN,SWAN,Best_F1,0.6432,8,1,4,10,1b9e48e68d57ca8466099d0515ac67b2c3309b75cf9445ac58f5fd6ec39583fd,https://arxiv.org/abs/2609.36765
GCAD,SMAP,PRC,0.2144,8,1,4,10,1b9e48e68d57ca8466099d0515ac67b2c3309b75cf9445ac58f5fd6ec39583fd,https://arxiv.org/abs/2609.36765
GCAD,SMAP,ROC,0.6348,8,1,4,10,1b9e48e68d57ca8466099d0515ac67b2c3309b75cf9445ac58f5fd6ec39583fd,https://arxiv.org/abs/2609.36765
GCAD,SMAP,Best_F1,0.3471,8,1,4,10,1b9e48e68d57ca8466099d0515ac67b2c3309b75cf9445ac58f5fd6ec39583fd,https://arxiv.org/abs/2609.36765
GCAD,SMD,PRC,0.3569,8,1,4,10,1b9e48e68d57ca8466099d0515ac67b2c3309b75cf9445ac58f5fd6ec39583fd,https://arxiv.org/abs/2609.36765
GCAD,SMD,ROC,0.8416,8,1,4,10,1b9e48e68d57ca8466099d0515ac67b2c3309b75cf9445ac58f5fd6ec39583fd,https://arxiv.org/abs/2609.36765
GCAD,SMD,Best_F1,0.4535,8,1,4,10,1b9e48e68d57ca8466099d0515ac67b2c3309b75cf9445ac58f5fd6ec39583fd,https://arxiv.org/abs/2609.36765
GCAD,CICIDS,PRC,0.3636,8,1,4,10,1b9e48e68d57ca8466099d0515ac67b2c3309b75cf9445ac58f5fd6ec39583fd,https://arxiv.org/abs/2609.36765
GCAD,CICIDS,ROC,0.7191,8,1,4,10,1b9e48e68d57ca8466099d0515ac67b2c3309b75cf9445ac58f5fd6ec39583fd,https://arxiv.org/abs/2609.36765
GCAD,CICIDS,Best_F1,0.3844,8,1,4,10,1b9e48e68d57ca8466099d0515ac67b2c3309b75cf9445ac58f5fd6ec39583fd,https://arxiv.org/abs/2609.36765
GCAD,SWAN,PRC,0.6445,8,1,4,10,1b9e48e68d57ca8466099d0515ac67b2c3309b75cf9445ac58f5fd6ec39583fd,https://arxiv.org/abs/2609.36765
GCAD,SWAN,ROC,0.814,8,1,4,10,1b9e48e68d57ca8466099d0515ac67b2c3309b75cf9445ac58f5fd6ec39583fd,https://arxiv.org/abs/2609.36765
GCAD,SWAN,Best_F1,0.6231,8,1,4,10,1b9e48e68d57ca8466099d0515ac67b2c3309b75cf9445ac58f5fd6ec39583fd,https://arxiv.org/abs/2609.36765
CATCH,SMAP,PRC,0.245,8,1,4,10,1b9e48e68d57ca8466099d0515ac67b2c3309b75cf9445ac58f5fd6ec39583fd,https://arxiv.org/abs/2609.36765
CATCH,SMAP,ROC,0.6078,8,1,4,10,1b9e48e68d57ca8466099d0515ac67b2c3309b75cf9445ac58f5fd6ec39583fd,https://arxiv.org/abs/2609.36765
CATCH,SMAP,Best_F1,0.3664,8,1,4,10,1b9e48e68d57ca8466099d0515ac67b2c3309b75cf9445ac58f5fd6ec39583fd,https://arxiv.org/abs/2609.36765
CATCH,SMD,PRC,0.4763,8,1,4,10,1b9e48e68d57ca8466099d0515ac67b2c3309b75cf9445ac58f5fd6ec39583fd,https://arxiv.org/abs/2609.36765
CATCH,SMD,ROC,0.8968,8,1,4,10,1b9e48e68d57ca8466099d0515ac67b2c3309b75cf9445ac58f5fd6ec39583fd,https://arxiv.org/abs/2609.36765
CATCH,SMD,Best_F1,0.5057,8,1,4,10,1b9e48e68d57ca8466099d0515ac67b2c3309b75cf9445ac58f5fd6ec39583fd,https://arxiv.org/abs/2609.36765
CATCH,CICIDS,PRC,0.2866,8,1,4,10,1b9e48e68d57ca8466099d0515ac67b2c3309b75cf9445ac58f5fd6ec39583fd,https://arxiv.org/abs/2609.36765
CATCH,CICIDS,ROC,0.6162,8,1,4,10,1b9e48e68d57ca8466099d0515ac67b2c3309b75cf9445ac58f5fd6ec39583fd,https://arxiv.org/abs/2609.36765
CATCH,CICIDS,Best_F1,0.4023,8,1,4,10,1b9e48e68d57ca8466099d0515ac67b2c3309b75cf9445ac58f5fd6ec39583fd,https://arxiv.org/abs/2609.36765
CATCH,SWAN,PRC,0.4638,8,1,4,10,1b9e48e68d57ca8466099d0515ac67b2c3309b75cf9445ac58f5fd6ec39583fd,https://arxiv.org/abs/2609.36765
CATCH,SWAN,ROC,0.6218,8,1,4,10,1b9e48e68d57ca8466099d0515ac67b2c3309b75cf9445ac58f5fd6ec39583fd,https://arxiv.org/abs/2609.36765
CATCH,SWAN,Best_F1,0.4533,8,1,4,10,1b9e48e68d57ca8466099d0515ac67b2c3309b75cf9445ac58f5fd6ec39583fd,https://arxiv.org/abs/2609.36765
GRASP,SMAP,PRC,0.3149,8,1,4,10,1b9e48e68d57ca8466099d0515ac67b2c3309b75cf9445ac58f5fd6ec39583fd,https://arxiv.org/abs/2609.36765
GRASP,SMAP,ROC,0.7015,8,1,4,10,1b9e48e68d57ca8466099d0515ac67b2c3309b75cf9445ac58f5fd6ec39583fd,https://arxiv.org/abs/2609.36765
GRASP,SMAP,Best_F1,0.4178,8,1,4,10,1b9e48e68d57ca8466099d0515ac67b2c3309b75cf9445ac58f5fd6ec39583fd,https://arxiv.org/abs/2609.36765
GRASP,SMD,PRC,0.4845,8,1,4,10,1b9e48e68d57ca8466099d0515ac67b2c3309b75cf9445ac58f5fd6ec39583fd,https://arxiv.org/abs/2609.36765
GRASP,SMD,ROC,0.8567,8,1,4,10,1b9e48e68d57ca8466099d0515ac67b2c3309b75cf9445ac58f5fd6ec39583fd,https://arxiv.org/abs/2609.36765
GRASP,SMD,Best_F1,0.5087,8,1,4,10,1b9e48e68d57ca8466099d0515ac67b2c3309b75cf9445ac58f5fd6ec39583fd,https://arxiv.org/abs/2609.36765
GRASP,CICIDS,PRC,0.3996,8,1,4,10,1b9e48e68d57ca8466099d0515ac67b2c3309b75cf9445ac58f5fd6ec39583fd,https://arxiv.org/abs/2609.36765
GRASP,CICIDS,ROC,0.8108,8,1,4,10,1b9e48e68d57ca8466099d0515ac67b2c3309b75cf9445ac58f5fd6ec39583fd,https://arxiv.org/abs/2609.36765
GRASP,CICIDS,Best_F1,0.4615,8,1,4,10,1b9e48e68d57ca8466099d0515ac67b2c3309b75cf9445ac58f5fd6ec39583fd,https://arxiv.org/abs/2609.36765
GRASP,SWAN,PRC,0.7556,8,1,4,10,1b9e48e68d57ca8466099d0515ac67b2c3309b75cf9445ac58f5fd6ec39583fd,https://arxiv.org/abs/2609.36765
GRASP,SWAN,ROC,0.8758,8,1,4,10,1b9e48e68d57ca8466099d0515ac67b2c3309b75cf9445ac58f5fd6ec39583fd,https://arxiv.org/abs/2609.36765
GRASP,SWAN,Best_F1,0.6886,8,1,4,10,1b9e48e68d57ca8466099d0515ac67b2c3309b75cf9445ac58f5fd6ec39583fd,https://arxiv.org/abs/2609.36765
TSMixer,SMAP,PRC,0.3149,25,7,4,10,1b9e48e68d57ca8466099d0515ac67b2c3309b75cf9445ac58f5fd6ec39583fd,https://arxiv.org/abs/2609.36765
TSMixer,SMAP,ROC,0.7015,25,7,4,10,1b9e48e68d57ca8466099d0515ac67b2c3309b75cf9445ac58f5fd6ec39583fd,https://arxiv.org/abs/2609.36765
TSMixer,SMAP,Best_F1,0.4178,25,7,4,10,1b9e48e68d57ca8466099d0515ac67b2c3309b75cf9445ac58f5fd6ec39583fd,https://arxiv.org/abs/2609.36765
TSMixer,SMD,PRC,0.4845,25,7,4,10,1b9e48e68d57ca8466099d0515ac67b2c3309b75cf9445ac58f5fd6ec39583fd,https://arxiv.org/abs/2609.36765
TSMixer,SMD,ROC,0.8567,25,7,4,10,1b9e48e68d57ca8466099d0515ac67b2c3309b75cf9445ac58f5fd6ec39583fd,https://arxiv.org/abs/2609.36765
TSMixer,SMD,Best_F1,0.5087,25,7,4,10,1b9e48e68d57ca8466099d0515ac67b2c3309b75cf9445ac58f5fd6ec39583fd,https://arxiv.org/abs/2609.36765
TSMixer,CICIDS,PRC,0.3996,25,7,4,10,1b9e48e68d57ca8466099d0515ac67b2c3309b75cf9445ac58f5fd6ec39583fd,https://arxiv.org/abs/2609.36765
TSMixer,CICIDS,ROC,0.8108,25,7,4,10,1b9e48e68d57ca8466099d0515ac67b2c3309b75cf9445ac58f5fd6ec39583fd,https://arxiv.org/abs/2609.36765
TSMixer,CICIDS,Best_F1,0.4615,25,7,4,10,1b9e48e68d57ca8466099d0515ac67b2c3309b75cf9445ac58f5fd6ec39583fd,https://arxiv.org/abs/2609.36765
TSMixer,SWAN,PRC,0.7556,25,7,4,10,1b9e48e68d57ca8466099d0515ac67b2c3309b75cf9445ac58f5fd6ec39583fd,https://arxiv.org/abs/2609.36765
TSMixer,SWAN,ROC,0.8758,25,7,4,10,1b9e48e68d57ca8466099d0515ac67b2c3309b75cf9445ac58f5fd6ec39583fd,https://arxiv.org/abs/2609.36765
TSMixer,SWAN,Best_F1,0.6886,25,7,4,10,1b9e48e68d57ca8466099d0515ac67b2c3309b75cf9445ac58f5fd6ec39583fd,https://arxiv.org/abs/2609.36765
GNN,SMAP,PRC,0.2773,25,7,4,10,1b9e48e68d57ca8466099d0515ac67b2c3309b75cf9445ac58f5fd6ec39583fd,https://arxiv.org/abs/2609.36765
GNN,SMAP,ROC,0.6758,25,7,4,10,1b9e48e68d57ca8466099d0515ac67b2c3309b75cf9445ac58f5fd6ec39583fd,https://arxiv.org/abs/2609.36765
GNN,SMAP,Best_F1,0.3881,25,7,4,10,1b9e48e68d57ca8466099d0515ac67b2c3309b75cf9445ac58f5fd6ec39583fd,https://arxiv.org/abs/2609.36765
GNN,SMD,PRC,0.4659,25,7,4,10,1b9e48e68d57ca8466099d0515ac67b2c3309b75cf9445ac58f5fd6ec39583fd,https://arxiv.org/abs/2609.36765
GNN,SMD,ROC,0.8542,25,7,4,10,1b9e48e68d57ca8466099d0515ac67b2c3309b75cf9445ac58f5fd6ec39583fd,https://arxiv.org/abs/2609.36765
GNN,SMD,Best_F1,0.4926,25,7,4,10,1b9e48e68d57ca8466099d0515ac67b2c3309b75cf9445ac58f5fd6ec39583fd,https://arxiv.org/abs/2609.36765
GNN,CICIDS,PRC,0.3551,25,7,4,10,1b9e48e68d57ca8466099d0515ac67b2c3309b75cf9445ac58f5fd6ec39583fd,https://arxiv.org/abs/2609.36765
GNN,CICIDS,ROC,0.7232,25,7,4,10,1b9e48e68d57ca8466099d0515ac67b2c3309b75cf9445ac58f5fd6ec39583fd,https://arxiv.org/abs/2609.36765
GNN,CICIDS,Best_F1,0.4459,25,7,4,10,1b9e48e68d57ca8466099d0515ac67b2c3309b75cf9445ac58f5fd6ec39583fd,https://arxiv.org/abs/2609.36765
GNN,SWAN,PRC,0.5306,25,7,4,10,1b9e48e68d57ca8466099d0515ac67b2c3309b75cf9445ac58f5fd6ec39583fd,https://arxiv.org/abs/2609.36765
GNN,SWAN,ROC,0.657,25,7,4,10,1b9e48e68d57ca8466099d0515ac67b2c3309b75cf9445ac58f5fd6ec39583fd,https://arxiv.org/abs/2609.36765
GNN,SWAN,Best_F1,0.5188,25,7,4,10,1b9e48e68d57ca8466099d0515ac67b2c3309b75cf9445ac58f5fd6ec39583fd,https://arxiv.org/abs/2609.36765
Transformer,SMAP,PRC,0.2639,25,7,4,10,1b9e48e68d57ca8466099d0515ac67b2c3309b75cf9445ac58f5fd6ec39583fd,https://arxiv.org/abs/2609.36765
Transformer,SMAP,ROC,0.6347,25,7,4,10,1b9e48e68d57ca8466099d0515ac67b2c3309b75cf9445ac58f5fd6ec39583fd,https://arxiv.org/abs/2609.36765
Transformer,SMAP,Best_F1,0.3795,25,7,4,10,1b9e48e68d57ca8466099d0515ac67b2c3309b75cf9445ac58f5fd6ec39583fd,https://arxiv.org/abs/2609.36765
Transformer,SMD,PRC,0.4475,25,7,4,10,1b9e48e68d57ca8466099d0515ac67b2c3309b75cf9445ac58f5fd6ec39583fd,https://arxiv.org/abs/2609.36765
Transformer,SMD,ROC,0.8272,25,7,4,10,1b9e48e68d57ca8466099d0515ac67b2c3309b75cf9445ac58f5fd6ec39583fd,https://arxiv.org/abs/2609.36765
Transformer,SMD,Best_F1,0.4674,25,7,4,10,1b9e48e68d57ca8466099d0515ac67b2c3309b75cf9445ac58f5fd6ec39583fd,https://arxiv.org/abs/2609.36765
Transformer,CICIDS,PRC,0.3283,25,7,4,10,1b9e48e68d57ca8466099d0515ac67b2c3309b75cf9445ac58f5fd6ec39583fd,https://arxiv.org/abs/2609.36765
Transformer,CICIDS,ROC,0.6407,25,7,4,10,1b9e48e68d57ca8466099d0515ac67b2c3309b75cf9445ac58f5fd6ec39583fd,https://arxiv.org/abs/2609.36765
Transformer,CICIDS,Best_F1,0.4331,25,7,4,10,1b9e48e68d57ca8466099d0515ac67b2c3309b75cf9445ac58f5fd6ec39583fd,https://arxiv.org/abs/2609.36765
Transformer,SWAN,PRC,0.5594,25,7,4,10,1b9e48e68d57ca8466099d0515ac67b2c3309b75cf9445ac58f5fd6ec39583fd,https://arxiv.org/abs/2609.36765
Transformer,SWAN,ROC,0.6758,25,7,4,10,1b9e48e68d57ca8466099d0515ac67b2c3309b75cf9445ac58f5fd6ec39583fd,https://arxiv.org/abs/2609.36765
Transformer,SWAN,Best_F1,0.5122,25,7,4,10,1b9e48e68d57ca8466099d0515ac67b2c3309b75cf9445ac58f5fd6ec39583fd,https://arxiv.org/abs/2609.36765
