model,dataset,metric,paper_value,page,table,printed_decimal_places,paper_repetitions,source_sha256,citation,local_mean,local_std,completed_repetitions,required_repetitions,signed_difference,printed_mean_agreement,protocol_certified,boundary
COPOD,CICIDS,Best_F1,0.3733,8,1,4,10,1b9e48e68d57ca8466099d0515ac67b2c3309b75cf9445ac58f5fd6ec39583fd,https://arxiv.org/abs/2609.36765,0.3732918057073927,0.0,2,10,-8.194292607344167e-06,True,False,Native transductive exact-current-wrapper replay; deterministic actual refits.
COPOD,CICIDS,PRC,0.2214,8,1,4,10,1b9e48e68d57ca8466099d0515ac67b2c3309b75cf9445ac58f5fd6ec39583fd,https://arxiv.org/abs/2609.36765,0.22146900620524465,0.0,2,10,6.900620524463719e-05,False,False,Native transductive exact-current-wrapper replay; deterministic actual refits.
COPOD,CICIDS,ROC,0.5566,8,1,4,10,1b9e48e68d57ca8466099d0515ac67b2c3309b75cf9445ac58f5fd6ec39583fd,https://arxiv.org/abs/2609.36765,0.5566903937611308,0.0,2,10,9.039376113084696e-05,False,False,Native transductive exact-current-wrapper replay; deterministic actual refits.
COPOD,SMAP,Best_F1,0.2841,8,1,4,10,1b9e48e68d57ca8466099d0515ac67b2c3309b75cf9445ac58f5fd6ec39583fd,https://arxiv.org/abs/2609.36765,0.2791327495761364,0.0,10,10,-0.004967250423863645,False,False,Native transductive exact-current-wrapper replay; deterministic actual refits.
COPOD,SMAP,PRC,0.1927,8,1,4,10,1b9e48e68d57ca8466099d0515ac67b2c3309b75cf9445ac58f5fd6ec39583fd,https://arxiv.org/abs/2609.36765,0.19139725005024366,0.0,10,10,-0.0013027499497563488,False,False,Native transductive exact-current-wrapper replay; deterministic actual refits.
COPOD,SMAP,ROC,0.5918,8,1,4,10,1b9e48e68d57ca8466099d0515ac67b2c3309b75cf9445ac58f5fd6ec39583fd,https://arxiv.org/abs/2609.36765,0.5566774410737925,1.1702778228589004e-16,10,10,-0.035122558926207526,False,False,Native transductive exact-current-wrapper replay; deterministic actual refits.
COPOD,SMD,Best_F1,0.2951,8,1,4,10,1b9e48e68d57ca8466099d0515ac67b2c3309b75cf9445ac58f5fd6ec39583fd,https://arxiv.org/abs/2609.36765,0.2950899725772346,0.0,10,10,-1.0027422765346294e-05,True,False,Native transductive exact-current-wrapper replay; deterministic actual refits.
COPOD,SMD,PRC,0.2139,8,1,4,10,1b9e48e68d57ca8466099d0515ac67b2c3309b75cf9445ac58f5fd6ec39583fd,https://arxiv.org/abs/2609.36765,0.21385018833297198,0.0,10,10,-4.981166702802686e-05,True,False,Native transductive exact-current-wrapper replay; deterministic actual refits.
COPOD,SMD,ROC,0.7193,8,1,4,10,1b9e48e68d57ca8466099d0515ac67b2c3309b75cf9445ac58f5fd6ec39583fd,https://arxiv.org/abs/2609.36765,0.7193380109666527,1.1702778228589004e-16,10,10,3.8010966652679556e-05,True,False,Native transductive exact-current-wrapper replay; deterministic actual refits.
COPOD,SWAN,Best_F1,0.4365,8,1,4,10,1b9e48e68d57ca8466099d0515ac67b2c3309b75cf9445ac58f5fd6ec39583fd,https://arxiv.org/abs/2609.36765,0.44156739766226927,0.0,10,10,0.0050673976622692685,False,False,Native transductive exact-current-wrapper replay; deterministic actual refits.
COPOD,SWAN,PRC,0.2792,8,1,4,10,1b9e48e68d57ca8466099d0515ac67b2c3309b75cf9445ac58f5fd6ec39583fd,https://arxiv.org/abs/2609.36765,0.30544697908678925,0.0,10,10,0.026246979086789246,False,False,Native transductive exact-current-wrapper replay; deterministic actual refits.
COPOD,SWAN,ROC,0.5,8,1,4,10,1b9e48e68d57ca8466099d0515ac67b2c3309b75cf9445ac58f5fd6ec39583fd,https://arxiv.org/abs/2609.36765,0.5064582410682618,0.0,10,10,0.006458241068261761,False,False,Native transductive exact-current-wrapper replay; deterministic actual refits.
HBOS,CICIDS,Best_F1,0.3852,8,1,4,10,1b9e48e68d57ca8466099d0515ac67b2c3309b75cf9445ac58f5fd6ec39583fd,https://arxiv.org/abs/2609.36765,0.37121368440924346,0.0,3,10,-0.013986315590756526,False,False,Native transductive exact-current-wrapper replay; deterministic actual refits.
HBOS,CICIDS,PRC,0.2603,8,1,4,10,1b9e48e68d57ca8466099d0515ac67b2c3309b75cf9445ac58f5fd6ec39583fd,https://arxiv.org/abs/2609.36765,0.2417752404610256,0.0,3,10,-0.018524759538974367,False,False,Native transductive exact-current-wrapper replay; deterministic actual refits.
HBOS,CICIDS,ROC,0.5586,8,1,4,10,1b9e48e68d57ca8466099d0515ac67b2c3309b75cf9445ac58f5fd6ec39583fd,https://arxiv.org/abs/2609.36765,0.5864792468249297,0.0,3,10,0.027879246824929704,False,False,Native transductive exact-current-wrapper replay; deterministic actual refits.
HBOS,SMAP,Best_F1,0.2664,8,1,4,10,1b9e48e68d57ca8466099d0515ac67b2c3309b75cf9445ac58f5fd6ec39583fd,https://arxiv.org/abs/2609.36765,0.2685650881154183,0.0,10,10,0.0021650881154182677,False,False,Native transductive exact-current-wrapper replay; deterministic actual refits.
HBOS,SMAP,PRC,0.1897,8,1,4,10,1b9e48e68d57ca8466099d0515ac67b2c3309b75cf9445ac58f5fd6ec39583fd,https://arxiv.org/abs/2609.36765,0.18974922310548453,2.925694557147251e-17,10,10,4.922310548452491e-05,True,False,Native transductive exact-current-wrapper replay; deterministic actual refits.
HBOS,SMAP,ROC,0.565,8,1,4,10,1b9e48e68d57ca8466099d0515ac67b2c3309b75cf9445ac58f5fd6ec39583fd,https://arxiv.org/abs/2609.36765,0.5644343594522823,1.1702778228589004e-16,10,10,-0.0005656405477176829,False,False,Native transductive exact-current-wrapper replay; deterministic actual refits.
HBOS,SMD,Best_F1,0.3556,8,1,4,10,1b9e48e68d57ca8466099d0515ac67b2c3309b75cf9445ac58f5fd6ec39583fd,https://arxiv.org/abs/2609.36765,0.3440167373812256,5.851389114294502e-17,10,10,-0.011583262618774404,False,False,Native transductive exact-current-wrapper replay; deterministic actual refits.
HBOS,SMD,PRC,0.2678,8,1,4,10,1b9e48e68d57ca8466099d0515ac67b2c3309b75cf9445ac58f5fd6ec39583fd,https://arxiv.org/abs/2609.36765,0.2658333196705222,0.0,10,10,-0.001966680329477777,False,False,Native transductive exact-current-wrapper replay; deterministic actual refits.
HBOS,SMD,ROC,0.7378,8,1,4,10,1b9e48e68d57ca8466099d0515ac67b2c3309b75cf9445ac58f5fd6ec39583fd,https://arxiv.org/abs/2609.36765,0.7419246278709594,1.1702778228589004e-16,10,10,0.004124627870959352,False,False,Native transductive exact-current-wrapper replay; deterministic actual refits.
HBOS,SWAN,Best_F1,0.4365,8,1,4,10,1b9e48e68d57ca8466099d0515ac67b2c3309b75cf9445ac58f5fd6ec39583fd,https://arxiv.org/abs/2609.36765,0.43647867247943334,0.0,10,10,-2.1327520566660763e-05,True,False,Native transductive exact-current-wrapper replay; deterministic actual refits.
HBOS,SWAN,PRC,0.2792,8,1,4,10,1b9e48e68d57ca8466099d0515ac67b2c3309b75cf9445ac58f5fd6ec39583fd,https://arxiv.org/abs/2609.36765,0.29244260575075426,0.0,10,10,0.013242605750754255,False,False,Native transductive exact-current-wrapper replay; deterministic actual refits.
HBOS,SWAN,ROC,0.5,8,1,4,10,1b9e48e68d57ca8466099d0515ac67b2c3309b75cf9445ac58f5fd6ec39583fd,https://arxiv.org/abs/2609.36765,0.4451620625197711,5.851389114294502e-17,10,10,-0.054837937480228915,False,False,Native transductive exact-current-wrapper replay; deterministic actual refits.
GNN,SWAN,PRC,0.5306,25,7,4,10,1b9e48e68d57ca8466099d0515ac67b2c3309b75cf9445ac58f5fd6ec39583fd,https://arxiv.org/abs/2609.36765,0.4120569090206635,,1,10,-0.11854309097933646,False,False,Paper-derived architecture; incomplete repeats cannot establish ten-seed paper agreement.
GNN,SWAN,ROC,0.657,25,7,4,10,1b9e48e68d57ca8466099d0515ac67b2c3309b75cf9445ac58f5fd6ec39583fd,https://arxiv.org/abs/2609.36765,0.6049448230907122,,1,10,-0.05205517690928785,False,False,Paper-derived architecture; incomplete repeats cannot establish ten-seed paper agreement.
GNN,SWAN,Best_F1,0.5188,25,7,4,10,1b9e48e68d57ca8466099d0515ac67b2c3309b75cf9445ac58f5fd6ec39583fd,https://arxiv.org/abs/2609.36765,0.46551041433458495,,1,10,-0.053289585665415085,False,False,Paper-derived architecture; incomplete repeats cannot establish ten-seed paper agreement.
