algorithm,recipe,dataset,protocol,metric,n,mean,std,se,ci95_low,ci95_high,required_seeds,status,repeat_interpretation,strict_TAB_result
grasp_mtsbench_statistical_replay,COPOD,cicids,native_transductive_test_feature_fit_oracle_f1,Best_F1,2,0.3732918057073927,0.0,,,,10,partial,deterministic actual refits; no stochastic confidence interval,False
grasp_mtsbench_statistical_replay,COPOD,cicids,native_transductive_test_feature_fit_oracle_f1,PRC,2,0.22146900620524465,0.0,,,,10,partial,deterministic actual refits; no stochastic confidence interval,False
grasp_mtsbench_statistical_replay,COPOD,cicids,native_transductive_test_feature_fit_oracle_f1,ROC,2,0.5566903937611308,0.0,,,,10,partial,deterministic actual refits; no stochastic confidence interval,False
grasp_mtsbench_statistical_replay,COPOD,smap,native_transductive_test_feature_fit_oracle_f1,Best_F1,10,0.2791327495761364,0.0,,,,10,completed,deterministic actual refits; no stochastic confidence interval,False
grasp_mtsbench_statistical_replay,COPOD,smap,native_transductive_test_feature_fit_oracle_f1,PRC,10,0.19139725005024366,0.0,,,,10,completed,deterministic actual refits; no stochastic confidence interval,False
grasp_mtsbench_statistical_replay,COPOD,smap,native_transductive_test_feature_fit_oracle_f1,ROC,10,0.5566774410737925,1.1702778228589004e-16,,,,10,completed,deterministic actual refits; no stochastic confidence interval,False
grasp_mtsbench_statistical_replay,COPOD,smd,native_transductive_test_feature_fit_oracle_f1,Best_F1,10,0.2950899725772346,0.0,,,,10,completed,deterministic actual refits; no stochastic confidence interval,False
grasp_mtsbench_statistical_replay,COPOD,smd,native_transductive_test_feature_fit_oracle_f1,PRC,10,0.21385018833297198,0.0,,,,10,completed,deterministic actual refits; no stochastic confidence interval,False
grasp_mtsbench_statistical_replay,COPOD,smd,native_transductive_test_feature_fit_oracle_f1,ROC,10,0.7193380109666527,1.1702778228589004e-16,,,,10,completed,deterministic actual refits; no stochastic confidence interval,False
grasp_mtsbench_statistical_replay,COPOD,swan,native_transductive_test_feature_fit_oracle_f1,Best_F1,10,0.44156739766226927,0.0,,,,10,completed,deterministic actual refits; no stochastic confidence interval,False
grasp_mtsbench_statistical_replay,COPOD,swan,native_transductive_test_feature_fit_oracle_f1,PRC,10,0.30544697908678925,0.0,,,,10,completed,deterministic actual refits; no stochastic confidence interval,False
grasp_mtsbench_statistical_replay,COPOD,swan,native_transductive_test_feature_fit_oracle_f1,ROC,10,0.5064582410682618,0.0,,,,10,completed,deterministic actual refits; no stochastic confidence interval,False
grasp_mtsbench_statistical_replay,HBOS,cicids,native_transductive_test_feature_fit_oracle_f1,Best_F1,3,0.37121368440924346,0.0,,,,10,partial,deterministic actual refits; no stochastic confidence interval,False
grasp_mtsbench_statistical_replay,HBOS,cicids,native_transductive_test_feature_fit_oracle_f1,PRC,3,0.2417752404610256,0.0,,,,10,partial,deterministic actual refits; no stochastic confidence interval,False
grasp_mtsbench_statistical_replay,HBOS,cicids,native_transductive_test_feature_fit_oracle_f1,ROC,3,0.5864792468249297,0.0,,,,10,partial,deterministic actual refits; no stochastic confidence interval,False
grasp_mtsbench_statistical_replay,HBOS,smap,native_transductive_test_feature_fit_oracle_f1,Best_F1,10,0.2685650881154183,0.0,,,,10,completed,deterministic actual refits; no stochastic confidence interval,False
grasp_mtsbench_statistical_replay,HBOS,smap,native_transductive_test_feature_fit_oracle_f1,PRC,10,0.18974922310548453,2.925694557147251e-17,,,,10,completed,deterministic actual refits; no stochastic confidence interval,False
grasp_mtsbench_statistical_replay,HBOS,smap,native_transductive_test_feature_fit_oracle_f1,ROC,10,0.5644343594522823,1.1702778228589004e-16,,,,10,completed,deterministic actual refits; no stochastic confidence interval,False
grasp_mtsbench_statistical_replay,HBOS,smd,native_transductive_test_feature_fit_oracle_f1,Best_F1,10,0.3440167373812256,5.851389114294502e-17,,,,10,completed,deterministic actual refits; no stochastic confidence interval,False
grasp_mtsbench_statistical_replay,HBOS,smd,native_transductive_test_feature_fit_oracle_f1,PRC,10,0.2658333196705222,0.0,,,,10,completed,deterministic actual refits; no stochastic confidence interval,False
grasp_mtsbench_statistical_replay,HBOS,smd,native_transductive_test_feature_fit_oracle_f1,ROC,10,0.7419246278709594,1.1702778228589004e-16,,,,10,completed,deterministic actual refits; no stochastic confidence interval,False
grasp_mtsbench_statistical_replay,HBOS,swan,native_transductive_test_feature_fit_oracle_f1,Best_F1,10,0.43647867247943334,0.0,,,,10,completed,deterministic actual refits; no stochastic confidence interval,False
grasp_mtsbench_statistical_replay,HBOS,swan,native_transductive_test_feature_fit_oracle_f1,PRC,10,0.29244260575075426,0.0,,,,10,completed,deterministic actual refits; no stochastic confidence interval,False
grasp_mtsbench_statistical_replay,HBOS,swan,native_transductive_test_feature_fit_oracle_f1,ROC,10,0.4451620625197711,5.851389114294502e-17,,,,10,completed,deterministic actual refits; no stochastic confidence interval,False
