canonical_id,family,dataset,protocol,seed,samples,length,train_samples,test_samples,epochs,batch_size,generator_updates,original_queue,original_queue_sha256,current_queue,current_queue_sha256,model_config,model_config_sha256,original_output_directory,current_output_directory,source_config,author_equivalence_certified
ls4_original__released__fred_md__seed42,fred_nn5,fred_md,released,42,107,728,85,22,10000,64,20000,configs/experiments/fm_ls4_original_queue.v1.json,92e8a67ccb70a6ee9e23da097d1239f724a54ab245024c9c0a7db8c16bc24778,configs/experiments/fm_ls4_cauchy_corrected_fred_nn5_queue.v3.json,5715323b88ced96e36975fee446140261071b556e35221b63739e3cb904b3a60,configs/models/fm_ls4_cauchy_corrected_v3__fred_nn5__ls4_original__released__fred_md__seed42.json,7a5b72d49f54c73a7df4d348735c071038ecabaf008b51e6f9b03e7e3ac4de34,experiments/runs/fm_ls4_original_v1/jobs/ls4_original__released__fred_md__seed42,experiments/runs/fm_ls4_cauchy_corrected_fred_nn5_v3/jobs/ls4_original__released__fred_md__seed42,experiments/runs/fm_spectral_table3_baseline_acquisition_v1/sources/ls4/original/configs/monash/vae_fred_md.yaml,False
ls4_original__released__nn5_daily__seed42,fred_nn5,nn5_daily,released,42,111,791,88,23,10000,128,10000,configs/experiments/fm_ls4_original_queue.v1.json,92e8a67ccb70a6ee9e23da097d1239f724a54ab245024c9c0a7db8c16bc24778,configs/experiments/fm_ls4_cauchy_corrected_fred_nn5_queue.v3.json,5715323b88ced96e36975fee446140261071b556e35221b63739e3cb904b3a60,configs/models/fm_ls4_cauchy_corrected_v3__fred_nn5__ls4_original__released__nn5_daily__seed42.json,a1704e34094c8b3cccf2ae7d6bdd95b18a8c0aeff3212b853d50c562aef6d21d,experiments/runs/fm_ls4_original_v1/jobs/ls4_original__released__nn5_daily__seed42,experiments/runs/fm_ls4_cauchy_corrected_fred_nn5_v3/jobs/ls4_original__released__nn5_daily__seed42,experiments/runs/fm_spectral_table3_baseline_acquisition_v1/sources/ls4/original/configs/monash/vae_nn5daily.yaml,False
ls4_original__paper_literal__fred_md__seed42,fred_nn5,fred_md,paper_literal,42,107,728,85,22,7000,64,14000,configs/experiments/fm_ls4_original_queue.v1.json,92e8a67ccb70a6ee9e23da097d1239f724a54ab245024c9c0a7db8c16bc24778,configs/experiments/fm_ls4_cauchy_corrected_fred_nn5_queue.v3.json,5715323b88ced96e36975fee446140261071b556e35221b63739e3cb904b3a60,configs/models/fm_ls4_cauchy_corrected_v3__fred_nn5__ls4_original__paper_literal__fred_md__seed42.json,c7a8d83edf7f83abe07271d5c7d4c5f26f8e732ab085ba79d3472a251bf6cb94,experiments/runs/fm_ls4_original_v1/jobs/ls4_original__paper_literal__fred_md__seed42,experiments/runs/fm_ls4_cauchy_corrected_fred_nn5_v3/jobs/ls4_original__paper_literal__fred_md__seed42,experiments/runs/fm_spectral_table3_baseline_acquisition_v1/sources/ls4/original/configs/monash/vae_fred_md.yaml,False
ls4_original__paper_literal__nn5_daily__seed42,fred_nn5,nn5_daily,paper_literal,42,111,791,88,23,7000,64,14000,configs/experiments/fm_ls4_original_queue.v1.json,92e8a67ccb70a6ee9e23da097d1239f724a54ab245024c9c0a7db8c16bc24778,configs/experiments/fm_ls4_cauchy_corrected_fred_nn5_queue.v3.json,5715323b88ced96e36975fee446140261071b556e35221b63739e3cb904b3a60,configs/models/fm_ls4_cauchy_corrected_v3__fred_nn5__ls4_original__paper_literal__nn5_daily__seed42.json,37ea7b427ad28949595f0819a9b579b1a1e7b96275f7c33a0708cf91d0f50851,experiments/runs/fm_ls4_original_v1/jobs/ls4_original__paper_literal__nn5_daily__seed42,experiments/runs/fm_ls4_cauchy_corrected_fred_nn5_v3/jobs/ls4_original__paper_literal__nn5_daily__seed42,experiments/runs/fm_spectral_table3_baseline_acquisition_v1/sources/ls4/original/configs/monash/vae_nn5daily.yaml,False
ls4_original__released__fred_md__seed1103,fred_nn5,fred_md,released,1103,107,728,85,22,10000,64,20000,configs/experiments/fm_ls4_original_queue.v1.json,92e8a67ccb70a6ee9e23da097d1239f724a54ab245024c9c0a7db8c16bc24778,configs/experiments/fm_ls4_cauchy_corrected_fred_nn5_queue.v3.json,5715323b88ced96e36975fee446140261071b556e35221b63739e3cb904b3a60,configs/models/fm_ls4_cauchy_corrected_v3__fred_nn5__ls4_original__released__fred_md__seed1103.json,addf0ae34053596be6dd0128f2228db6298c3549f9766e693838d5f110ed5afc,experiments/runs/fm_ls4_original_v1/jobs/ls4_original__released__fred_md__seed1103,experiments/runs/fm_ls4_cauchy_corrected_fred_nn5_v3/jobs/ls4_original__released__fred_md__seed1103,experiments/runs/fm_spectral_table3_baseline_acquisition_v1/sources/ls4/original/configs/monash/vae_fred_md.yaml,False
ls4_original__released__nn5_daily__seed1103,fred_nn5,nn5_daily,released,1103,111,791,88,23,10000,128,10000,configs/experiments/fm_ls4_original_queue.v1.json,92e8a67ccb70a6ee9e23da097d1239f724a54ab245024c9c0a7db8c16bc24778,configs/experiments/fm_ls4_cauchy_corrected_fred_nn5_queue.v3.json,5715323b88ced96e36975fee446140261071b556e35221b63739e3cb904b3a60,configs/models/fm_ls4_cauchy_corrected_v3__fred_nn5__ls4_original__released__nn5_daily__seed1103.json,636bd1ad9edc480ef8c3d3dc93f74fedfda45f92d3a712fe72fd816cc931bcfe,experiments/runs/fm_ls4_original_v1/jobs/ls4_original__released__nn5_daily__seed1103,experiments/runs/fm_ls4_cauchy_corrected_fred_nn5_v3/jobs/ls4_original__released__nn5_daily__seed1103,experiments/runs/fm_spectral_table3_baseline_acquisition_v1/sources/ls4/original/configs/monash/vae_nn5daily.yaml,False
ls4_original__paper_literal__fred_md__seed1103,fred_nn5,fred_md,paper_literal,1103,107,728,85,22,7000,64,14000,configs/experiments/fm_ls4_original_queue.v1.json,92e8a67ccb70a6ee9e23da097d1239f724a54ab245024c9c0a7db8c16bc24778,configs/experiments/fm_ls4_cauchy_corrected_fred_nn5_queue.v3.json,5715323b88ced96e36975fee446140261071b556e35221b63739e3cb904b3a60,configs/models/fm_ls4_cauchy_corrected_v3__fred_nn5__ls4_original__paper_literal__fred_md__seed1103.json,b0fa558ba985eb9e124ae7c2226e47a36e28c8f030c8af1df2a046a41d237111,experiments/runs/fm_ls4_original_v1/jobs/ls4_original__paper_literal__fred_md__seed1103,experiments/runs/fm_ls4_cauchy_corrected_fred_nn5_v3/jobs/ls4_original__paper_literal__fred_md__seed1103,experiments/runs/fm_spectral_table3_baseline_acquisition_v1/sources/ls4/original/configs/monash/vae_fred_md.yaml,False
ls4_original__paper_literal__nn5_daily__seed1103,fred_nn5,nn5_daily,paper_literal,1103,111,791,88,23,7000,64,14000,configs/experiments/fm_ls4_original_queue.v1.json,92e8a67ccb70a6ee9e23da097d1239f724a54ab245024c9c0a7db8c16bc24778,configs/experiments/fm_ls4_cauchy_corrected_fred_nn5_queue.v3.json,5715323b88ced96e36975fee446140261071b556e35221b63739e3cb904b3a60,configs/models/fm_ls4_cauchy_corrected_v3__fred_nn5__ls4_original__paper_literal__nn5_daily__seed1103.json,36b365aa41d6b0dd6419747e348b2753591bf53620ce3490baec4854fbaed620,experiments/runs/fm_ls4_original_v1/jobs/ls4_original__paper_literal__nn5_daily__seed1103,experiments/runs/fm_ls4_cauchy_corrected_fred_nn5_v3/jobs/ls4_original__paper_literal__nn5_daily__seed1103,experiments/runs/fm_spectral_table3_baseline_acquisition_v1/sources/ls4/original/configs/monash/vae_nn5daily.yaml,False
ls4_original__released__fred_md__seed1104,fred_nn5,fred_md,released,1104,107,728,85,22,10000,64,20000,configs/experiments/fm_ls4_original_queue.v1.json,92e8a67ccb70a6ee9e23da097d1239f724a54ab245024c9c0a7db8c16bc24778,configs/experiments/fm_ls4_cauchy_corrected_fred_nn5_queue.v3.json,5715323b88ced96e36975fee446140261071b556e35221b63739e3cb904b3a60,configs/models/fm_ls4_cauchy_corrected_v3__fred_nn5__ls4_original__released__fred_md__seed1104.json,f46eedbcbe251170e1d468e0eec6b35b14d9e34b1599b52a26bff44fe3a926d6,experiments/runs/fm_ls4_original_v1/jobs/ls4_original__released__fred_md__seed1104,experiments/runs/fm_ls4_cauchy_corrected_fred_nn5_v3/jobs/ls4_original__released__fred_md__seed1104,experiments/runs/fm_spectral_table3_baseline_acquisition_v1/sources/ls4/original/configs/monash/vae_fred_md.yaml,False
ls4_original__released__nn5_daily__seed1104,fred_nn5,nn5_daily,released,1104,111,791,88,23,10000,128,10000,configs/experiments/fm_ls4_original_queue.v1.json,92e8a67ccb70a6ee9e23da097d1239f724a54ab245024c9c0a7db8c16bc24778,configs/experiments/fm_ls4_cauchy_corrected_fred_nn5_queue.v3.json,5715323b88ced96e36975fee446140261071b556e35221b63739e3cb904b3a60,configs/models/fm_ls4_cauchy_corrected_v3__fred_nn5__ls4_original__released__nn5_daily__seed1104.json,886f602a18e1f71e9945f492e4d28d210758d0a340cc78c016cd7e4f3f5e7abb,experiments/runs/fm_ls4_original_v1/jobs/ls4_original__released__nn5_daily__seed1104,experiments/runs/fm_ls4_cauchy_corrected_fred_nn5_v3/jobs/ls4_original__released__nn5_daily__seed1104,experiments/runs/fm_spectral_table3_baseline_acquisition_v1/sources/ls4/original/configs/monash/vae_nn5daily.yaml,False
ls4_original__paper_literal__fred_md__seed1104,fred_nn5,fred_md,paper_literal,1104,107,728,85,22,7000,64,14000,configs/experiments/fm_ls4_original_queue.v1.json,92e8a67ccb70a6ee9e23da097d1239f724a54ab245024c9c0a7db8c16bc24778,configs/experiments/fm_ls4_cauchy_corrected_fred_nn5_queue.v3.json,5715323b88ced96e36975fee446140261071b556e35221b63739e3cb904b3a60,configs/models/fm_ls4_cauchy_corrected_v3__fred_nn5__ls4_original__paper_literal__fred_md__seed1104.json,219293bc80498f39bbff95f904b041a2b0c180200905642201fd302e3425567a,experiments/runs/fm_ls4_original_v1/jobs/ls4_original__paper_literal__fred_md__seed1104,experiments/runs/fm_ls4_cauchy_corrected_fred_nn5_v3/jobs/ls4_original__paper_literal__fred_md__seed1104,experiments/runs/fm_spectral_table3_baseline_acquisition_v1/sources/ls4/original/configs/monash/vae_fred_md.yaml,False
ls4_original__paper_literal__nn5_daily__seed1104,fred_nn5,nn5_daily,paper_literal,1104,111,791,88,23,7000,64,14000,configs/experiments/fm_ls4_original_queue.v1.json,92e8a67ccb70a6ee9e23da097d1239f724a54ab245024c9c0a7db8c16bc24778,configs/experiments/fm_ls4_cauchy_corrected_fred_nn5_queue.v3.json,5715323b88ced96e36975fee446140261071b556e35221b63739e3cb904b3a60,configs/models/fm_ls4_cauchy_corrected_v3__fred_nn5__ls4_original__paper_literal__nn5_daily__seed1104.json,670357fb9f7b62acf99213909bed255c17537a7d89090bf044419c686cf21bd1,experiments/runs/fm_ls4_original_v1/jobs/ls4_original__paper_literal__nn5_daily__seed1104,experiments/runs/fm_ls4_cauchy_corrected_fred_nn5_v3/jobs/ls4_original__paper_literal__nn5_daily__seed1104,experiments/runs/fm_spectral_table3_baseline_acquisition_v1/sources/ls4/original/configs/monash/vae_nn5daily.yaml,False
ls4_original__released__fred_md__seed1105,fred_nn5,fred_md,released,1105,107,728,85,22,10000,64,20000,configs/experiments/fm_ls4_original_queue.v1.json,92e8a67ccb70a6ee9e23da097d1239f724a54ab245024c9c0a7db8c16bc24778,configs/experiments/fm_ls4_cauchy_corrected_fred_nn5_queue.v3.json,5715323b88ced96e36975fee446140261071b556e35221b63739e3cb904b3a60,configs/models/fm_ls4_cauchy_corrected_v3__fred_nn5__ls4_original__released__fred_md__seed1105.json,ac2d388d90919c0ed4e1f05e066b17d5551e1e509c0f7c93cf0836b4aebb9622,experiments/runs/fm_ls4_original_v1/jobs/ls4_original__released__fred_md__seed1105,experiments/runs/fm_ls4_cauchy_corrected_fred_nn5_v3/jobs/ls4_original__released__fred_md__seed1105,experiments/runs/fm_spectral_table3_baseline_acquisition_v1/sources/ls4/original/configs/monash/vae_fred_md.yaml,False
ls4_original__released__nn5_daily__seed1105,fred_nn5,nn5_daily,released,1105,111,791,88,23,10000,128,10000,configs/experiments/fm_ls4_original_queue.v1.json,92e8a67ccb70a6ee9e23da097d1239f724a54ab245024c9c0a7db8c16bc24778,configs/experiments/fm_ls4_cauchy_corrected_fred_nn5_queue.v3.json,5715323b88ced96e36975fee446140261071b556e35221b63739e3cb904b3a60,configs/models/fm_ls4_cauchy_corrected_v3__fred_nn5__ls4_original__released__nn5_daily__seed1105.json,01466f7b3ea356a1b20009781e7fd64c88639c32407ea80368ba9ddb85857931,experiments/runs/fm_ls4_original_v1/jobs/ls4_original__released__nn5_daily__seed1105,experiments/runs/fm_ls4_cauchy_corrected_fred_nn5_v3/jobs/ls4_original__released__nn5_daily__seed1105,experiments/runs/fm_spectral_table3_baseline_acquisition_v1/sources/ls4/original/configs/monash/vae_nn5daily.yaml,False
ls4_original__paper_literal__fred_md__seed1105,fred_nn5,fred_md,paper_literal,1105,107,728,85,22,7000,64,14000,configs/experiments/fm_ls4_original_queue.v1.json,92e8a67ccb70a6ee9e23da097d1239f724a54ab245024c9c0a7db8c16bc24778,configs/experiments/fm_ls4_cauchy_corrected_fred_nn5_queue.v3.json,5715323b88ced96e36975fee446140261071b556e35221b63739e3cb904b3a60,configs/models/fm_ls4_cauchy_corrected_v3__fred_nn5__ls4_original__paper_literal__fred_md__seed1105.json,c4fd98ee557ca6889a28dcbdfb0e49da435746d5774d22f9049b9155c55c83b0,experiments/runs/fm_ls4_original_v1/jobs/ls4_original__paper_literal__fred_md__seed1105,experiments/runs/fm_ls4_cauchy_corrected_fred_nn5_v3/jobs/ls4_original__paper_literal__fred_md__seed1105,experiments/runs/fm_spectral_table3_baseline_acquisition_v1/sources/ls4/original/configs/monash/vae_fred_md.yaml,False
ls4_original__paper_literal__nn5_daily__seed1105,fred_nn5,nn5_daily,paper_literal,1105,111,791,88,23,7000,64,14000,configs/experiments/fm_ls4_original_queue.v1.json,92e8a67ccb70a6ee9e23da097d1239f724a54ab245024c9c0a7db8c16bc24778,configs/experiments/fm_ls4_cauchy_corrected_fred_nn5_queue.v3.json,5715323b88ced96e36975fee446140261071b556e35221b63739e3cb904b3a60,configs/models/fm_ls4_cauchy_corrected_v3__fred_nn5__ls4_original__paper_literal__nn5_daily__seed1105.json,cc1576b5438764103df2bbafa360227a11fbb9ee0aa66f94c7773fc5275256ef,experiments/runs/fm_ls4_original_v1/jobs/ls4_original__paper_literal__nn5_daily__seed1105,experiments/runs/fm_ls4_cauchy_corrected_fred_nn5_v3/jobs/ls4_original__paper_literal__nn5_daily__seed1105,experiments/runs/fm_spectral_table3_baseline_acquisition_v1/sources/ls4/original/configs/monash/vae_nn5daily.yaml,False
ls4_original__released__fred_md__seed1106,fred_nn5,fred_md,released,1106,107,728,85,22,10000,64,20000,configs/experiments/fm_ls4_original_queue.v1.json,92e8a67ccb70a6ee9e23da097d1239f724a54ab245024c9c0a7db8c16bc24778,configs/experiments/fm_ls4_cauchy_corrected_fred_nn5_queue.v3.json,5715323b88ced96e36975fee446140261071b556e35221b63739e3cb904b3a60,configs/models/fm_ls4_cauchy_corrected_v3__fred_nn5__ls4_original__released__fred_md__seed1106.json,30e4574fe98922738f0d316af51573fdfc42fbf1700107953b190bfa17016de6,experiments/runs/fm_ls4_original_v1/jobs/ls4_original__released__fred_md__seed1106,experiments/runs/fm_ls4_cauchy_corrected_fred_nn5_v3/jobs/ls4_original__released__fred_md__seed1106,experiments/runs/fm_spectral_table3_baseline_acquisition_v1/sources/ls4/original/configs/monash/vae_fred_md.yaml,False
ls4_original__released__nn5_daily__seed1106,fred_nn5,nn5_daily,released,1106,111,791,88,23,10000,128,10000,configs/experiments/fm_ls4_original_queue.v1.json,92e8a67ccb70a6ee9e23da097d1239f724a54ab245024c9c0a7db8c16bc24778,configs/experiments/fm_ls4_cauchy_corrected_fred_nn5_queue.v3.json,5715323b88ced96e36975fee446140261071b556e35221b63739e3cb904b3a60,configs/models/fm_ls4_cauchy_corrected_v3__fred_nn5__ls4_original__released__nn5_daily__seed1106.json,ad1da197f716c491c99f1beef9006561c808bd9c788b8bdf8fcdcb6d6e244719,experiments/runs/fm_ls4_original_v1/jobs/ls4_original__released__nn5_daily__seed1106,experiments/runs/fm_ls4_cauchy_corrected_fred_nn5_v3/jobs/ls4_original__released__nn5_daily__seed1106,experiments/runs/fm_spectral_table3_baseline_acquisition_v1/sources/ls4/original/configs/monash/vae_nn5daily.yaml,False
ls4_original__paper_literal__fred_md__seed1106,fred_nn5,fred_md,paper_literal,1106,107,728,85,22,7000,64,14000,configs/experiments/fm_ls4_original_queue.v1.json,92e8a67ccb70a6ee9e23da097d1239f724a54ab245024c9c0a7db8c16bc24778,configs/experiments/fm_ls4_cauchy_corrected_fred_nn5_queue.v3.json,5715323b88ced96e36975fee446140261071b556e35221b63739e3cb904b3a60,configs/models/fm_ls4_cauchy_corrected_v3__fred_nn5__ls4_original__paper_literal__fred_md__seed1106.json,557a6cf00dbfd4460fa2b8936b3aadfbccdcde5f6d881cfbfc39388e3383c376,experiments/runs/fm_ls4_original_v1/jobs/ls4_original__paper_literal__fred_md__seed1106,experiments/runs/fm_ls4_cauchy_corrected_fred_nn5_v3/jobs/ls4_original__paper_literal__fred_md__seed1106,experiments/runs/fm_spectral_table3_baseline_acquisition_v1/sources/ls4/original/configs/monash/vae_fred_md.yaml,False
ls4_original__paper_literal__nn5_daily__seed1106,fred_nn5,nn5_daily,paper_literal,1106,111,791,88,23,7000,64,14000,configs/experiments/fm_ls4_original_queue.v1.json,92e8a67ccb70a6ee9e23da097d1239f724a54ab245024c9c0a7db8c16bc24778,configs/experiments/fm_ls4_cauchy_corrected_fred_nn5_queue.v3.json,5715323b88ced96e36975fee446140261071b556e35221b63739e3cb904b3a60,configs/models/fm_ls4_cauchy_corrected_v3__fred_nn5__ls4_original__paper_literal__nn5_daily__seed1106.json,780f82846bac525556303070048a43684d0b9db6e251429ca32c5dbfc6da4895,experiments/runs/fm_ls4_original_v1/jobs/ls4_original__paper_literal__nn5_daily__seed1106,experiments/runs/fm_ls4_cauchy_corrected_fred_nn5_v3/jobs/ls4_original__paper_literal__nn5_daily__seed1106,experiments/runs/fm_spectral_table3_baseline_acquisition_v1/sources/ls4/original/configs/monash/vae_nn5daily.yaml,False
ls4_extended_monash__released__solar_weekly__seed42,solar_temperature,solar_weekly,released,42,137,52,109,28,100000,128,100000,configs/experiments/fm_ls4_monash_extended_queue.v2.json,19efe18657f1aadd8ee2d023a1ffb818913d41ab0ab0f1d2a0ce91485e9617e0,configs/experiments/fm_ls4_cauchy_corrected_solar_temperature_queue.v3.json,0ab582cb5adac34686776bf1540d9c1e56c24ff58ea7ae0c634af8478c3386c7,configs/models/fm_ls4_cauchy_corrected_v3__solar_temperature__ls4_extended_monash__released__solar_weekly__seed42.json,c649479f8c66f25706d24a9ee02ec2a2128a70702be93eea982101c3bfd330f5,experiments/runs/fm_ls4_monash_extended_v2/jobs/ls4_extended_monash__released__solar_weekly__seed42,experiments/runs/fm_ls4_cauchy_corrected_solar_temperature_v3/jobs/ls4_extended_monash__released__solar_weekly__seed42,experiments/runs/fm_spectral_table3_baseline_acquisition_v1/sources/ls4/original/configs/monash/vae_solarweekly.yaml,False
ls4_extended_monash__released__temperature_rain__seed42,solar_temperature,temperature_rain,released,42,32072,725,25657,6415,1000,128,201000,configs/experiments/fm_ls4_monash_extended_queue.v2.json,19efe18657f1aadd8ee2d023a1ffb818913d41ab0ab0f1d2a0ce91485e9617e0,configs/experiments/fm_ls4_cauchy_corrected_solar_temperature_queue.v3.json,0ab582cb5adac34686776bf1540d9c1e56c24ff58ea7ae0c634af8478c3386c7,configs/models/fm_ls4_cauchy_corrected_v3__solar_temperature__ls4_extended_monash__released__temperature_rain__seed42.json,33e572b308b1ed5fbfec2a2725899eb0bf1e09775314afa4de90c1669af3081f,experiments/runs/fm_ls4_monash_extended_v2/jobs/ls4_extended_monash__released__temperature_rain__seed42,experiments/runs/fm_ls4_cauchy_corrected_solar_temperature_v3/jobs/ls4_extended_monash__released__temperature_rain__seed42,experiments/runs/fm_spectral_table3_baseline_acquisition_v1/sources/ls4/original/configs/monash/vae_temperature_rain.yaml,False
ls4_extended_monash__paper_literal__solar_weekly__seed42,solar_temperature,solar_weekly,paper_literal,42,137,52,109,28,7000,64,14000,configs/experiments/fm_ls4_monash_extended_queue.v2.json,19efe18657f1aadd8ee2d023a1ffb818913d41ab0ab0f1d2a0ce91485e9617e0,configs/experiments/fm_ls4_cauchy_corrected_solar_temperature_queue.v3.json,0ab582cb5adac34686776bf1540d9c1e56c24ff58ea7ae0c634af8478c3386c7,configs/models/fm_ls4_cauchy_corrected_v3__solar_temperature__ls4_extended_monash__paper_literal__solar_weekly__seed42.json,60efd8e0e13a5d787fc200f171e1d93e422db652c66016e9c9d6ac8e40ef3a88,experiments/runs/fm_ls4_monash_extended_v2/jobs/ls4_extended_monash__paper_literal__solar_weekly__seed42,experiments/runs/fm_ls4_cauchy_corrected_solar_temperature_v3/jobs/ls4_extended_monash__paper_literal__solar_weekly__seed42,experiments/runs/fm_spectral_table3_baseline_acquisition_v1/sources/ls4/original/configs/monash/vae_solarweekly.yaml,False
ls4_extended_monash__paper_literal__temperature_rain__seed42,solar_temperature,temperature_rain,paper_literal,42,32072,725,25657,6415,1000,64,401000,configs/experiments/fm_ls4_monash_extended_queue.v2.json,19efe18657f1aadd8ee2d023a1ffb818913d41ab0ab0f1d2a0ce91485e9617e0,configs/experiments/fm_ls4_cauchy_corrected_solar_temperature_queue.v3.json,0ab582cb5adac34686776bf1540d9c1e56c24ff58ea7ae0c634af8478c3386c7,configs/models/fm_ls4_cauchy_corrected_v3__solar_temperature__ls4_extended_monash__paper_literal__temperature_rain__seed42.json,9b093882bb1a5595eab333d02eb7b9cedbb2924e910caed9869cc3e7707234e0,experiments/runs/fm_ls4_monash_extended_v2/jobs/ls4_extended_monash__paper_literal__temperature_rain__seed42,experiments/runs/fm_ls4_cauchy_corrected_solar_temperature_v3/jobs/ls4_extended_monash__paper_literal__temperature_rain__seed42,experiments/runs/fm_spectral_table3_baseline_acquisition_v1/sources/ls4/original/configs/monash/vae_temperature_rain.yaml,False
ls4_extended_monash__released__solar_weekly__seed1103,solar_temperature,solar_weekly,released,1103,137,52,109,28,100000,128,100000,configs/experiments/fm_ls4_monash_extended_queue.v2.json,19efe18657f1aadd8ee2d023a1ffb818913d41ab0ab0f1d2a0ce91485e9617e0,configs/experiments/fm_ls4_cauchy_corrected_solar_temperature_queue.v3.json,0ab582cb5adac34686776bf1540d9c1e56c24ff58ea7ae0c634af8478c3386c7,configs/models/fm_ls4_cauchy_corrected_v3__solar_temperature__ls4_extended_monash__released__solar_weekly__seed1103.json,a746f1b689b719370658c1edc5e63ead717e621ddaea40486f42ddfa2adf144f,experiments/runs/fm_ls4_monash_extended_v2/jobs/ls4_extended_monash__released__solar_weekly__seed1103,experiments/runs/fm_ls4_cauchy_corrected_solar_temperature_v3/jobs/ls4_extended_monash__released__solar_weekly__seed1103,experiments/runs/fm_spectral_table3_baseline_acquisition_v1/sources/ls4/original/configs/monash/vae_solarweekly.yaml,False
ls4_extended_monash__released__temperature_rain__seed1103,solar_temperature,temperature_rain,released,1103,32072,725,25657,6415,1000,128,201000,configs/experiments/fm_ls4_monash_extended_queue.v2.json,19efe18657f1aadd8ee2d023a1ffb818913d41ab0ab0f1d2a0ce91485e9617e0,configs/experiments/fm_ls4_cauchy_corrected_solar_temperature_queue.v3.json,0ab582cb5adac34686776bf1540d9c1e56c24ff58ea7ae0c634af8478c3386c7,configs/models/fm_ls4_cauchy_corrected_v3__solar_temperature__ls4_extended_monash__released__temperature_rain__seed1103.json,c5c0440353503359d2e4c88dedcfc7a6ed336ae0cd9b10e9c4f12f01862a58bb,experiments/runs/fm_ls4_monash_extended_v2/jobs/ls4_extended_monash__released__temperature_rain__seed1103,experiments/runs/fm_ls4_cauchy_corrected_solar_temperature_v3/jobs/ls4_extended_monash__released__temperature_rain__seed1103,experiments/runs/fm_spectral_table3_baseline_acquisition_v1/sources/ls4/original/configs/monash/vae_temperature_rain.yaml,False
ls4_extended_monash__paper_literal__solar_weekly__seed1103,solar_temperature,solar_weekly,paper_literal,1103,137,52,109,28,7000,64,14000,configs/experiments/fm_ls4_monash_extended_queue.v2.json,19efe18657f1aadd8ee2d023a1ffb818913d41ab0ab0f1d2a0ce91485e9617e0,configs/experiments/fm_ls4_cauchy_corrected_solar_temperature_queue.v3.json,0ab582cb5adac34686776bf1540d9c1e56c24ff58ea7ae0c634af8478c3386c7,configs/models/fm_ls4_cauchy_corrected_v3__solar_temperature__ls4_extended_monash__paper_literal__solar_weekly__seed1103.json,80e4899356a9bffe695d9fd284a649205f85d65fa218ab0b5792beee8cfda896,experiments/runs/fm_ls4_monash_extended_v2/jobs/ls4_extended_monash__paper_literal__solar_weekly__seed1103,experiments/runs/fm_ls4_cauchy_corrected_solar_temperature_v3/jobs/ls4_extended_monash__paper_literal__solar_weekly__seed1103,experiments/runs/fm_spectral_table3_baseline_acquisition_v1/sources/ls4/original/configs/monash/vae_solarweekly.yaml,False
ls4_extended_monash__paper_literal__temperature_rain__seed1103,solar_temperature,temperature_rain,paper_literal,1103,32072,725,25657,6415,1000,64,401000,configs/experiments/fm_ls4_monash_extended_queue.v2.json,19efe18657f1aadd8ee2d023a1ffb818913d41ab0ab0f1d2a0ce91485e9617e0,configs/experiments/fm_ls4_cauchy_corrected_solar_temperature_queue.v3.json,0ab582cb5adac34686776bf1540d9c1e56c24ff58ea7ae0c634af8478c3386c7,configs/models/fm_ls4_cauchy_corrected_v3__solar_temperature__ls4_extended_monash__paper_literal__temperature_rain__seed1103.json,377b931a6a8494d3a3521a890d8ea0d3795ed3f6fee44024657e30fdafa4f616,experiments/runs/fm_ls4_monash_extended_v2/jobs/ls4_extended_monash__paper_literal__temperature_rain__seed1103,experiments/runs/fm_ls4_cauchy_corrected_solar_temperature_v3/jobs/ls4_extended_monash__paper_literal__temperature_rain__seed1103,experiments/runs/fm_spectral_table3_baseline_acquisition_v1/sources/ls4/original/configs/monash/vae_temperature_rain.yaml,False
ls4_extended_monash__released__solar_weekly__seed1104,solar_temperature,solar_weekly,released,1104,137,52,109,28,100000,128,100000,configs/experiments/fm_ls4_monash_extended_queue.v2.json,19efe18657f1aadd8ee2d023a1ffb818913d41ab0ab0f1d2a0ce91485e9617e0,configs/experiments/fm_ls4_cauchy_corrected_solar_temperature_queue.v3.json,0ab582cb5adac34686776bf1540d9c1e56c24ff58ea7ae0c634af8478c3386c7,configs/models/fm_ls4_cauchy_corrected_v3__solar_temperature__ls4_extended_monash__released__solar_weekly__seed1104.json,80150cfc61321bb48118ae8402e1873008b33984b5d2c4a9769c77964fbf0bae,experiments/runs/fm_ls4_monash_extended_v2/jobs/ls4_extended_monash__released__solar_weekly__seed1104,experiments/runs/fm_ls4_cauchy_corrected_solar_temperature_v3/jobs/ls4_extended_monash__released__solar_weekly__seed1104,experiments/runs/fm_spectral_table3_baseline_acquisition_v1/sources/ls4/original/configs/monash/vae_solarweekly.yaml,False
ls4_extended_monash__released__temperature_rain__seed1104,solar_temperature,temperature_rain,released,1104,32072,725,25657,6415,1000,128,201000,configs/experiments/fm_ls4_monash_extended_queue.v2.json,19efe18657f1aadd8ee2d023a1ffb818913d41ab0ab0f1d2a0ce91485e9617e0,configs/experiments/fm_ls4_cauchy_corrected_solar_temperature_queue.v3.json,0ab582cb5adac34686776bf1540d9c1e56c24ff58ea7ae0c634af8478c3386c7,configs/models/fm_ls4_cauchy_corrected_v3__solar_temperature__ls4_extended_monash__released__temperature_rain__seed1104.json,21dd12fd5c3ff2dc7764f62a4793e2805f20b59aac047ef7591c8cf6dd78e59f,experiments/runs/fm_ls4_monash_extended_v2/jobs/ls4_extended_monash__released__temperature_rain__seed1104,experiments/runs/fm_ls4_cauchy_corrected_solar_temperature_v3/jobs/ls4_extended_monash__released__temperature_rain__seed1104,experiments/runs/fm_spectral_table3_baseline_acquisition_v1/sources/ls4/original/configs/monash/vae_temperature_rain.yaml,False
ls4_extended_monash__paper_literal__solar_weekly__seed1104,solar_temperature,solar_weekly,paper_literal,1104,137,52,109,28,7000,64,14000,configs/experiments/fm_ls4_monash_extended_queue.v2.json,19efe18657f1aadd8ee2d023a1ffb818913d41ab0ab0f1d2a0ce91485e9617e0,configs/experiments/fm_ls4_cauchy_corrected_solar_temperature_queue.v3.json,0ab582cb5adac34686776bf1540d9c1e56c24ff58ea7ae0c634af8478c3386c7,configs/models/fm_ls4_cauchy_corrected_v3__solar_temperature__ls4_extended_monash__paper_literal__solar_weekly__seed1104.json,bb6ba7047c56e02e0d5c5037f0805615fcb3b810bbb2f4cea9a02773dcc44699,experiments/runs/fm_ls4_monash_extended_v2/jobs/ls4_extended_monash__paper_literal__solar_weekly__seed1104,experiments/runs/fm_ls4_cauchy_corrected_solar_temperature_v3/jobs/ls4_extended_monash__paper_literal__solar_weekly__seed1104,experiments/runs/fm_spectral_table3_baseline_acquisition_v1/sources/ls4/original/configs/monash/vae_solarweekly.yaml,False
ls4_extended_monash__paper_literal__temperature_rain__seed1104,solar_temperature,temperature_rain,paper_literal,1104,32072,725,25657,6415,1000,64,401000,configs/experiments/fm_ls4_monash_extended_queue.v2.json,19efe18657f1aadd8ee2d023a1ffb818913d41ab0ab0f1d2a0ce91485e9617e0,configs/experiments/fm_ls4_cauchy_corrected_solar_temperature_queue.v3.json,0ab582cb5adac34686776bf1540d9c1e56c24ff58ea7ae0c634af8478c3386c7,configs/models/fm_ls4_cauchy_corrected_v3__solar_temperature__ls4_extended_monash__paper_literal__temperature_rain__seed1104.json,d31c89fb5496fb00d5ff028684b837f83ae561b91117cf6a6b2f990c912f38bd,experiments/runs/fm_ls4_monash_extended_v2/jobs/ls4_extended_monash__paper_literal__temperature_rain__seed1104,experiments/runs/fm_ls4_cauchy_corrected_solar_temperature_v3/jobs/ls4_extended_monash__paper_literal__temperature_rain__seed1104,experiments/runs/fm_spectral_table3_baseline_acquisition_v1/sources/ls4/original/configs/monash/vae_temperature_rain.yaml,False
ls4_extended_monash__released__solar_weekly__seed1105,solar_temperature,solar_weekly,released,1105,137,52,109,28,100000,128,100000,configs/experiments/fm_ls4_monash_extended_queue.v2.json,19efe18657f1aadd8ee2d023a1ffb818913d41ab0ab0f1d2a0ce91485e9617e0,configs/experiments/fm_ls4_cauchy_corrected_solar_temperature_queue.v3.json,0ab582cb5adac34686776bf1540d9c1e56c24ff58ea7ae0c634af8478c3386c7,configs/models/fm_ls4_cauchy_corrected_v3__solar_temperature__ls4_extended_monash__released__solar_weekly__seed1105.json,1d612108863b6d58466e38fe9f018547cd974baa27aa530f24cdc62e287aabf8,experiments/runs/fm_ls4_monash_extended_v2/jobs/ls4_extended_monash__released__solar_weekly__seed1105,experiments/runs/fm_ls4_cauchy_corrected_solar_temperature_v3/jobs/ls4_extended_monash__released__solar_weekly__seed1105,experiments/runs/fm_spectral_table3_baseline_acquisition_v1/sources/ls4/original/configs/monash/vae_solarweekly.yaml,False
ls4_extended_monash__released__temperature_rain__seed1105,solar_temperature,temperature_rain,released,1105,32072,725,25657,6415,1000,128,201000,configs/experiments/fm_ls4_monash_extended_queue.v2.json,19efe18657f1aadd8ee2d023a1ffb818913d41ab0ab0f1d2a0ce91485e9617e0,configs/experiments/fm_ls4_cauchy_corrected_solar_temperature_queue.v3.json,0ab582cb5adac34686776bf1540d9c1e56c24ff58ea7ae0c634af8478c3386c7,configs/models/fm_ls4_cauchy_corrected_v3__solar_temperature__ls4_extended_monash__released__temperature_rain__seed1105.json,583c5c2eeebe0a4e318e91c65b2c0c6de65539ede4d165458c93c2739c09003c,experiments/runs/fm_ls4_monash_extended_v2/jobs/ls4_extended_monash__released__temperature_rain__seed1105,experiments/runs/fm_ls4_cauchy_corrected_solar_temperature_v3/jobs/ls4_extended_monash__released__temperature_rain__seed1105,experiments/runs/fm_spectral_table3_baseline_acquisition_v1/sources/ls4/original/configs/monash/vae_temperature_rain.yaml,False
ls4_extended_monash__paper_literal__solar_weekly__seed1105,solar_temperature,solar_weekly,paper_literal,1105,137,52,109,28,7000,64,14000,configs/experiments/fm_ls4_monash_extended_queue.v2.json,19efe18657f1aadd8ee2d023a1ffb818913d41ab0ab0f1d2a0ce91485e9617e0,configs/experiments/fm_ls4_cauchy_corrected_solar_temperature_queue.v3.json,0ab582cb5adac34686776bf1540d9c1e56c24ff58ea7ae0c634af8478c3386c7,configs/models/fm_ls4_cauchy_corrected_v3__solar_temperature__ls4_extended_monash__paper_literal__solar_weekly__seed1105.json,7333d67af098bff8fb7bdaa52c2e07c7902ff82230fdddc0220c93835041e70a,experiments/runs/fm_ls4_monash_extended_v2/jobs/ls4_extended_monash__paper_literal__solar_weekly__seed1105,experiments/runs/fm_ls4_cauchy_corrected_solar_temperature_v3/jobs/ls4_extended_monash__paper_literal__solar_weekly__seed1105,experiments/runs/fm_spectral_table3_baseline_acquisition_v1/sources/ls4/original/configs/monash/vae_solarweekly.yaml,False
ls4_extended_monash__paper_literal__temperature_rain__seed1105,solar_temperature,temperature_rain,paper_literal,1105,32072,725,25657,6415,1000,64,401000,configs/experiments/fm_ls4_monash_extended_queue.v2.json,19efe18657f1aadd8ee2d023a1ffb818913d41ab0ab0f1d2a0ce91485e9617e0,configs/experiments/fm_ls4_cauchy_corrected_solar_temperature_queue.v3.json,0ab582cb5adac34686776bf1540d9c1e56c24ff58ea7ae0c634af8478c3386c7,configs/models/fm_ls4_cauchy_corrected_v3__solar_temperature__ls4_extended_monash__paper_literal__temperature_rain__seed1105.json,b55ed4b53181121c28930c2d14e652dd141a6ca6cf510d7af0467ca547c444f3,experiments/runs/fm_ls4_monash_extended_v2/jobs/ls4_extended_monash__paper_literal__temperature_rain__seed1105,experiments/runs/fm_ls4_cauchy_corrected_solar_temperature_v3/jobs/ls4_extended_monash__paper_literal__temperature_rain__seed1105,experiments/runs/fm_spectral_table3_baseline_acquisition_v1/sources/ls4/original/configs/monash/vae_temperature_rain.yaml,False
ls4_extended_monash__released__solar_weekly__seed1106,solar_temperature,solar_weekly,released,1106,137,52,109,28,100000,128,100000,configs/experiments/fm_ls4_monash_extended_queue.v2.json,19efe18657f1aadd8ee2d023a1ffb818913d41ab0ab0f1d2a0ce91485e9617e0,configs/experiments/fm_ls4_cauchy_corrected_solar_temperature_queue.v3.json,0ab582cb5adac34686776bf1540d9c1e56c24ff58ea7ae0c634af8478c3386c7,configs/models/fm_ls4_cauchy_corrected_v3__solar_temperature__ls4_extended_monash__released__solar_weekly__seed1106.json,2aa5493ca33df94decc9df9d8772f1c635a3217aac4ed00783ffdd33d726f3fb,experiments/runs/fm_ls4_monash_extended_v2/jobs/ls4_extended_monash__released__solar_weekly__seed1106,experiments/runs/fm_ls4_cauchy_corrected_solar_temperature_v3/jobs/ls4_extended_monash__released__solar_weekly__seed1106,experiments/runs/fm_spectral_table3_baseline_acquisition_v1/sources/ls4/original/configs/monash/vae_solarweekly.yaml,False
ls4_extended_monash__released__temperature_rain__seed1106,solar_temperature,temperature_rain,released,1106,32072,725,25657,6415,1000,128,201000,configs/experiments/fm_ls4_monash_extended_queue.v2.json,19efe18657f1aadd8ee2d023a1ffb818913d41ab0ab0f1d2a0ce91485e9617e0,configs/experiments/fm_ls4_cauchy_corrected_solar_temperature_queue.v3.json,0ab582cb5adac34686776bf1540d9c1e56c24ff58ea7ae0c634af8478c3386c7,configs/models/fm_ls4_cauchy_corrected_v3__solar_temperature__ls4_extended_monash__released__temperature_rain__seed1106.json,5d8425ed2af6903dfe06c437f70042dbb156cad60f3d23b8bc557cc4dfb613fe,experiments/runs/fm_ls4_monash_extended_v2/jobs/ls4_extended_monash__released__temperature_rain__seed1106,experiments/runs/fm_ls4_cauchy_corrected_solar_temperature_v3/jobs/ls4_extended_monash__released__temperature_rain__seed1106,experiments/runs/fm_spectral_table3_baseline_acquisition_v1/sources/ls4/original/configs/monash/vae_temperature_rain.yaml,False
ls4_extended_monash__paper_literal__solar_weekly__seed1106,solar_temperature,solar_weekly,paper_literal,1106,137,52,109,28,7000,64,14000,configs/experiments/fm_ls4_monash_extended_queue.v2.json,19efe18657f1aadd8ee2d023a1ffb818913d41ab0ab0f1d2a0ce91485e9617e0,configs/experiments/fm_ls4_cauchy_corrected_solar_temperature_queue.v3.json,0ab582cb5adac34686776bf1540d9c1e56c24ff58ea7ae0c634af8478c3386c7,configs/models/fm_ls4_cauchy_corrected_v3__solar_temperature__ls4_extended_monash__paper_literal__solar_weekly__seed1106.json,b6b4ba1a36a679581aff59e8cf4cb0c7c286f32570e2040d9ec80be293800ae1,experiments/runs/fm_ls4_monash_extended_v2/jobs/ls4_extended_monash__paper_literal__solar_weekly__seed1106,experiments/runs/fm_ls4_cauchy_corrected_solar_temperature_v3/jobs/ls4_extended_monash__paper_literal__solar_weekly__seed1106,experiments/runs/fm_spectral_table3_baseline_acquisition_v1/sources/ls4/original/configs/monash/vae_solarweekly.yaml,False
ls4_extended_monash__paper_literal__temperature_rain__seed1106,solar_temperature,temperature_rain,paper_literal,1106,32072,725,25657,6415,1000,64,401000,configs/experiments/fm_ls4_monash_extended_queue.v2.json,19efe18657f1aadd8ee2d023a1ffb818913d41ab0ab0f1d2a0ce91485e9617e0,configs/experiments/fm_ls4_cauchy_corrected_solar_temperature_queue.v3.json,0ab582cb5adac34686776bf1540d9c1e56c24ff58ea7ae0c634af8478c3386c7,configs/models/fm_ls4_cauchy_corrected_v3__solar_temperature__ls4_extended_monash__paper_literal__temperature_rain__seed1106.json,51085eba3d3f9df77efb86206e15d2bc3a67780fc4d8390df13d320ec077324d,experiments/runs/fm_ls4_monash_extended_v2/jobs/ls4_extended_monash__paper_literal__temperature_rain__seed1106,experiments/runs/fm_ls4_cauchy_corrected_solar_temperature_v3/jobs/ls4_extended_monash__paper_literal__temperature_rain__seed1106,experiments/runs/fm_spectral_table3_baseline_acquisition_v1/sources/ls4/original/configs/monash/vae_temperature_rain.yaml,False
