job_id,method,dataset,seed,stage,optimizer_updates,warmup_updates,main_optimizer_updates,original_entry,raw_shape,model_config
spectral_table2__spectral_flow__sine__seed42,spectral_flow,sine,42,training,100000,0,100000,train.py,"[10000, 24, 5]",configs/models/fm_spectral_table2__spectral_flow__sine.json
spectral_table2__spectral_flow__sine__seed42,spectral_flow,sine,42,sampling,0,0,0,train.py,"[10000, 24, 5]",configs/models/fm_spectral_table2__spectral_flow__sine.json
spectral_table2__spectral_flow__sine__seed42,spectral_flow,sine,42,evaluation,0,0,0,eval.py,"[10000, 24, 5]",configs/models/fm_spectral_table2__spectral_flow__sine.json
spectral_table2__spectral_flow__sine__seed1103,spectral_flow,sine,1103,training,100000,0,100000,train.py,"[10000, 24, 5]",configs/models/fm_spectral_table2__spectral_flow__sine.json
spectral_table2__spectral_flow__sine__seed1103,spectral_flow,sine,1103,sampling,0,0,0,train.py,"[10000, 24, 5]",configs/models/fm_spectral_table2__spectral_flow__sine.json
spectral_table2__spectral_flow__sine__seed1103,spectral_flow,sine,1103,evaluation,0,0,0,eval.py,"[10000, 24, 5]",configs/models/fm_spectral_table2__spectral_flow__sine.json
spectral_table2__spectral_flow__sine__seed1104,spectral_flow,sine,1104,training,100000,0,100000,train.py,"[10000, 24, 5]",configs/models/fm_spectral_table2__spectral_flow__sine.json
spectral_table2__spectral_flow__sine__seed1104,spectral_flow,sine,1104,sampling,0,0,0,train.py,"[10000, 24, 5]",configs/models/fm_spectral_table2__spectral_flow__sine.json
spectral_table2__spectral_flow__sine__seed1104,spectral_flow,sine,1104,evaluation,0,0,0,eval.py,"[10000, 24, 5]",configs/models/fm_spectral_table2__spectral_flow__sine.json
spectral_table2__spectral_flow__sine__seed1105,spectral_flow,sine,1105,training,100000,0,100000,train.py,"[10000, 24, 5]",configs/models/fm_spectral_table2__spectral_flow__sine.json
spectral_table2__spectral_flow__sine__seed1105,spectral_flow,sine,1105,sampling,0,0,0,train.py,"[10000, 24, 5]",configs/models/fm_spectral_table2__spectral_flow__sine.json
spectral_table2__spectral_flow__sine__seed1105,spectral_flow,sine,1105,evaluation,0,0,0,eval.py,"[10000, 24, 5]",configs/models/fm_spectral_table2__spectral_flow__sine.json
spectral_table2__spectral_flow__sine__seed1106,spectral_flow,sine,1106,training,100000,0,100000,train.py,"[10000, 24, 5]",configs/models/fm_spectral_table2__spectral_flow__sine.json
spectral_table2__spectral_flow__sine__seed1106,spectral_flow,sine,1106,sampling,0,0,0,train.py,"[10000, 24, 5]",configs/models/fm_spectral_table2__spectral_flow__sine.json
spectral_table2__spectral_flow__sine__seed1106,spectral_flow,sine,1106,evaluation,0,0,0,eval.py,"[10000, 24, 5]",configs/models/fm_spectral_table2__spectral_flow__sine.json
spectral_table2__spectral_flow__stock__seed42,spectral_flow,stock,42,training,100000,0,100000,train.py,"[3662, 24, 6]",configs/models/fm_spectral_table2__spectral_flow__stock.json
spectral_table2__spectral_flow__stock__seed42,spectral_flow,stock,42,sampling,0,0,0,train.py,"[3662, 24, 6]",configs/models/fm_spectral_table2__spectral_flow__stock.json
spectral_table2__spectral_flow__stock__seed42,spectral_flow,stock,42,evaluation,0,0,0,eval.py,"[3662, 24, 6]",configs/models/fm_spectral_table2__spectral_flow__stock.json
spectral_table2__spectral_flow__stock__seed1103,spectral_flow,stock,1103,training,100000,0,100000,train.py,"[3662, 24, 6]",configs/models/fm_spectral_table2__spectral_flow__stock.json
spectral_table2__spectral_flow__stock__seed1103,spectral_flow,stock,1103,sampling,0,0,0,train.py,"[3662, 24, 6]",configs/models/fm_spectral_table2__spectral_flow__stock.json
spectral_table2__spectral_flow__stock__seed1103,spectral_flow,stock,1103,evaluation,0,0,0,eval.py,"[3662, 24, 6]",configs/models/fm_spectral_table2__spectral_flow__stock.json
spectral_table2__spectral_flow__stock__seed1104,spectral_flow,stock,1104,training,100000,0,100000,train.py,"[3662, 24, 6]",configs/models/fm_spectral_table2__spectral_flow__stock.json
spectral_table2__spectral_flow__stock__seed1104,spectral_flow,stock,1104,sampling,0,0,0,train.py,"[3662, 24, 6]",configs/models/fm_spectral_table2__spectral_flow__stock.json
spectral_table2__spectral_flow__stock__seed1104,spectral_flow,stock,1104,evaluation,0,0,0,eval.py,"[3662, 24, 6]",configs/models/fm_spectral_table2__spectral_flow__stock.json
spectral_table2__spectral_flow__stock__seed1105,spectral_flow,stock,1105,training,100000,0,100000,train.py,"[3662, 24, 6]",configs/models/fm_spectral_table2__spectral_flow__stock.json
spectral_table2__spectral_flow__stock__seed1105,spectral_flow,stock,1105,sampling,0,0,0,train.py,"[3662, 24, 6]",configs/models/fm_spectral_table2__spectral_flow__stock.json
spectral_table2__spectral_flow__stock__seed1105,spectral_flow,stock,1105,evaluation,0,0,0,eval.py,"[3662, 24, 6]",configs/models/fm_spectral_table2__spectral_flow__stock.json
spectral_table2__spectral_flow__stock__seed1106,spectral_flow,stock,1106,training,100000,0,100000,train.py,"[3662, 24, 6]",configs/models/fm_spectral_table2__spectral_flow__stock.json
spectral_table2__spectral_flow__stock__seed1106,spectral_flow,stock,1106,sampling,0,0,0,train.py,"[3662, 24, 6]",configs/models/fm_spectral_table2__spectral_flow__stock.json
spectral_table2__spectral_flow__stock__seed1106,spectral_flow,stock,1106,evaluation,0,0,0,eval.py,"[3662, 24, 6]",configs/models/fm_spectral_table2__spectral_flow__stock.json
spectral_table2__spectral_flow__mujoco__seed42,spectral_flow,mujoco,42,training,100000,0,100000,train.py,"[10000, 24, 14]",configs/models/fm_spectral_table2__spectral_flow__mujoco.json
spectral_table2__spectral_flow__mujoco__seed42,spectral_flow,mujoco,42,sampling,0,0,0,train.py,"[10000, 24, 14]",configs/models/fm_spectral_table2__spectral_flow__mujoco.json
spectral_table2__spectral_flow__mujoco__seed42,spectral_flow,mujoco,42,evaluation,0,0,0,eval.py,"[10000, 24, 14]",configs/models/fm_spectral_table2__spectral_flow__mujoco.json
spectral_table2__spectral_flow__mujoco__seed1103,spectral_flow,mujoco,1103,training,100000,0,100000,train.py,"[10000, 24, 14]",configs/models/fm_spectral_table2__spectral_flow__mujoco.json
spectral_table2__spectral_flow__mujoco__seed1103,spectral_flow,mujoco,1103,sampling,0,0,0,train.py,"[10000, 24, 14]",configs/models/fm_spectral_table2__spectral_flow__mujoco.json
spectral_table2__spectral_flow__mujoco__seed1103,spectral_flow,mujoco,1103,evaluation,0,0,0,eval.py,"[10000, 24, 14]",configs/models/fm_spectral_table2__spectral_flow__mujoco.json
spectral_table2__spectral_flow__mujoco__seed1104,spectral_flow,mujoco,1104,training,100000,0,100000,train.py,"[10000, 24, 14]",configs/models/fm_spectral_table2__spectral_flow__mujoco.json
spectral_table2__spectral_flow__mujoco__seed1104,spectral_flow,mujoco,1104,sampling,0,0,0,train.py,"[10000, 24, 14]",configs/models/fm_spectral_table2__spectral_flow__mujoco.json
spectral_table2__spectral_flow__mujoco__seed1104,spectral_flow,mujoco,1104,evaluation,0,0,0,eval.py,"[10000, 24, 14]",configs/models/fm_spectral_table2__spectral_flow__mujoco.json
spectral_table2__spectral_flow__mujoco__seed1105,spectral_flow,mujoco,1105,training,100000,0,100000,train.py,"[10000, 24, 14]",configs/models/fm_spectral_table2__spectral_flow__mujoco.json
spectral_table2__spectral_flow__mujoco__seed1105,spectral_flow,mujoco,1105,sampling,0,0,0,train.py,"[10000, 24, 14]",configs/models/fm_spectral_table2__spectral_flow__mujoco.json
spectral_table2__spectral_flow__mujoco__seed1105,spectral_flow,mujoco,1105,evaluation,0,0,0,eval.py,"[10000, 24, 14]",configs/models/fm_spectral_table2__spectral_flow__mujoco.json
spectral_table2__spectral_flow__mujoco__seed1106,spectral_flow,mujoco,1106,training,100000,0,100000,train.py,"[10000, 24, 14]",configs/models/fm_spectral_table2__spectral_flow__mujoco.json
spectral_table2__spectral_flow__mujoco__seed1106,spectral_flow,mujoco,1106,sampling,0,0,0,train.py,"[10000, 24, 14]",configs/models/fm_spectral_table2__spectral_flow__mujoco.json
spectral_table2__spectral_flow__mujoco__seed1106,spectral_flow,mujoco,1106,evaluation,0,0,0,eval.py,"[10000, 24, 14]",configs/models/fm_spectral_table2__spectral_flow__mujoco.json
spectral_table2__sdformer_ar__sine__seed42,sdformer_ar,sine,42,vq_training,100999,999,100000,train_vq.py,"[10000, 24, 5]",configs/models/fm_spectral_table2__sdformer_ar__sine.json
spectral_table2__sdformer_ar__sine__seed42,sdformer_ar,sine,42,training,20000,0,20000,train_sdformer_ar.py,"[10000, 24, 5]",configs/models/fm_spectral_table2__sdformer_ar__sine.json
spectral_table2__sdformer_ar__sine__seed42,sdformer_ar,sine,42,sampling,0,0,0,train_sdformer_ar.py,"[10000, 24, 5]",configs/models/fm_spectral_table2__sdformer_ar__sine.json
spectral_table2__sdformer_ar__sine__seed42,sdformer_ar,sine,42,evaluation,0,0,0,eval_sdformer.py,"[10000, 24, 5]",configs/models/fm_spectral_table2__sdformer_ar__sine.json
spectral_table2__sdformer_ar__sine__seed1103,sdformer_ar,sine,1103,vq_training,100999,999,100000,train_vq.py,"[10000, 24, 5]",configs/models/fm_spectral_table2__sdformer_ar__sine.json
spectral_table2__sdformer_ar__sine__seed1103,sdformer_ar,sine,1103,training,20000,0,20000,train_sdformer_ar.py,"[10000, 24, 5]",configs/models/fm_spectral_table2__sdformer_ar__sine.json
spectral_table2__sdformer_ar__sine__seed1103,sdformer_ar,sine,1103,sampling,0,0,0,train_sdformer_ar.py,"[10000, 24, 5]",configs/models/fm_spectral_table2__sdformer_ar__sine.json
spectral_table2__sdformer_ar__sine__seed1103,sdformer_ar,sine,1103,evaluation,0,0,0,eval_sdformer.py,"[10000, 24, 5]",configs/models/fm_spectral_table2__sdformer_ar__sine.json
spectral_table2__sdformer_ar__sine__seed1104,sdformer_ar,sine,1104,vq_training,100999,999,100000,train_vq.py,"[10000, 24, 5]",configs/models/fm_spectral_table2__sdformer_ar__sine.json
spectral_table2__sdformer_ar__sine__seed1104,sdformer_ar,sine,1104,training,20000,0,20000,train_sdformer_ar.py,"[10000, 24, 5]",configs/models/fm_spectral_table2__sdformer_ar__sine.json
spectral_table2__sdformer_ar__sine__seed1104,sdformer_ar,sine,1104,sampling,0,0,0,train_sdformer_ar.py,"[10000, 24, 5]",configs/models/fm_spectral_table2__sdformer_ar__sine.json
spectral_table2__sdformer_ar__sine__seed1104,sdformer_ar,sine,1104,evaluation,0,0,0,eval_sdformer.py,"[10000, 24, 5]",configs/models/fm_spectral_table2__sdformer_ar__sine.json
spectral_table2__sdformer_ar__sine__seed1105,sdformer_ar,sine,1105,vq_training,100999,999,100000,train_vq.py,"[10000, 24, 5]",configs/models/fm_spectral_table2__sdformer_ar__sine.json
spectral_table2__sdformer_ar__sine__seed1105,sdformer_ar,sine,1105,training,20000,0,20000,train_sdformer_ar.py,"[10000, 24, 5]",configs/models/fm_spectral_table2__sdformer_ar__sine.json
spectral_table2__sdformer_ar__sine__seed1105,sdformer_ar,sine,1105,sampling,0,0,0,train_sdformer_ar.py,"[10000, 24, 5]",configs/models/fm_spectral_table2__sdformer_ar__sine.json
spectral_table2__sdformer_ar__sine__seed1105,sdformer_ar,sine,1105,evaluation,0,0,0,eval_sdformer.py,"[10000, 24, 5]",configs/models/fm_spectral_table2__sdformer_ar__sine.json
spectral_table2__sdformer_ar__sine__seed1106,sdformer_ar,sine,1106,vq_training,100999,999,100000,train_vq.py,"[10000, 24, 5]",configs/models/fm_spectral_table2__sdformer_ar__sine.json
spectral_table2__sdformer_ar__sine__seed1106,sdformer_ar,sine,1106,training,20000,0,20000,train_sdformer_ar.py,"[10000, 24, 5]",configs/models/fm_spectral_table2__sdformer_ar__sine.json
spectral_table2__sdformer_ar__sine__seed1106,sdformer_ar,sine,1106,sampling,0,0,0,train_sdformer_ar.py,"[10000, 24, 5]",configs/models/fm_spectral_table2__sdformer_ar__sine.json
spectral_table2__sdformer_ar__sine__seed1106,sdformer_ar,sine,1106,evaluation,0,0,0,eval_sdformer.py,"[10000, 24, 5]",configs/models/fm_spectral_table2__sdformer_ar__sine.json
spectral_table2__sdformer_ar__stock__seed42,sdformer_ar,stock,42,vq_training,100999,999,100000,train_vq.py,"[3662, 24, 6]",configs/models/fm_spectral_table2__sdformer_ar__stock.json
spectral_table2__sdformer_ar__stock__seed42,sdformer_ar,stock,42,training,20000,0,20000,train_sdformer_ar.py,"[3662, 24, 6]",configs/models/fm_spectral_table2__sdformer_ar__stock.json
spectral_table2__sdformer_ar__stock__seed42,sdformer_ar,stock,42,sampling,0,0,0,train_sdformer_ar.py,"[3662, 24, 6]",configs/models/fm_spectral_table2__sdformer_ar__stock.json
spectral_table2__sdformer_ar__stock__seed42,sdformer_ar,stock,42,evaluation,0,0,0,eval_sdformer.py,"[3662, 24, 6]",configs/models/fm_spectral_table2__sdformer_ar__stock.json
spectral_table2__sdformer_ar__stock__seed1103,sdformer_ar,stock,1103,vq_training,100999,999,100000,train_vq.py,"[3662, 24, 6]",configs/models/fm_spectral_table2__sdformer_ar__stock.json
spectral_table2__sdformer_ar__stock__seed1103,sdformer_ar,stock,1103,training,20000,0,20000,train_sdformer_ar.py,"[3662, 24, 6]",configs/models/fm_spectral_table2__sdformer_ar__stock.json
spectral_table2__sdformer_ar__stock__seed1103,sdformer_ar,stock,1103,sampling,0,0,0,train_sdformer_ar.py,"[3662, 24, 6]",configs/models/fm_spectral_table2__sdformer_ar__stock.json
spectral_table2__sdformer_ar__stock__seed1103,sdformer_ar,stock,1103,evaluation,0,0,0,eval_sdformer.py,"[3662, 24, 6]",configs/models/fm_spectral_table2__sdformer_ar__stock.json
spectral_table2__sdformer_ar__stock__seed1104,sdformer_ar,stock,1104,vq_training,100999,999,100000,train_vq.py,"[3662, 24, 6]",configs/models/fm_spectral_table2__sdformer_ar__stock.json
spectral_table2__sdformer_ar__stock__seed1104,sdformer_ar,stock,1104,training,20000,0,20000,train_sdformer_ar.py,"[3662, 24, 6]",configs/models/fm_spectral_table2__sdformer_ar__stock.json
spectral_table2__sdformer_ar__stock__seed1104,sdformer_ar,stock,1104,sampling,0,0,0,train_sdformer_ar.py,"[3662, 24, 6]",configs/models/fm_spectral_table2__sdformer_ar__stock.json
spectral_table2__sdformer_ar__stock__seed1104,sdformer_ar,stock,1104,evaluation,0,0,0,eval_sdformer.py,"[3662, 24, 6]",configs/models/fm_spectral_table2__sdformer_ar__stock.json
spectral_table2__sdformer_ar__stock__seed1105,sdformer_ar,stock,1105,vq_training,100999,999,100000,train_vq.py,"[3662, 24, 6]",configs/models/fm_spectral_table2__sdformer_ar__stock.json
spectral_table2__sdformer_ar__stock__seed1105,sdformer_ar,stock,1105,training,20000,0,20000,train_sdformer_ar.py,"[3662, 24, 6]",configs/models/fm_spectral_table2__sdformer_ar__stock.json
spectral_table2__sdformer_ar__stock__seed1105,sdformer_ar,stock,1105,sampling,0,0,0,train_sdformer_ar.py,"[3662, 24, 6]",configs/models/fm_spectral_table2__sdformer_ar__stock.json
spectral_table2__sdformer_ar__stock__seed1105,sdformer_ar,stock,1105,evaluation,0,0,0,eval_sdformer.py,"[3662, 24, 6]",configs/models/fm_spectral_table2__sdformer_ar__stock.json
spectral_table2__sdformer_ar__stock__seed1106,sdformer_ar,stock,1106,vq_training,100999,999,100000,train_vq.py,"[3662, 24, 6]",configs/models/fm_spectral_table2__sdformer_ar__stock.json
spectral_table2__sdformer_ar__stock__seed1106,sdformer_ar,stock,1106,training,20000,0,20000,train_sdformer_ar.py,"[3662, 24, 6]",configs/models/fm_spectral_table2__sdformer_ar__stock.json
spectral_table2__sdformer_ar__stock__seed1106,sdformer_ar,stock,1106,sampling,0,0,0,train_sdformer_ar.py,"[3662, 24, 6]",configs/models/fm_spectral_table2__sdformer_ar__stock.json
spectral_table2__sdformer_ar__stock__seed1106,sdformer_ar,stock,1106,evaluation,0,0,0,eval_sdformer.py,"[3662, 24, 6]",configs/models/fm_spectral_table2__sdformer_ar__stock.json
spectral_table2__sdformer_ar__mujoco__seed42,sdformer_ar,mujoco,42,vq_training,200999,999,200000,train_vq.py,"[10000, 24, 14]",configs/models/fm_spectral_table2__sdformer_ar__mujoco.json
spectral_table2__sdformer_ar__mujoco__seed42,sdformer_ar,mujoco,42,training,62500,0,62500,train_sdformer_ar.py,"[10000, 24, 14]",configs/models/fm_spectral_table2__sdformer_ar__mujoco.json
spectral_table2__sdformer_ar__mujoco__seed42,sdformer_ar,mujoco,42,sampling,0,0,0,train_sdformer_ar.py,"[10000, 24, 14]",configs/models/fm_spectral_table2__sdformer_ar__mujoco.json
spectral_table2__sdformer_ar__mujoco__seed42,sdformer_ar,mujoco,42,evaluation,0,0,0,eval_sdformer.py,"[10000, 24, 14]",configs/models/fm_spectral_table2__sdformer_ar__mujoco.json
spectral_table2__sdformer_ar__mujoco__seed1103,sdformer_ar,mujoco,1103,vq_training,200999,999,200000,train_vq.py,"[10000, 24, 14]",configs/models/fm_spectral_table2__sdformer_ar__mujoco.json
spectral_table2__sdformer_ar__mujoco__seed1103,sdformer_ar,mujoco,1103,training,62500,0,62500,train_sdformer_ar.py,"[10000, 24, 14]",configs/models/fm_spectral_table2__sdformer_ar__mujoco.json
spectral_table2__sdformer_ar__mujoco__seed1103,sdformer_ar,mujoco,1103,sampling,0,0,0,train_sdformer_ar.py,"[10000, 24, 14]",configs/models/fm_spectral_table2__sdformer_ar__mujoco.json
spectral_table2__sdformer_ar__mujoco__seed1103,sdformer_ar,mujoco,1103,evaluation,0,0,0,eval_sdformer.py,"[10000, 24, 14]",configs/models/fm_spectral_table2__sdformer_ar__mujoco.json
spectral_table2__sdformer_ar__mujoco__seed1104,sdformer_ar,mujoco,1104,vq_training,200999,999,200000,train_vq.py,"[10000, 24, 14]",configs/models/fm_spectral_table2__sdformer_ar__mujoco.json
spectral_table2__sdformer_ar__mujoco__seed1104,sdformer_ar,mujoco,1104,training,62500,0,62500,train_sdformer_ar.py,"[10000, 24, 14]",configs/models/fm_spectral_table2__sdformer_ar__mujoco.json
spectral_table2__sdformer_ar__mujoco__seed1104,sdformer_ar,mujoco,1104,sampling,0,0,0,train_sdformer_ar.py,"[10000, 24, 14]",configs/models/fm_spectral_table2__sdformer_ar__mujoco.json
spectral_table2__sdformer_ar__mujoco__seed1104,sdformer_ar,mujoco,1104,evaluation,0,0,0,eval_sdformer.py,"[10000, 24, 14]",configs/models/fm_spectral_table2__sdformer_ar__mujoco.json
spectral_table2__sdformer_ar__mujoco__seed1105,sdformer_ar,mujoco,1105,vq_training,200999,999,200000,train_vq.py,"[10000, 24, 14]",configs/models/fm_spectral_table2__sdformer_ar__mujoco.json
spectral_table2__sdformer_ar__mujoco__seed1105,sdformer_ar,mujoco,1105,training,62500,0,62500,train_sdformer_ar.py,"[10000, 24, 14]",configs/models/fm_spectral_table2__sdformer_ar__mujoco.json
spectral_table2__sdformer_ar__mujoco__seed1105,sdformer_ar,mujoco,1105,sampling,0,0,0,train_sdformer_ar.py,"[10000, 24, 14]",configs/models/fm_spectral_table2__sdformer_ar__mujoco.json
spectral_table2__sdformer_ar__mujoco__seed1105,sdformer_ar,mujoco,1105,evaluation,0,0,0,eval_sdformer.py,"[10000, 24, 14]",configs/models/fm_spectral_table2__sdformer_ar__mujoco.json
spectral_table2__sdformer_ar__mujoco__seed1106,sdformer_ar,mujoco,1106,vq_training,200999,999,200000,train_vq.py,"[10000, 24, 14]",configs/models/fm_spectral_table2__sdformer_ar__mujoco.json
spectral_table2__sdformer_ar__mujoco__seed1106,sdformer_ar,mujoco,1106,training,62500,0,62500,train_sdformer_ar.py,"[10000, 24, 14]",configs/models/fm_spectral_table2__sdformer_ar__mujoco.json
spectral_table2__sdformer_ar__mujoco__seed1106,sdformer_ar,mujoco,1106,sampling,0,0,0,train_sdformer_ar.py,"[10000, 24, 14]",configs/models/fm_spectral_table2__sdformer_ar__mujoco.json
spectral_table2__sdformer_ar__mujoco__seed1106,sdformer_ar,mujoco,1106,evaluation,0,0,0,eval_sdformer.py,"[10000, 24, 14]",configs/models/fm_spectral_table2__sdformer_ar__mujoco.json
