profile,dataset,seed,completed_entities,required_entities,status,metrics
gnn,swan,1103,0,1,incomplete,
gnn,swan,1104,0,1,incomplete,
gnn,swan,1105,0,1,incomplete,
gnn,swan,1106,0,1,incomplete,
gnn,swan,1107,0,1,incomplete,
gnn,swan,1108,0,1,incomplete,
gnn,swan,1109,0,1,incomplete,
gnn,swan,1110,0,1,incomplete,
gnn,swan,1111,0,1,incomplete,
gnn,swan,1112,0,1,incomplete,
gnn,smd,1103,0,18,incomplete,
gnn,smd,1104,0,18,incomplete,
gnn,smd,1105,0,18,incomplete,
gnn,smd,1106,0,18,incomplete,
gnn,smd,1107,0,18,incomplete,
gnn,smd,1108,0,18,incomplete,
gnn,smd,1109,0,18,incomplete,
gnn,smd,1110,0,18,incomplete,
gnn,smd,1111,0,18,incomplete,
gnn,smd,1112,0,18,incomplete,
gnn,smap,1103,0,51,incomplete,
gnn,smap,1104,0,51,incomplete,
gnn,smap,1105,0,51,incomplete,
gnn,smap,1106,0,51,incomplete,
gnn,smap,1107,0,51,incomplete,
gnn,smap,1108,0,51,incomplete,
gnn,smap,1109,0,51,incomplete,
gnn,smap,1110,0,51,incomplete,
gnn,smap,1111,0,51,incomplete,
gnn,smap,1112,0,51,incomplete,
gnn,cicids,1103,0,6,incomplete,
gnn,cicids,1104,0,6,incomplete,
gnn,cicids,1105,0,6,incomplete,
gnn,cicids,1106,0,6,incomplete,
gnn,cicids,1107,0,6,incomplete,
gnn,cicids,1108,0,6,incomplete,
gnn,cicids,1109,0,6,incomplete,
gnn,cicids,1110,0,6,incomplete,
gnn,cicids,1111,0,6,incomplete,
gnn,cicids,1112,0,6,incomplete,
main,swan,1103,0,1,incomplete,
main,swan,1104,0,1,incomplete,
main,swan,1105,0,1,incomplete,
main,swan,1106,0,1,incomplete,
main,swan,1107,0,1,incomplete,
main,swan,1108,0,1,incomplete,
main,swan,1109,0,1,incomplete,
main,swan,1110,0,1,incomplete,
main,swan,1111,0,1,incomplete,
main,swan,1112,0,1,incomplete,
main,smd,1103,0,18,incomplete,
main,smd,1104,0,18,incomplete,
main,smd,1105,0,18,incomplete,
main,smd,1106,0,18,incomplete,
main,smd,1107,0,18,incomplete,
main,smd,1108,0,18,incomplete,
main,smd,1109,0,18,incomplete,
main,smd,1110,0,18,incomplete,
main,smd,1111,0,18,incomplete,
main,smd,1112,0,18,incomplete,
main,smap,1103,0,51,incomplete,
main,smap,1104,0,51,incomplete,
main,smap,1105,0,51,incomplete,
main,smap,1106,0,51,incomplete,
main,smap,1107,0,51,incomplete,
main,smap,1108,0,51,incomplete,
main,smap,1109,0,51,incomplete,
main,smap,1110,0,51,incomplete,
main,smap,1111,0,51,incomplete,
main,smap,1112,0,51,incomplete,
main,cicids,1103,0,6,incomplete,
main,cicids,1104,0,6,incomplete,
main,cicids,1105,0,6,incomplete,
main,cicids,1106,0,6,incomplete,
main,cicids,1107,0,6,incomplete,
main,cicids,1108,0,6,incomplete,
main,cicids,1109,0,6,incomplete,
main,cicids,1110,0,6,incomplete,
main,cicids,1111,0,6,incomplete,
main,cicids,1112,0,6,incomplete,
transformer,swan,1103,0,1,incomplete,
transformer,swan,1104,0,1,incomplete,
transformer,swan,1105,0,1,incomplete,
transformer,swan,1106,0,1,incomplete,
transformer,swan,1107,0,1,incomplete,
transformer,swan,1108,0,1,incomplete,
transformer,swan,1109,0,1,incomplete,
transformer,swan,1110,0,1,incomplete,
transformer,swan,1111,0,1,incomplete,
transformer,swan,1112,0,1,incomplete,
transformer,smd,1103,0,18,incomplete,
transformer,smd,1104,0,18,incomplete,
transformer,smd,1105,0,18,incomplete,
transformer,smd,1106,0,18,incomplete,
transformer,smd,1107,0,18,incomplete,
transformer,smd,1108,0,18,incomplete,
transformer,smd,1109,0,18,incomplete,
transformer,smd,1110,0,18,incomplete,
transformer,smd,1111,0,18,incomplete,
transformer,smd,1112,0,18,incomplete,
transformer,smap,1103,0,51,incomplete,
transformer,smap,1104,0,51,incomplete,
transformer,smap,1105,0,51,incomplete,
transformer,smap,1106,0,51,incomplete,
transformer,smap,1107,0,51,incomplete,
transformer,smap,1108,0,51,incomplete,
transformer,smap,1109,0,51,incomplete,
transformer,smap,1110,0,51,incomplete,
transformer,smap,1111,0,51,incomplete,
transformer,smap,1112,0,51,incomplete,
transformer,cicids,1103,0,6,incomplete,
transformer,cicids,1104,0,6,incomplete,
transformer,cicids,1105,0,6,incomplete,
transformer,cicids,1106,0,6,incomplete,
transformer,cicids,1107,0,6,incomplete,
transformer,cicids,1108,0,6,incomplete,
transformer,cicids,1109,0,6,incomplete,
transformer,cicids,1110,0,6,incomplete,
transformer,cicids,1111,0,6,incomplete,
transformer,cicids,1112,0,6,incomplete,
mean,swan,1103,0,1,incomplete,
mean,swan,1104,0,1,incomplete,
mean,swan,1105,0,1,incomplete,
mean,swan,1106,0,1,incomplete,
mean,swan,1107,0,1,incomplete,
mean,swan,1108,0,1,incomplete,
mean,swan,1109,0,1,incomplete,
mean,swan,1110,0,1,incomplete,
mean,swan,1111,0,1,incomplete,
mean,swan,1112,0,1,incomplete,
mean,smd,1103,0,18,incomplete,
mean,smd,1104,0,18,incomplete,
mean,smd,1105,0,18,incomplete,
mean,smd,1106,0,18,incomplete,
mean,smd,1107,0,18,incomplete,
mean,smd,1108,0,18,incomplete,
mean,smd,1109,0,18,incomplete,
mean,smd,1110,0,18,incomplete,
mean,smd,1111,0,18,incomplete,
mean,smd,1112,0,18,incomplete,
mean,smap,1103,0,51,incomplete,
mean,smap,1104,0,51,incomplete,
mean,smap,1105,0,51,incomplete,
mean,smap,1106,0,51,incomplete,
mean,smap,1107,0,51,incomplete,
mean,smap,1108,0,51,incomplete,
mean,smap,1109,0,51,incomplete,
mean,smap,1110,0,51,incomplete,
mean,smap,1111,0,51,incomplete,
mean,smap,1112,0,51,incomplete,
mean,cicids,1103,0,6,incomplete,
mean,cicids,1104,0,6,incomplete,
mean,cicids,1105,0,6,incomplete,
mean,cicids,1106,0,6,incomplete,
mean,cicids,1107,0,6,incomplete,
mean,cicids,1108,0,6,incomplete,
mean,cicids,1109,0,6,incomplete,
mean,cicids,1110,0,6,incomplete,
mean,cicids,1111,0,6,incomplete,
mean,cicids,1112,0,6,incomplete,
er,swan,1103,0,1,incomplete,
er,swan,1104,0,1,incomplete,
er,swan,1105,0,1,incomplete,
er,swan,1106,0,1,incomplete,
er,swan,1107,0,1,incomplete,
er,swan,1108,0,1,incomplete,
er,swan,1109,0,1,incomplete,
er,swan,1110,0,1,incomplete,
er,swan,1111,0,1,incomplete,
er,swan,1112,0,1,incomplete,
er,smd,1103,0,18,incomplete,
er,smd,1104,0,18,incomplete,
er,smd,1105,0,18,incomplete,
er,smd,1106,0,18,incomplete,
er,smd,1107,0,18,incomplete,
er,smd,1108,0,18,incomplete,
er,smd,1109,0,18,incomplete,
er,smd,1110,0,18,incomplete,
er,smd,1111,0,18,incomplete,
er,smd,1112,0,18,incomplete,
er,smap,1103,0,51,incomplete,
er,smap,1104,0,51,incomplete,
er,smap,1105,0,51,incomplete,
er,smap,1106,0,51,incomplete,
er,smap,1107,0,51,incomplete,
er,smap,1108,0,51,incomplete,
er,smap,1109,0,51,incomplete,
er,smap,1110,0,51,incomplete,
er,smap,1111,0,51,incomplete,
er,smap,1112,0,51,incomplete,
er,cicids,1103,0,6,incomplete,
er,cicids,1104,0,6,incomplete,
er,cicids,1105,0,6,incomplete,
er,cicids,1106,0,6,incomplete,
er,cicids,1107,0,6,incomplete,
er,cicids,1108,0,6,incomplete,
er,cicids,1109,0,6,incomplete,
er,cicids,1110,0,6,incomplete,
er,cicids,1111,0,6,incomplete,
er,cicids,1112,0,6,incomplete,
lin,swan,1103,0,1,incomplete,
lin,swan,1104,0,1,incomplete,
lin,swan,1105,0,1,incomplete,
lin,swan,1106,0,1,incomplete,
lin,swan,1107,0,1,incomplete,
lin,swan,1108,0,1,incomplete,
lin,swan,1109,0,1,incomplete,
lin,swan,1110,0,1,incomplete,
lin,swan,1111,0,1,incomplete,
lin,swan,1112,0,1,incomplete,
lin,smd,1103,0,18,incomplete,
lin,smd,1104,0,18,incomplete,
lin,smd,1105,0,18,incomplete,
lin,smd,1106,0,18,incomplete,
lin,smd,1107,0,18,incomplete,
lin,smd,1108,0,18,incomplete,
lin,smd,1109,0,18,incomplete,
lin,smd,1110,0,18,incomplete,
lin,smd,1111,0,18,incomplete,
lin,smd,1112,0,18,incomplete,
lin,smap,1103,0,51,incomplete,
lin,smap,1104,0,51,incomplete,
lin,smap,1105,0,51,incomplete,
lin,smap,1106,0,51,incomplete,
lin,smap,1107,0,51,incomplete,
lin,smap,1108,0,51,incomplete,
lin,smap,1109,0,51,incomplete,
lin,smap,1110,0,51,incomplete,
lin,smap,1111,0,51,incomplete,
lin,smap,1112,0,51,incomplete,
lin,cicids,1103,0,6,incomplete,
lin,cicids,1104,0,6,incomplete,
lin,cicids,1105,0,6,incomplete,
lin,cicids,1106,0,6,incomplete,
lin,cicids,1107,0,6,incomplete,
lin,cicids,1108,0,6,incomplete,
lin,cicids,1109,0,6,incomplete,
lin,cicids,1110,0,6,incomplete,
lin,cicids,1111,0,6,incomplete,
lin,cicids,1112,0,6,incomplete,
tau_0,swan,1103,0,1,incomplete,
tau_0,swan,1104,0,1,incomplete,
tau_0,swan,1105,0,1,incomplete,
tau_0,swan,1106,0,1,incomplete,
tau_0,swan,1107,0,1,incomplete,
tau_0,swan,1108,0,1,incomplete,
tau_0,swan,1109,0,1,incomplete,
tau_0,swan,1110,0,1,incomplete,
tau_0,swan,1111,0,1,incomplete,
tau_0,swan,1112,0,1,incomplete,
tau_0,smd,1103,0,18,incomplete,
tau_0,smd,1104,0,18,incomplete,
tau_0,smd,1105,0,18,incomplete,
tau_0,smd,1106,0,18,incomplete,
tau_0,smd,1107,0,18,incomplete,
tau_0,smd,1108,0,18,incomplete,
tau_0,smd,1109,0,18,incomplete,
tau_0,smd,1110,0,18,incomplete,
tau_0,smd,1111,0,18,incomplete,
tau_0,smd,1112,0,18,incomplete,
tau_0,smap,1103,0,51,incomplete,
tau_0,smap,1104,0,51,incomplete,
tau_0,smap,1105,0,51,incomplete,
tau_0,smap,1106,0,51,incomplete,
tau_0,smap,1107,0,51,incomplete,
tau_0,smap,1108,0,51,incomplete,
tau_0,smap,1109,0,51,incomplete,
tau_0,smap,1110,0,51,incomplete,
tau_0,smap,1111,0,51,incomplete,
tau_0,smap,1112,0,51,incomplete,
tau_0,cicids,1103,0,6,incomplete,
tau_0,cicids,1104,0,6,incomplete,
tau_0,cicids,1105,0,6,incomplete,
tau_0,cicids,1106,0,6,incomplete,
tau_0,cicids,1107,0,6,incomplete,
tau_0,cicids,1108,0,6,incomplete,
tau_0,cicids,1109,0,6,incomplete,
tau_0,cicids,1110,0,6,incomplete,
tau_0,cicids,1111,0,6,incomplete,
tau_0,cicids,1112,0,6,incomplete,
tau_0p25,swan,1103,0,1,incomplete,
tau_0p25,swan,1104,0,1,incomplete,
tau_0p25,swan,1105,0,1,incomplete,
tau_0p25,swan,1106,0,1,incomplete,
tau_0p25,swan,1107,0,1,incomplete,
tau_0p25,swan,1108,0,1,incomplete,
tau_0p25,swan,1109,0,1,incomplete,
tau_0p25,swan,1110,0,1,incomplete,
tau_0p25,swan,1111,0,1,incomplete,
tau_0p25,swan,1112,0,1,incomplete,
tau_0p25,smd,1103,0,18,incomplete,
tau_0p25,smd,1104,0,18,incomplete,
tau_0p25,smd,1105,0,18,incomplete,
tau_0p25,smd,1106,0,18,incomplete,
tau_0p25,smd,1107,0,18,incomplete,
tau_0p25,smd,1108,0,18,incomplete,
tau_0p25,smd,1109,0,18,incomplete,
tau_0p25,smd,1110,0,18,incomplete,
tau_0p25,smd,1111,0,18,incomplete,
tau_0p25,smd,1112,0,18,incomplete,
tau_0p25,smap,1103,0,51,incomplete,
tau_0p25,smap,1104,0,51,incomplete,
tau_0p25,smap,1105,0,51,incomplete,
tau_0p25,smap,1106,0,51,incomplete,
tau_0p25,smap,1107,0,51,incomplete,
tau_0p25,smap,1108,0,51,incomplete,
tau_0p25,smap,1109,0,51,incomplete,
tau_0p25,smap,1110,0,51,incomplete,
tau_0p25,smap,1111,0,51,incomplete,
tau_0p25,smap,1112,0,51,incomplete,
tau_0p25,cicids,1103,0,6,incomplete,
tau_0p25,cicids,1104,0,6,incomplete,
tau_0p25,cicids,1105,0,6,incomplete,
tau_0p25,cicids,1106,0,6,incomplete,
tau_0p25,cicids,1107,0,6,incomplete,
tau_0p25,cicids,1108,0,6,incomplete,
tau_0p25,cicids,1109,0,6,incomplete,
tau_0p25,cicids,1110,0,6,incomplete,
tau_0p25,cicids,1111,0,6,incomplete,
tau_0p25,cicids,1112,0,6,incomplete,
tau_0p5,swan,1103,0,1,incomplete,
tau_0p5,swan,1104,0,1,incomplete,
tau_0p5,swan,1105,0,1,incomplete,
tau_0p5,swan,1106,0,1,incomplete,
tau_0p5,swan,1107,0,1,incomplete,
tau_0p5,swan,1108,0,1,incomplete,
tau_0p5,swan,1109,0,1,incomplete,
tau_0p5,swan,1110,0,1,incomplete,
tau_0p5,swan,1111,0,1,incomplete,
tau_0p5,swan,1112,0,1,incomplete,
tau_0p5,smd,1103,0,18,incomplete,
tau_0p5,smd,1104,0,18,incomplete,
tau_0p5,smd,1105,0,18,incomplete,
tau_0p5,smd,1106,0,18,incomplete,
tau_0p5,smd,1107,0,18,incomplete,
tau_0p5,smd,1108,0,18,incomplete,
tau_0p5,smd,1109,0,18,incomplete,
tau_0p5,smd,1110,0,18,incomplete,
tau_0p5,smd,1111,0,18,incomplete,
tau_0p5,smd,1112,0,18,incomplete,
tau_0p5,smap,1103,0,51,incomplete,
tau_0p5,smap,1104,0,51,incomplete,
tau_0p5,smap,1105,0,51,incomplete,
tau_0p5,smap,1106,0,51,incomplete,
tau_0p5,smap,1107,0,51,incomplete,
tau_0p5,smap,1108,0,51,incomplete,
tau_0p5,smap,1109,0,51,incomplete,
tau_0p5,smap,1110,0,51,incomplete,
tau_0p5,smap,1111,0,51,incomplete,
tau_0p5,smap,1112,0,51,incomplete,
tau_0p5,cicids,1103,0,6,incomplete,
tau_0p5,cicids,1104,0,6,incomplete,
tau_0p5,cicids,1105,0,6,incomplete,
tau_0p5,cicids,1106,0,6,incomplete,
tau_0p5,cicids,1107,0,6,incomplete,
tau_0p5,cicids,1108,0,6,incomplete,
tau_0p5,cicids,1109,0,6,incomplete,
tau_0p5,cicids,1110,0,6,incomplete,
tau_0p5,cicids,1111,0,6,incomplete,
tau_0p5,cicids,1112,0,6,incomplete,
tau_1,swan,1103,0,1,incomplete,
tau_1,swan,1104,0,1,incomplete,
tau_1,swan,1105,0,1,incomplete,
tau_1,swan,1106,0,1,incomplete,
tau_1,swan,1107,0,1,incomplete,
tau_1,swan,1108,0,1,incomplete,
tau_1,swan,1109,0,1,incomplete,
tau_1,swan,1110,0,1,incomplete,
tau_1,swan,1111,0,1,incomplete,
tau_1,swan,1112,0,1,incomplete,
tau_1,smd,1103,0,18,incomplete,
tau_1,smd,1104,0,18,incomplete,
tau_1,smd,1105,0,18,incomplete,
tau_1,smd,1106,0,18,incomplete,
tau_1,smd,1107,0,18,incomplete,
tau_1,smd,1108,0,18,incomplete,
tau_1,smd,1109,0,18,incomplete,
tau_1,smd,1110,0,18,incomplete,
tau_1,smd,1111,0,18,incomplete,
tau_1,smd,1112,0,18,incomplete,
tau_1,smap,1103,0,51,incomplete,
tau_1,smap,1104,0,51,incomplete,
tau_1,smap,1105,0,51,incomplete,
tau_1,smap,1106,0,51,incomplete,
tau_1,smap,1107,0,51,incomplete,
tau_1,smap,1108,0,51,incomplete,
tau_1,smap,1109,0,51,incomplete,
tau_1,smap,1110,0,51,incomplete,
tau_1,smap,1111,0,51,incomplete,
tau_1,smap,1112,0,51,incomplete,
tau_1,cicids,1103,0,6,incomplete,
tau_1,cicids,1104,0,6,incomplete,
tau_1,cicids,1105,0,6,incomplete,
tau_1,cicids,1106,0,6,incomplete,
tau_1,cicids,1107,0,6,incomplete,
tau_1,cicids,1108,0,6,incomplete,
tau_1,cicids,1109,0,6,incomplete,
tau_1,cicids,1110,0,6,incomplete,
tau_1,cicids,1111,0,6,incomplete,
tau_1,cicids,1112,0,6,incomplete,
tau_4,swan,1103,0,1,incomplete,
tau_4,swan,1104,0,1,incomplete,
tau_4,swan,1105,0,1,incomplete,
tau_4,swan,1106,0,1,incomplete,
tau_4,swan,1107,0,1,incomplete,
tau_4,swan,1108,0,1,incomplete,
tau_4,swan,1109,0,1,incomplete,
tau_4,swan,1110,0,1,incomplete,
tau_4,swan,1111,0,1,incomplete,
tau_4,swan,1112,0,1,incomplete,
tau_4,smd,1103,0,18,incomplete,
tau_4,smd,1104,0,18,incomplete,
tau_4,smd,1105,0,18,incomplete,
tau_4,smd,1106,0,18,incomplete,
tau_4,smd,1107,0,18,incomplete,
tau_4,smd,1108,0,18,incomplete,
tau_4,smd,1109,0,18,incomplete,
tau_4,smd,1110,0,18,incomplete,
tau_4,smd,1111,0,18,incomplete,
tau_4,smd,1112,0,18,incomplete,
tau_4,smap,1103,0,51,incomplete,
tau_4,smap,1104,0,51,incomplete,
tau_4,smap,1105,0,51,incomplete,
tau_4,smap,1106,0,51,incomplete,
tau_4,smap,1107,0,51,incomplete,
tau_4,smap,1108,0,51,incomplete,
tau_4,smap,1109,0,51,incomplete,
tau_4,smap,1110,0,51,incomplete,
tau_4,smap,1111,0,51,incomplete,
tau_4,smap,1112,0,51,incomplete,
tau_4,cicids,1103,0,6,incomplete,
tau_4,cicids,1104,0,6,incomplete,
tau_4,cicids,1105,0,6,incomplete,
tau_4,cicids,1106,0,6,incomplete,
tau_4,cicids,1107,0,6,incomplete,
tau_4,cicids,1108,0,6,incomplete,
tau_4,cicids,1109,0,6,incomplete,
tau_4,cicids,1110,0,6,incomplete,
tau_4,cicids,1111,0,6,incomplete,
tau_4,cicids,1112,0,6,incomplete,
tau_8,swan,1103,0,1,incomplete,
tau_8,swan,1104,0,1,incomplete,
tau_8,swan,1105,0,1,incomplete,
tau_8,swan,1106,0,1,incomplete,
tau_8,swan,1107,0,1,incomplete,
tau_8,swan,1108,0,1,incomplete,
tau_8,swan,1109,0,1,incomplete,
tau_8,swan,1110,0,1,incomplete,
tau_8,swan,1111,0,1,incomplete,
tau_8,swan,1112,0,1,incomplete,
tau_8,smd,1103,0,18,incomplete,
tau_8,smd,1104,0,18,incomplete,
tau_8,smd,1105,0,18,incomplete,
tau_8,smd,1106,0,18,incomplete,
tau_8,smd,1107,0,18,incomplete,
tau_8,smd,1108,0,18,incomplete,
tau_8,smd,1109,0,18,incomplete,
tau_8,smd,1110,0,18,incomplete,
tau_8,smd,1111,0,18,incomplete,
tau_8,smd,1112,0,18,incomplete,
tau_8,smap,1103,0,51,incomplete,
tau_8,smap,1104,0,51,incomplete,
tau_8,smap,1105,0,51,incomplete,
tau_8,smap,1106,0,51,incomplete,
tau_8,smap,1107,0,51,incomplete,
tau_8,smap,1108,0,51,incomplete,
tau_8,smap,1109,0,51,incomplete,
tau_8,smap,1110,0,51,incomplete,
tau_8,smap,1111,0,51,incomplete,
tau_8,smap,1112,0,51,incomplete,
tau_8,cicids,1103,0,6,incomplete,
tau_8,cicids,1104,0,6,incomplete,
tau_8,cicids,1105,0,6,incomplete,
tau_8,cicids,1106,0,6,incomplete,
tau_8,cicids,1107,0,6,incomplete,
tau_8,cicids,1108,0,6,incomplete,
tau_8,cicids,1109,0,6,incomplete,
tau_8,cicids,1110,0,6,incomplete,
tau_8,cicids,1111,0,6,incomplete,
tau_8,cicids,1112,0,6,incomplete,
