paper_id,algorithm,dataset,metric,paper_value,reference_id,missing_ratio,paper_se,paper_std,paper_runs,page,table,protocol,status,local_value,citation,source_sha256,ara_record,verification,boundary
cfmi,cfmi,physionet2012,normalized_crps,0.25,cfmi_physio_10,0.1,0.004,,5,92,52,cfmi_author,author_reported,,https://arxiv.org/abs/2506.09258,fab4275121ac7dbfd793e8d7ccbf92677e0eb5d350e32544ff114f4b0f05a993,0,existing_visual_transcription,论文值；本地原协议结果见正式结果页，不自动绑定TAB
cfmi,cfmi,physionet2012,normalized_crps,0.338,cfmi_physio_50,0.5,0.007,,5,92,52,cfmi_author,author_reported,,https://arxiv.org/abs/2506.09258,fab4275121ac7dbfd793e8d7ccbf92677e0eb5d350e32544ff114f4b0f05a993,1,existing_visual_transcription,论文值；本地原协议结果见正式结果页，不自动绑定TAB
cfmi,cfmi,physionet2012,normalized_crps,0.538,cfmi_physio_90,0.9,0.019,,5,92,52,cfmi_author,author_reported,,https://arxiv.org/abs/2506.09258,fab4275121ac7dbfd793e8d7ccbf92677e0eb5d350e32544ff114f4b0f05a993,2,existing_visual_transcription,论文值；本地原协议结果见正式结果页，不自动绑定TAB
cfmi,cfmi,physionet2012,mae,0.234,cfmi_physio_10,0.1,0.002,,5,92,53,cfmi_author,author_reported,,https://arxiv.org/abs/2506.09258,fab4275121ac7dbfd793e8d7ccbf92677e0eb5d350e32544ff114f4b0f05a993,3,existing_visual_transcription,论文值；本地原协议结果见正式结果页，不自动绑定TAB
cfmi,cfmi,physionet2012,mae,0.319,cfmi_physio_50,0.5,0.005,,5,92,53,cfmi_author,author_reported,,https://arxiv.org/abs/2506.09258,fab4275121ac7dbfd793e8d7ccbf92677e0eb5d350e32544ff114f4b0f05a993,4,existing_visual_transcription,论文值；本地原协议结果见正式结果页，不自动绑定TAB
cfmi,cfmi,physionet2012,mae,0.504,cfmi_physio_90,0.9,0.009,,5,92,53,cfmi_author,author_reported,,https://arxiv.org/abs/2506.09258,fab4275121ac7dbfd793e8d7ccbf92677e0eb5d350e32544ff114f4b0f05a993,5,existing_visual_transcription,论文值；本地原协议结果见正式结果页，不自动绑定TAB
cfmi,cfmi,physionet2012,rmse,0.538,cfmi_physio_10,0.1,0.052,,5,93,54,cfmi_author,author_reported,,https://arxiv.org/abs/2506.09258,fab4275121ac7dbfd793e8d7ccbf92677e0eb5d350e32544ff114f4b0f05a993,6,existing_visual_transcription,论文值；本地原协议结果见正式结果页，不自动绑定TAB
cfmi,cfmi,physionet2012,rmse,0.624,cfmi_physio_50,0.5,0.019,,5,93,54,cfmi_author,author_reported,,https://arxiv.org/abs/2506.09258,fab4275121ac7dbfd793e8d7ccbf92677e0eb5d350e32544ff114f4b0f05a993,7,existing_visual_transcription,论文值；本地原协议结果见正式结果页，不自动绑定TAB
cfmi,cfmi,physionet2012,rmse,0.822,cfmi_physio_90,0.9,0.019,,5,93,54,cfmi_author,author_reported,,https://arxiv.org/abs/2506.09258,fab4275121ac7dbfd793e8d7ccbf92677e0eb5d350e32544ff114f4b0f05a993,8,existing_visual_transcription,论文值；本地原协议结果见正式结果页，不自动绑定TAB
cfmi,cfmi,air36,normalized_crps,0.098,cfmi_air36,,0.001,,5,92,52,cfmi_air36_author,author_reported,,https://arxiv.org/abs/2506.09258,fab4275121ac7dbfd793e8d7ccbf92677e0eb5d350e32544ff114f4b0f05a993,9,existing_visual_transcription,论文值；本地原协议结果见正式结果页，不自动绑定TAB
cfmi,cfmi,air36,mae,9.404,cfmi_air36,,0.05,,5,92,53,cfmi_air36_author,author_reported,,https://arxiv.org/abs/2506.09258,fab4275121ac7dbfd793e8d7ccbf92677e0eb5d350e32544ff114f4b0f05a993,10,existing_visual_transcription,论文值；本地原协议结果见正式结果页，不自动绑定TAB
cfmi,cfmi,air36,rmse,17.701,cfmi_air36,,0.106,,5,93,54,cfmi_air36_author,author_reported,,https://arxiv.org/abs/2506.09258,fab4275121ac7dbfd793e8d7ccbf92677e0eb5d350e32544ff114f4b0f05a993,11,existing_visual_transcription,论文值；本地原协议结果见正式结果页，不自动绑定TAB
cfmi,cfmi,air36,crps,6.726,cfmi_air36,,0.036,,5,92,51,cfmi_air36_author,author_reported,,https://arxiv.org/abs/2506.09258,fab4275121ac7dbfd793e8d7ccbf92677e0eb5d350e32544ff114f4b0f05a993,12,existing_visual_transcription,论文值；本地原协议结果见正式结果页，不自动绑定TAB
cfmi,cfmi,physionet2012,crps,0.22,cfmi_physio_10,0.1,0.004,,5,92,51,cfmi_author,author_reported,,https://arxiv.org/abs/2506.09258,fab4275121ac7dbfd793e8d7ccbf92677e0eb5d350e32544ff114f4b0f05a993,13,existing_visual_transcription,论文值；本地原协议结果见正式结果页，不自动绑定TAB
cfmi,cfmi,physionet2012,crps,0.282,cfmi_physio_50,0.5,0.01,,5,92,51,cfmi_author,author_reported,,https://arxiv.org/abs/2506.09258,fab4275121ac7dbfd793e8d7ccbf92677e0eb5d350e32544ff114f4b0f05a993,14,existing_visual_transcription,论文值；本地原协议结果见正式结果页，不自动绑定TAB
cfmi,cfmi,physionet2012,crps,0.41,cfmi_physio_90,0.9,0.014,,5,92,51,cfmi_author,author_reported,,https://arxiv.org/abs/2506.09258,fab4275121ac7dbfd793e8d7ccbf92677e0eb5d350e32544ff114f4b0f05a993,15,existing_visual_transcription,论文值；本地原协议结果见正式结果页，不自动绑定TAB
csdi,csdi,physionet2012,normalized_crps,0.238,csdi_physio_10,0.1,0.001,,5,7,2,csdi_author,author_reported,,https://arxiv.org/abs/2107.03502,4d5e4402b98af8cb60a77a6fd3cd942d98b6314776b709d425cd87233ff3c809,0,existing_visual_transcription,论文值；本地原协议结果见正式结果页，不自动绑定TAB
csdi,csdi,physionet2012,normalized_crps,0.33,csdi_physio_50,0.5,0.002,,5,7,2,csdi_author,author_reported,,https://arxiv.org/abs/2107.03502,4d5e4402b98af8cb60a77a6fd3cd942d98b6314776b709d425cd87233ff3c809,1,existing_visual_transcription,论文值；本地原协议结果见正式结果页，不自动绑定TAB
csdi,csdi,physionet2012,normalized_crps,0.522,csdi_physio_90,0.9,0.002,,5,7,2,csdi_author,author_reported,,https://arxiv.org/abs/2107.03502,4d5e4402b98af8cb60a77a6fd3cd942d98b6314776b709d425cd87233ff3c809,2,existing_visual_transcription,论文值；本地原协议结果见正式结果页，不自动绑定TAB
csdi,csdi,physionet2012,mae,0.217,csdi_physio_10,0.1,0.001,,5,8,3,csdi_author,author_reported,,https://arxiv.org/abs/2107.03502,4d5e4402b98af8cb60a77a6fd3cd942d98b6314776b709d425cd87233ff3c809,3,existing_visual_transcription,论文值；本地原协议结果见正式结果页，不自动绑定TAB
csdi,csdi,physionet2012,mae,0.301,csdi_physio_50,0.5,0.002,,5,8,3,csdi_author,author_reported,,https://arxiv.org/abs/2107.03502,4d5e4402b98af8cb60a77a6fd3cd942d98b6314776b709d425cd87233ff3c809,4,existing_visual_transcription,论文值；本地原协议结果见正式结果页，不自动绑定TAB
csdi,csdi,physionet2012,mae,0.481,csdi_physio_90,0.9,0.003,,5,8,3,csdi_author,author_reported,,https://arxiv.org/abs/2107.03502,4d5e4402b98af8cb60a77a6fd3cd942d98b6314776b709d425cd87233ff3c809,5,existing_visual_transcription,论文值；本地原协议结果见正式结果页，不自动绑定TAB
csdi,csdi,air36,normalized_crps,0.108,csdi_air36,,0.001,,5,7,2,csdi_air36_author,author_reported,,https://arxiv.org/abs/2107.03502,4d5e4402b98af8cb60a77a6fd3cd942d98b6314776b709d425cd87233ff3c809,6,existing_visual_transcription,论文值；本地原协议结果见正式结果页，不自动绑定TAB
csdi,csdi,air36,mae,9.6,csdi_air36,,0.04,,5,8,3,csdi_air36_author,author_reported,,https://arxiv.org/abs/2107.03502,4d5e4402b98af8cb60a77a6fd3cd942d98b6314776b709d425cd87233ff3c809,7,existing_visual_transcription,论文值；本地原协议结果见正式结果页，不自动绑定TAB
cfm_ts,CFM-BB,Lotka-Volterra,MSE,0.008,,,,0.003,5,4,1,see original paper,author_reported,,https://openreview.net/forum?id=Hqn4Aj7xrQ,090df538861bab7fe4aa5432b1872e1aacec74ed6680b012d0ce743d26a32827,0,visual,论文值；本地原协议结果见正式结果页，不自动绑定TAB
cfm_ts,CFM-BB,Sine,MSE,0.07,,,,0.05,5,4,1,see original paper,author_reported,,https://openreview.net/forum?id=Hqn4Aj7xrQ,090df538861bab7fe4aa5432b1872e1aacec74ed6680b012d0ce743d26a32827,1,visual,论文值；本地原协议结果见正式结果页，不自动绑定TAB
cfm_ts,CFM-BB,Pendulum,MSE,2.31,,,,1.68,5,4,1,see original paper,author_reported,,https://openreview.net/forum?id=Hqn4Aj7xrQ,090df538861bab7fe4aa5432b1872e1aacec74ed6680b012d0ce743d26a32827,2,visual,论文值；本地原协议结果见正式结果页，不自动绑定TAB
cfm_ts,CFM-GP,Lotka-Volterra,MSE,0.0086,,,,0.002,5,4,1,see original paper,author_reported,,https://openreview.net/forum?id=Hqn4Aj7xrQ,090df538861bab7fe4aa5432b1872e1aacec74ed6680b012d0ce743d26a32827,3,visual,论文值；本地原协议结果见正式结果页，不自动绑定TAB
cfm_ts,CFM-GP,Sine,MSE,0.005,,,,0.003,5,4,1,see original paper,author_reported,,https://openreview.net/forum?id=Hqn4Aj7xrQ,090df538861bab7fe4aa5432b1872e1aacec74ed6680b012d0ce743d26a32827,4,visual,论文值；本地原协议结果见正式结果页，不自动绑定TAB
cfm_ts,CFM-GP,Pendulum,MSE,0.09,,,,0.14,5,4,1,see original paper,author_reported,,https://openreview.net/forum?id=Hqn4Aj7xrQ,090df538861bab7fe4aa5432b1872e1aacec74ed6680b012d0ce743d26a32827,5,visual,论文值；本地原协议结果见正式结果页，不自动绑定TAB
maelnet,MaelNet,MSL,F1,0.8694,,,,,,4,II,see original paper,author_reported,,https://doi.org/10.1109/AI-SI66213.2025.11341688,e8fc86e86276fab178a0af2b309e04c951beb58be51626a124bc4c3f3c7d06e1,0,visual,论文值；本地原协议结果见正式结果页，不自动绑定TAB
maelnet,MaelNet,PSM,F1,0.969,,,,,,4,II,see original paper,author_reported,,https://doi.org/10.1109/AI-SI66213.2025.11341688,e8fc86e86276fab178a0af2b309e04c951beb58be51626a124bc4c3f3c7d06e1,1,visual,论文值；本地原协议结果见正式结果页，不自动绑定TAB
pi_transformer,pi_transformer,SMD,F1_percent,91.23,,,,,5,9,2,point-adjusted; Algorithm2 train+threshold score percentile,author_reported,,https://doi.org/10.1016/j.asoc.2026.115029,da5c00ebc02675c406ef5228f9a3b9b9e4ccc531c64bba5c97375d879dd7aa44,0,visual,论文值；本地原协议结果见正式结果页，不自动绑定TAB
pi_transformer,pi_transformer,MSL,F1_percent,95.96,,,,,5,9,2,point-adjusted; Algorithm2 train+threshold score percentile,author_reported,,https://doi.org/10.1016/j.asoc.2026.115029,da5c00ebc02675c406ef5228f9a3b9b9e4ccc531c64bba5c97375d879dd7aa44,1,visual,论文值；本地原协议结果见正式结果页，不自动绑定TAB
pi_transformer,pi_transformer,SMAP,F1_percent,97.02,,,,,5,9,2,point-adjusted; Algorithm2 train+threshold score percentile,author_reported,,https://doi.org/10.1016/j.asoc.2026.115029,da5c00ebc02675c406ef5228f9a3b9b9e4ccc531c64bba5c97375d879dd7aa44,2,visual,论文值；本地原协议结果见正式结果页，不自动绑定TAB
pi_transformer,pi_transformer,SWaT,F1_percent,96.82,,,,,5,9,2,point-adjusted; Algorithm2 train+threshold score percentile,author_reported,,https://doi.org/10.1016/j.asoc.2026.115029,da5c00ebc02675c406ef5228f9a3b9b9e4ccc531c64bba5c97375d879dd7aa44,3,visual,论文值；本地原协议结果见正式结果页，不自动绑定TAB
pi_transformer,pi_transformer,PSM,F1_percent,98.08,,,,,5,9,2,point-adjusted; Algorithm2 train+threshold score percentile,author_reported,,https://doi.org/10.1016/j.asoc.2026.115029,da5c00ebc02675c406ef5228f9a3b9b9e4ccc531c64bba5c97375d879dd7aa44,4,visual,论文值；本地原协议结果见正式结果页，不自动绑定TAB
shcl,SHCL-Transformer,SWaT,F1_percent,98.81,,,,,,9,2,paper states validation thresholds and adjustment strategy,author_reported,,https://doi.org/10.1016/j.ins.2025.122680,456b002acc917aa972d4a76f9bb84acaf467dcce210b48b8288ee3a950926ce0,0,visual,论文值；本地原协议结果见正式结果页，不自动绑定TAB
shcl,SHCL-Transformer,PSM,F1_percent,98.97,,,,,,9,2,paper states validation thresholds and adjustment strategy,author_reported,,https://doi.org/10.1016/j.ins.2025.122680,456b002acc917aa972d4a76f9bb84acaf467dcce210b48b8288ee3a950926ce0,1,visual,论文值；本地原协议结果见正式结果页，不自动绑定TAB
shcl,SHCL-Transformer,SMD,F1_percent,92.07,,,,,,9,2,paper states validation thresholds and adjustment strategy,author_reported,,https://doi.org/10.1016/j.ins.2025.122680,456b002acc917aa972d4a76f9bb84acaf467dcce210b48b8288ee3a950926ce0,2,visual,论文值；本地原协议结果见正式结果页，不自动绑定TAB
shcl,SHCL-Transformer,MSL,F1_percent,95.06,,,,,,9,2,paper states validation thresholds and adjustment strategy,author_reported,,https://doi.org/10.1016/j.ins.2025.122680,456b002acc917aa972d4a76f9bb84acaf467dcce210b48b8288ee3a950926ce0,3,visual,论文值；本地原协议结果见正式结果页，不自动绑定TAB
shcl,SHCL-Transformer,SMAP,F1_percent,97.6,,,,,,9,2,paper states validation thresholds and adjustment strategy,author_reported,,https://doi.org/10.1016/j.ins.2025.122680,456b002acc917aa972d4a76f9bb84acaf467dcce210b48b8288ee3a950926ce0,4,visual,论文值；本地原协议结果见正式结果页，不自动绑定TAB
shcl,SHCL-Transformer,MSL,F1_percent,95.06,,,,,,12,7,paper validation/adjustment protocol; not established TAB raw-F1 equivalence,author_reported,,https://doi.org/10.1016/j.ins.2025.122680,456b002acc917aa972d4a76f9bb84acaf467dcce210b48b8288ee3a950926ce0,5,primary_pdf_text_table_review,论文值；本地原协议结果见正式结果页，不自动绑定TAB
shcl,SHCL-Transformer,PSM,F1_percent,98.97,,,,,,12,7,paper validation/adjustment protocol; not established TAB raw-F1 equivalence,author_reported,,https://doi.org/10.1016/j.ins.2025.122680,456b002acc917aa972d4a76f9bb84acaf467dcce210b48b8288ee3a950926ce0,6,primary_pdf_text_table_review,论文值；本地原协议结果见正式结果页，不自动绑定TAB
shcl,SHCL-Transformer,SMD,F1_percent,92.07,,,,,,12,7,paper validation/adjustment protocol; not established TAB raw-F1 equivalence,author_reported,,https://doi.org/10.1016/j.ins.2025.122680,456b002acc917aa972d4a76f9bb84acaf467dcce210b48b8288ee3a950926ce0,7,primary_pdf_text_table_review,论文值；本地原协议结果见正式结果页，不自动绑定TAB
shcl,SHCL-Transformer,SMAP,F1_percent,97.6,,,,,,12,7,paper validation/adjustment protocol; not established TAB raw-F1 equivalence,author_reported,,https://doi.org/10.1016/j.ins.2025.122680,456b002acc917aa972d4a76f9bb84acaf467dcce210b48b8288ee3a950926ce0,8,primary_pdf_text_table_review,论文值；本地原协议结果见正式结果页，不自动绑定TAB
shcl,SHCL-Transformer,SWaT,F1_percent,98.81,,,,,,12,7,paper validation/adjustment protocol; not established TAB raw-F1 equivalence,author_reported,,https://doi.org/10.1016/j.ins.2025.122680,456b002acc917aa972d4a76f9bb84acaf467dcce210b48b8288ee3a950926ce0,9,primary_pdf_text_table_review,论文值；本地原协议结果见正式结果页，不自动绑定TAB
shcl,SHCL-VAE,MSL,F1_percent,93.75,,,,,,12,7,paper validation/adjustment protocol; not established TAB raw-F1 equivalence,author_reported,,https://doi.org/10.1016/j.ins.2025.122680,456b002acc917aa972d4a76f9bb84acaf467dcce210b48b8288ee3a950926ce0,10,primary_pdf_text_table_review,论文值；本地原协议结果见正式结果页，不自动绑定TAB
shcl,SHCL-VAE,PSM,F1_percent,99.19,,,,,,12,7,paper validation/adjustment protocol; not established TAB raw-F1 equivalence,author_reported,,https://doi.org/10.1016/j.ins.2025.122680,456b002acc917aa972d4a76f9bb84acaf467dcce210b48b8288ee3a950926ce0,11,primary_pdf_text_table_review,论文值；本地原协议结果见正式结果页，不自动绑定TAB
shcl,SHCL-VAE,SMD,F1_percent,91.78,,,,,,12,7,paper validation/adjustment protocol; not established TAB raw-F1 equivalence,author_reported,,https://doi.org/10.1016/j.ins.2025.122680,456b002acc917aa972d4a76f9bb84acaf467dcce210b48b8288ee3a950926ce0,12,primary_pdf_text_table_review,论文值；本地原协议结果见正式结果页，不自动绑定TAB
shcl,SHCL-VAE,SMAP,F1_percent,84.22,,,,,,12,7,paper validation/adjustment protocol; not established TAB raw-F1 equivalence,author_reported,,https://doi.org/10.1016/j.ins.2025.122680,456b002acc917aa972d4a76f9bb84acaf467dcce210b48b8288ee3a950926ce0,13,primary_pdf_text_table_review,论文值；本地原协议结果见正式结果页，不自动绑定TAB
shcl,SHCL-VAE,SWaT,F1_percent,96.48,,,,,,12,7,paper validation/adjustment protocol; not established TAB raw-F1 equivalence,author_reported,,https://doi.org/10.1016/j.ins.2025.122680,456b002acc917aa972d4a76f9bb84acaf467dcce210b48b8288ee3a950926ce0,14,primary_pdf_text_table_review,论文值；本地原协议结果见正式结果页，不自动绑定TAB
shcl,SHCL-CNN,MSL,F1_percent,78.81,,,,,,12,7,paper validation/adjustment protocol; not established TAB raw-F1 equivalence,author_reported,,https://doi.org/10.1016/j.ins.2025.122680,456b002acc917aa972d4a76f9bb84acaf467dcce210b48b8288ee3a950926ce0,15,primary_pdf_text_table_review,论文值；本地原协议结果见正式结果页，不自动绑定TAB
shcl,SHCL-CNN,PSM,F1_percent,91.41,,,,,,12,7,paper validation/adjustment protocol; not established TAB raw-F1 equivalence,author_reported,,https://doi.org/10.1016/j.ins.2025.122680,456b002acc917aa972d4a76f9bb84acaf467dcce210b48b8288ee3a950926ce0,16,primary_pdf_text_table_review,论文值；本地原协议结果见正式结果页，不自动绑定TAB
shcl,SHCL-CNN,SMD,F1_percent,79.78,,,,,,12,7,paper validation/adjustment protocol; not established TAB raw-F1 equivalence,author_reported,,https://doi.org/10.1016/j.ins.2025.122680,456b002acc917aa972d4a76f9bb84acaf467dcce210b48b8288ee3a950926ce0,17,primary_pdf_text_table_review,论文值；本地原协议结果见正式结果页，不自动绑定TAB
shcl,SHCL-CNN,SMAP,F1_percent,66.31,,,,,,12,7,paper validation/adjustment protocol; not established TAB raw-F1 equivalence,author_reported,,https://doi.org/10.1016/j.ins.2025.122680,456b002acc917aa972d4a76f9bb84acaf467dcce210b48b8288ee3a950926ce0,18,primary_pdf_text_table_review,论文值；本地原协议结果见正式结果页，不自动绑定TAB
shcl,SHCL-CNN,SWaT,F1_percent,89.39,,,,,,12,7,paper validation/adjustment protocol; not established TAB raw-F1 equivalence,author_reported,,https://doi.org/10.1016/j.ins.2025.122680,456b002acc917aa972d4a76f9bb84acaf467dcce210b48b8288ee3a950926ce0,19,primary_pdf_text_table_review,论文值；本地原协议结果见正式结果页，不自动绑定TAB
shcl,SHCL-RNN,MSL,F1_percent,85.75,,,,,,12,7,paper validation/adjustment protocol; not established TAB raw-F1 equivalence,author_reported,,https://doi.org/10.1016/j.ins.2025.122680,456b002acc917aa972d4a76f9bb84acaf467dcce210b48b8288ee3a950926ce0,20,primary_pdf_text_table_review,论文值；本地原协议结果见正式结果页，不自动绑定TAB
shcl,SHCL-RNN,PSM,F1_percent,93.16,,,,,,12,7,paper validation/adjustment protocol; not established TAB raw-F1 equivalence,author_reported,,https://doi.org/10.1016/j.ins.2025.122680,456b002acc917aa972d4a76f9bb84acaf467dcce210b48b8288ee3a950926ce0,21,primary_pdf_text_table_review,论文值；本地原协议结果见正式结果页，不自动绑定TAB
shcl,SHCL-RNN,SMD,F1_percent,70.64,,,,,,12,7,paper validation/adjustment protocol; not established TAB raw-F1 equivalence,author_reported,,https://doi.org/10.1016/j.ins.2025.122680,456b002acc917aa972d4a76f9bb84acaf467dcce210b48b8288ee3a950926ce0,22,primary_pdf_text_table_review,论文值；本地原协议结果见正式结果页，不自动绑定TAB
shcl,SHCL-RNN,SMAP,F1_percent,73.34,,,,,,12,7,paper validation/adjustment protocol; not established TAB raw-F1 equivalence,author_reported,,https://doi.org/10.1016/j.ins.2025.122680,456b002acc917aa972d4a76f9bb84acaf467dcce210b48b8288ee3a950926ce0,23,primary_pdf_text_table_review,论文值；本地原协议结果见正式结果页，不自动绑定TAB
shcl,SHCL-RNN,SWaT,F1_percent,89.47,,,,,,12,7,paper validation/adjustment protocol; not established TAB raw-F1 equivalence,author_reported,,https://doi.org/10.1016/j.ins.2025.122680,456b002acc917aa972d4a76f9bb84acaf467dcce210b48b8288ee3a950926ce0,24,primary_pdf_text_table_review,论文值；本地原协议结果见正式结果页，不自动绑定TAB
shcl,SHCL-LSTM,MSL,F1_percent,71.84,,,,,,12,7,paper validation/adjustment protocol; not established TAB raw-F1 equivalence,author_reported,,https://doi.org/10.1016/j.ins.2025.122680,456b002acc917aa972d4a76f9bb84acaf467dcce210b48b8288ee3a950926ce0,25,primary_pdf_text_table_review,论文值；本地原协议结果见正式结果页，不自动绑定TAB
shcl,SHCL-LSTM,PSM,F1_percent,96.42,,,,,,12,7,paper validation/adjustment protocol; not established TAB raw-F1 equivalence,author_reported,,https://doi.org/10.1016/j.ins.2025.122680,456b002acc917aa972d4a76f9bb84acaf467dcce210b48b8288ee3a950926ce0,26,primary_pdf_text_table_review,论文值；本地原协议结果见正式结果页，不自动绑定TAB
shcl,SHCL-LSTM,SMD,F1_percent,83.51,,,,,,12,7,paper validation/adjustment protocol; not established TAB raw-F1 equivalence,author_reported,,https://doi.org/10.1016/j.ins.2025.122680,456b002acc917aa972d4a76f9bb84acaf467dcce210b48b8288ee3a950926ce0,27,primary_pdf_text_table_review,论文值；本地原协议结果见正式结果页，不自动绑定TAB
shcl,SHCL-LSTM,SMAP,F1_percent,73.54,,,,,,12,7,paper validation/adjustment protocol; not established TAB raw-F1 equivalence,author_reported,,https://doi.org/10.1016/j.ins.2025.122680,456b002acc917aa972d4a76f9bb84acaf467dcce210b48b8288ee3a950926ce0,28,primary_pdf_text_table_review,论文值；本地原协议结果见正式结果页，不自动绑定TAB
shcl,SHCL-LSTM,SWaT,F1_percent,88.49,,,,,,12,7,paper validation/adjustment protocol; not established TAB raw-F1 equivalence,author_reported,,https://doi.org/10.1016/j.ins.2025.122680,456b002acc917aa972d4a76f9bb84acaf467dcce210b48b8288ee3a950926ce0,29,primary_pdf_text_table_review,论文值；本地原协议结果见正式结果页，不自动绑定TAB
kgl,kgl,SMD,F1,0.94,,,,,,6,2,validation-max-F1 threshold; PA unspecified,author_reported,,https://doi.org/10.1145/3778450.3778526,fc653bdc799f8dadc51dba920a74ef218a832f519170a05a839705f9dda2db7d,0,visual,论文值；本地原协议结果见正式结果页，不自动绑定TAB
kgl,kgl,SMD,AUC,0.97,,,,,,6,2,see original paper,author_reported,,https://doi.org/10.1145/3778450.3778526,fc653bdc799f8dadc51dba920a74ef218a832f519170a05a839705f9dda2db7d,1,visual,论文值；本地原协议结果见正式结果页，不自动绑定TAB
kgl,kgl,SMAP,F1,0.94,,,,,,6,2,validation-max-F1 threshold; PA unspecified,author_reported,,https://doi.org/10.1145/3778450.3778526,fc653bdc799f8dadc51dba920a74ef218a832f519170a05a839705f9dda2db7d,2,visual,论文值；本地原协议结果见正式结果页，不自动绑定TAB
kgl,kgl,SMAP,AUC,0.97,,,,,,6,2,see original paper,author_reported,,https://doi.org/10.1145/3778450.3778526,fc653bdc799f8dadc51dba920a74ef218a832f519170a05a839705f9dda2db7d,3,visual,论文值；本地原协议结果见正式结果页，不自动绑定TAB
