algorithm,recipe,dataset,track,seed,id,execution_id,queue,resolved_by_queue,recovered_original_slot,output_directory,status,metrics,result_sha256,original_failed_output_preserved,strict_TAB_result
grasp_mtsbench_statistical_replay,HBOS,swan,native_transductive_test_feature_fit_oracle_f1,1103,grasp_mtsbench_native__hbos__swan__seed1103,grasp_mtsbench_native__hbos__swan__seed1103,configs/experiments/fm_grasp_stat_queue.v2.json,configs/experiments/fm_grasp_stat_queue.v2.json,False,experiments/runs/fm_grasp_stat_native_v1/jobs/grasp_mtsbench_native__hbos__swan__seed1103,completed,"{""PRC"": 0.29244260575075426, ""ROC"": 0.44516206251977103, ""Best_F1"": 0.43647867247943334}",46bd71cda6866307e430231bde2ab17958096a77194ae295e6be153d66a3e9be,experiments/runs/fm_grasp_stat_native_v1/jobs/grasp_mtsbench_native__hbos__swan__seed1103,False
grasp_mtsbench_statistical_replay,COPOD,swan,native_transductive_test_feature_fit_oracle_f1,1103,grasp_mtsbench_native__copod__swan__seed1103,grasp_mtsbench_native__copod__swan__seed1103,configs/experiments/fm_grasp_stat_queue.v2.json,configs/experiments/fm_grasp_stat_queue.v2.json,False,experiments/runs/fm_grasp_stat_native_v1/jobs/grasp_mtsbench_native__copod__swan__seed1103,completed,"{""PRC"": 0.30544697908678925, ""ROC"": 0.5064582410682618, ""Best_F1"": 0.44156739766226927}",c77c3c90179a879973c663b2449b0a77f3362af103ce90fcd828dd7a27c4a290,experiments/runs/fm_grasp_stat_native_v1/jobs/grasp_mtsbench_native__copod__swan__seed1103,False
grasp_mtsbench_statistical_replay,HBOS,swan,native_transductive_test_feature_fit_oracle_f1,1104,grasp_mtsbench_native__hbos__swan__seed1104,grasp_mtsbench_native__hbos__swan__seed1104,configs/experiments/fm_grasp_stat_queue.v2.json,configs/experiments/fm_grasp_stat_queue.v2.json,False,experiments/runs/fm_grasp_stat_native_v1/jobs/grasp_mtsbench_native__hbos__swan__seed1104,completed,"{""PRC"": 0.29244260575075426, ""ROC"": 0.44516206251977103, ""Best_F1"": 0.43647867247943334}",8074fa91fd7296f17e78d933ca4fd65765c6c5e17803a73b44c36f76d734e012,experiments/runs/fm_grasp_stat_native_v1/jobs/grasp_mtsbench_native__hbos__swan__seed1104,False
grasp_mtsbench_statistical_replay,COPOD,swan,native_transductive_test_feature_fit_oracle_f1,1104,grasp_mtsbench_native__copod__swan__seed1104,grasp_mtsbench_native__copod__swan__seed1104,configs/experiments/fm_grasp_stat_queue.v2.json,configs/experiments/fm_grasp_stat_queue.v2.json,False,experiments/runs/fm_grasp_stat_native_v1/jobs/grasp_mtsbench_native__copod__swan__seed1104,completed,"{""PRC"": 0.30544697908678925, ""ROC"": 0.5064582410682618, ""Best_F1"": 0.44156739766226927}",ec2d5c12e8ffcc06bfe572d1c15cf48b5b235e62baa4f8675f09aa7a8c3ac7fd,experiments/runs/fm_grasp_stat_native_v1/jobs/grasp_mtsbench_native__copod__swan__seed1104,False
grasp_mtsbench_statistical_replay,HBOS,swan,native_transductive_test_feature_fit_oracle_f1,1105,grasp_mtsbench_native__hbos__swan__seed1105,grasp_mtsbench_native__hbos__swan__seed1105,configs/experiments/fm_grasp_stat_queue.v2.json,configs/experiments/fm_grasp_stat_queue.v2.json,False,experiments/runs/fm_grasp_stat_native_v1/jobs/grasp_mtsbench_native__hbos__swan__seed1105,completed,"{""PRC"": 0.29244260575075426, ""ROC"": 0.44516206251977103, ""Best_F1"": 0.43647867247943334}",91f84e373bd3f422c8b3ccb27c61b95aa7ee4cfe9b43a74b3394b69f703a3203,experiments/runs/fm_grasp_stat_native_v1/jobs/grasp_mtsbench_native__hbos__swan__seed1105,False
grasp_mtsbench_statistical_replay,COPOD,swan,native_transductive_test_feature_fit_oracle_f1,1105,grasp_mtsbench_native__copod__swan__seed1105,grasp_mtsbench_native__copod__swan__seed1105,configs/experiments/fm_grasp_stat_queue.v2.json,configs/experiments/fm_grasp_stat_queue.v2.json,False,experiments/runs/fm_grasp_stat_native_v1/jobs/grasp_mtsbench_native__copod__swan__seed1105,completed,"{""PRC"": 0.30544697908678925, ""ROC"": 0.5064582410682618, ""Best_F1"": 0.44156739766226927}",7c8a90c879f3ec4170bf53e5bfeefd0de250d01bafcaa1a208405344e81eab1e,experiments/runs/fm_grasp_stat_native_v1/jobs/grasp_mtsbench_native__copod__swan__seed1105,False
grasp_mtsbench_statistical_replay,HBOS,swan,native_transductive_test_feature_fit_oracle_f1,1106,grasp_mtsbench_native__hbos__swan__seed1106,grasp_mtsbench_native__hbos__swan__seed1106,configs/experiments/fm_grasp_stat_queue.v2.json,configs/experiments/fm_grasp_stat_queue.v2.json,False,experiments/runs/fm_grasp_stat_native_v1/jobs/grasp_mtsbench_native__hbos__swan__seed1106,completed,"{""PRC"": 0.29244260575075426, ""ROC"": 0.44516206251977103, ""Best_F1"": 0.43647867247943334}",26eefedadb039c336219468590bf482773e6f949b1958f5d3d91931cff4341f9,experiments/runs/fm_grasp_stat_native_v1/jobs/grasp_mtsbench_native__hbos__swan__seed1106,False
grasp_mtsbench_statistical_replay,COPOD,swan,native_transductive_test_feature_fit_oracle_f1,1106,grasp_mtsbench_native__copod__swan__seed1106,grasp_mtsbench_native__copod__swan__seed1106,configs/experiments/fm_grasp_stat_queue.v2.json,configs/experiments/fm_grasp_stat_queue.v2.json,False,experiments/runs/fm_grasp_stat_native_v1/jobs/grasp_mtsbench_native__copod__swan__seed1106,completed,"{""PRC"": 0.30544697908678925, ""ROC"": 0.5064582410682618, ""Best_F1"": 0.44156739766226927}",7a1dea1fd57c1828f294b6d4bd408c313df0a754035ab4df150842e27ebb82bb,experiments/runs/fm_grasp_stat_native_v1/jobs/grasp_mtsbench_native__copod__swan__seed1106,False
grasp_mtsbench_statistical_replay,HBOS,swan,native_transductive_test_feature_fit_oracle_f1,1107,grasp_mtsbench_native__hbos__swan__seed1107,grasp_mtsbench_native__hbos__swan__seed1107,configs/experiments/fm_grasp_stat_queue.v2.json,configs/experiments/fm_grasp_stat_queue.v2.json,False,experiments/runs/fm_grasp_stat_native_v1/jobs/grasp_mtsbench_native__hbos__swan__seed1107,completed,"{""PRC"": 0.29244260575075426, ""ROC"": 0.44516206251977103, ""Best_F1"": 0.43647867247943334}",d9e7b1195495b3436960a815d81477a26c922ae0eb4e1af01dfb9a690d69251c,experiments/runs/fm_grasp_stat_native_v1/jobs/grasp_mtsbench_native__hbos__swan__seed1107,False
grasp_mtsbench_statistical_replay,COPOD,swan,native_transductive_test_feature_fit_oracle_f1,1107,grasp_mtsbench_native__copod__swan__seed1107,grasp_mtsbench_native__copod__swan__seed1107,configs/experiments/fm_grasp_stat_queue.v2.json,configs/experiments/fm_grasp_stat_queue.v2.json,False,experiments/runs/fm_grasp_stat_native_v1/jobs/grasp_mtsbench_native__copod__swan__seed1107,completed,"{""PRC"": 0.30544697908678925, ""ROC"": 0.5064582410682618, ""Best_F1"": 0.44156739766226927}",0eb2620cfb892af47e8baf7461d170fe56940b3ecdc98b803b34635a96df478f,experiments/runs/fm_grasp_stat_native_v1/jobs/grasp_mtsbench_native__copod__swan__seed1107,False
grasp_mtsbench_statistical_replay,HBOS,swan,native_transductive_test_feature_fit_oracle_f1,1108,grasp_mtsbench_native__hbos__swan__seed1108,grasp_mtsbench_native__hbos__swan__seed1108,configs/experiments/fm_grasp_stat_queue.v2.json,configs/experiments/fm_grasp_stat_queue.v2.json,False,experiments/runs/fm_grasp_stat_native_v1/jobs/grasp_mtsbench_native__hbos__swan__seed1108,completed,"{""PRC"": 0.29244260575075426, ""ROC"": 0.44516206251977103, ""Best_F1"": 0.43647867247943334}",b3d289450f4bb81db4a25fd07de932175b712d2f80561936e81dcdcca8b0cad4,experiments/runs/fm_grasp_stat_native_v1/jobs/grasp_mtsbench_native__hbos__swan__seed1108,False
grasp_mtsbench_statistical_replay,COPOD,swan,native_transductive_test_feature_fit_oracle_f1,1108,grasp_mtsbench_native__copod__swan__seed1108,grasp_mtsbench_native__copod__swan__seed1108,configs/experiments/fm_grasp_stat_queue.v2.json,configs/experiments/fm_grasp_stat_queue.v2.json,False,experiments/runs/fm_grasp_stat_native_v1/jobs/grasp_mtsbench_native__copod__swan__seed1108,completed,"{""PRC"": 0.30544697908678925, ""ROC"": 0.5064582410682618, ""Best_F1"": 0.44156739766226927}",f6a1b75ae36692b7a42f4f34ae6844d858a2b5364216df6f1139829072e91647,experiments/runs/fm_grasp_stat_native_v1/jobs/grasp_mtsbench_native__copod__swan__seed1108,False
grasp_mtsbench_statistical_replay,HBOS,swan,native_transductive_test_feature_fit_oracle_f1,1109,grasp_mtsbench_native__hbos__swan__seed1109,grasp_mtsbench_native__hbos__swan__seed1109,configs/experiments/fm_grasp_stat_queue.v2.json,configs/experiments/fm_grasp_stat_queue.v2.json,False,experiments/runs/fm_grasp_stat_native_v1/jobs/grasp_mtsbench_native__hbos__swan__seed1109,completed,"{""PRC"": 0.29244260575075426, ""ROC"": 0.44516206251977103, ""Best_F1"": 0.43647867247943334}",a955904a71af188dfd546e8d271eebafaf2ee5e836add5e3a2fa9d3abb54c230,experiments/runs/fm_grasp_stat_native_v1/jobs/grasp_mtsbench_native__hbos__swan__seed1109,False
grasp_mtsbench_statistical_replay,COPOD,swan,native_transductive_test_feature_fit_oracle_f1,1109,grasp_mtsbench_native__copod__swan__seed1109,grasp_mtsbench_native__copod__swan__seed1109,configs/experiments/fm_grasp_stat_queue.v2.json,configs/experiments/fm_grasp_stat_queue.v2.json,False,experiments/runs/fm_grasp_stat_native_v1/jobs/grasp_mtsbench_native__copod__swan__seed1109,completed,"{""PRC"": 0.30544697908678925, ""ROC"": 0.5064582410682618, ""Best_F1"": 0.44156739766226927}",c0cfd6e9f8ddd15f86dad810dbe6f10462d08174a8a17336474d1d384f8c5235,experiments/runs/fm_grasp_stat_native_v1/jobs/grasp_mtsbench_native__copod__swan__seed1109,False
grasp_mtsbench_statistical_replay,HBOS,swan,native_transductive_test_feature_fit_oracle_f1,1110,grasp_mtsbench_native__hbos__swan__seed1110,grasp_mtsbench_native__hbos__swan__seed1110,configs/experiments/fm_grasp_stat_queue.v2.json,configs/experiments/fm_grasp_stat_queue.v2.json,False,experiments/runs/fm_grasp_stat_native_v1/jobs/grasp_mtsbench_native__hbos__swan__seed1110,completed,"{""PRC"": 0.29244260575075426, ""ROC"": 0.44516206251977103, ""Best_F1"": 0.43647867247943334}",460b3d7d6afd96dacc77116c6e07947d433f85d63180586bf2607b4c788dd75c,experiments/runs/fm_grasp_stat_native_v1/jobs/grasp_mtsbench_native__hbos__swan__seed1110,False
grasp_mtsbench_statistical_replay,COPOD,swan,native_transductive_test_feature_fit_oracle_f1,1110,grasp_mtsbench_native__copod__swan__seed1110,grasp_mtsbench_native__copod__swan__seed1110,configs/experiments/fm_grasp_stat_queue.v2.json,configs/experiments/fm_grasp_stat_queue.v2.json,False,experiments/runs/fm_grasp_stat_native_v1/jobs/grasp_mtsbench_native__copod__swan__seed1110,completed,"{""PRC"": 0.30544697908678925, ""ROC"": 0.5064582410682618, ""Best_F1"": 0.44156739766226927}",c076b2536de8acafca7f5cc325013962529365bc4b82bb3a2da47107ec97bcf7,experiments/runs/fm_grasp_stat_native_v1/jobs/grasp_mtsbench_native__copod__swan__seed1110,False
grasp_mtsbench_statistical_replay,HBOS,swan,native_transductive_test_feature_fit_oracle_f1,1111,grasp_mtsbench_native__hbos__swan__seed1111,grasp_mtsbench_native__hbos__swan__seed1111,configs/experiments/fm_grasp_stat_queue.v2.json,configs/experiments/fm_grasp_stat_queue.v2.json,False,experiments/runs/fm_grasp_stat_native_v1/jobs/grasp_mtsbench_native__hbos__swan__seed1111,completed,"{""PRC"": 0.29244260575075426, ""ROC"": 0.44516206251977103, ""Best_F1"": 0.43647867247943334}",2de46acc114ac6346f3afbd354ce77015b0db17789272e72c39e070da191146d,experiments/runs/fm_grasp_stat_native_v1/jobs/grasp_mtsbench_native__hbos__swan__seed1111,False
grasp_mtsbench_statistical_replay,COPOD,swan,native_transductive_test_feature_fit_oracle_f1,1111,grasp_mtsbench_native__copod__swan__seed1111,grasp_mtsbench_native__copod__swan__seed1111,configs/experiments/fm_grasp_stat_queue.v2.json,configs/experiments/fm_grasp_stat_queue.v2.json,False,experiments/runs/fm_grasp_stat_native_v1/jobs/grasp_mtsbench_native__copod__swan__seed1111,completed,"{""PRC"": 0.30544697908678925, ""ROC"": 0.5064582410682618, ""Best_F1"": 0.44156739766226927}",443b127275545ac5bf12e1736f8841d6e6510f2a0c2dd6cf868a0cf302517cfc,experiments/runs/fm_grasp_stat_native_v1/jobs/grasp_mtsbench_native__copod__swan__seed1111,False
grasp_mtsbench_statistical_replay,HBOS,swan,native_transductive_test_feature_fit_oracle_f1,1112,grasp_mtsbench_native__hbos__swan__seed1112,grasp_mtsbench_native__hbos__swan__seed1112,configs/experiments/fm_grasp_stat_queue.v2.json,configs/experiments/fm_grasp_stat_queue.v2.json,False,experiments/runs/fm_grasp_stat_native_v1/jobs/grasp_mtsbench_native__hbos__swan__seed1112,completed,"{""PRC"": 0.29244260575075426, ""ROC"": 0.44516206251977103, ""Best_F1"": 0.43647867247943334}",783042534e87cc9683ee43a0ddb2c34fabaf7efe6d1af02f6a1f9797c526d56f,experiments/runs/fm_grasp_stat_native_v1/jobs/grasp_mtsbench_native__hbos__swan__seed1112,False
grasp_mtsbench_statistical_replay,COPOD,swan,native_transductive_test_feature_fit_oracle_f1,1112,grasp_mtsbench_native__copod__swan__seed1112,grasp_mtsbench_native__copod__swan__seed1112,configs/experiments/fm_grasp_stat_queue.v2.json,configs/experiments/fm_grasp_stat_queue.v2.json,False,experiments/runs/fm_grasp_stat_native_v1/jobs/grasp_mtsbench_native__copod__swan__seed1112,completed,"{""PRC"": 0.30544697908678925, ""ROC"": 0.5064582410682618, ""Best_F1"": 0.44156739766226927}",8660adeb9ec8890776f16cb104659123caac2c56be339b415e37e6cede4d090c,experiments/runs/fm_grasp_stat_native_v1/jobs/grasp_mtsbench_native__copod__swan__seed1112,False
grasp_mtsbench_statistical_replay,HBOS,smd,native_transductive_test_feature_fit_oracle_f1,1103,grasp_mtsbench_native__hbos__smd__seed1103,grasp_mtsbench_native__hbos__smd__seed1103,configs/experiments/fm_grasp_stat_queue.v2.json,configs/experiments/fm_grasp_stat_queue.v2.json,False,experiments/runs/fm_grasp_stat_native_v1/jobs/grasp_mtsbench_native__hbos__smd__seed1103,completed,"{""PRC"": 0.2658333196705222, ""ROC"": 0.7419246278709593, ""Best_F1"": 0.34401673738122557}",15954845ebe67c6e4bf77b90562ba312f35a23a6cd64ca86f18c32be621d026d,experiments/runs/fm_grasp_stat_native_v1/jobs/grasp_mtsbench_native__hbos__smd__seed1103,False
grasp_mtsbench_statistical_replay,COPOD,smd,native_transductive_test_feature_fit_oracle_f1,1103,grasp_mtsbench_native__copod__smd__seed1103,grasp_mtsbench_native__copod__smd__seed1103,configs/experiments/fm_grasp_stat_queue.v2.json,configs/experiments/fm_grasp_stat_queue.v2.json,False,experiments/runs/fm_grasp_stat_native_v1/jobs/grasp_mtsbench_native__copod__smd__seed1103,completed,"{""PRC"": 0.21385018833297198, ""ROC"": 0.7193380109666526, ""Best_F1"": 0.2950899725772346}",3a29425ba3a86b391f1830d5edc932607bb0db16a417fd08710c9fcdc01a7953,experiments/runs/fm_grasp_stat_native_v1/jobs/grasp_mtsbench_native__copod__smd__seed1103,False
grasp_mtsbench_statistical_replay,HBOS,smd,native_transductive_test_feature_fit_oracle_f1,1104,grasp_mtsbench_native__hbos__smd__seed1104,grasp_mtsbench_native__hbos__smd__seed1104,configs/experiments/fm_grasp_stat_queue.v2.json,configs/experiments/fm_grasp_stat_queue.v2.json,False,experiments/runs/fm_grasp_stat_native_v1/jobs/grasp_mtsbench_native__hbos__smd__seed1104,completed,"{""PRC"": 0.2658333196705222, ""ROC"": 0.7419246278709593, ""Best_F1"": 0.34401673738122557}",86e433421cc87eda74dfa111a67a63e9a1022eacfa9e8a6f669626fbad6f7aea,experiments/runs/fm_grasp_stat_native_v1/jobs/grasp_mtsbench_native__hbos__smd__seed1104,False
grasp_mtsbench_statistical_replay,COPOD,smd,native_transductive_test_feature_fit_oracle_f1,1104,grasp_mtsbench_native__copod__smd__seed1104,grasp_mtsbench_native__copod__smd__seed1104,configs/experiments/fm_grasp_stat_queue.v2.json,configs/experiments/fm_grasp_stat_queue.v2.json,False,experiments/runs/fm_grasp_stat_native_v1/jobs/grasp_mtsbench_native__copod__smd__seed1104,completed,"{""PRC"": 0.21385018833297198, ""ROC"": 0.7193380109666526, ""Best_F1"": 0.2950899725772346}",a58431dfaaeb6ad7d4f7af4b27b7397a5999d66bf98e1353ab8994f3e6a2c34b,experiments/runs/fm_grasp_stat_native_v1/jobs/grasp_mtsbench_native__copod__smd__seed1104,False
grasp_mtsbench_statistical_replay,HBOS,smd,native_transductive_test_feature_fit_oracle_f1,1105,grasp_mtsbench_native__hbos__smd__seed1105,grasp_mtsbench_native__hbos__smd__seed1105,configs/experiments/fm_grasp_stat_queue.v2.json,configs/experiments/fm_grasp_stat_queue.v2.json,False,experiments/runs/fm_grasp_stat_native_v1/jobs/grasp_mtsbench_native__hbos__smd__seed1105,completed,"{""PRC"": 0.2658333196705222, ""ROC"": 0.7419246278709593, ""Best_F1"": 0.34401673738122557}",73d1ffad007923173fa063c02e6d9e349e43ac9f394b1ace06c1fac3925884ff,experiments/runs/fm_grasp_stat_native_v1/jobs/grasp_mtsbench_native__hbos__smd__seed1105,False
grasp_mtsbench_statistical_replay,COPOD,smd,native_transductive_test_feature_fit_oracle_f1,1105,grasp_mtsbench_native__copod__smd__seed1105,grasp_mtsbench_native__copod__smd__seed1105,configs/experiments/fm_grasp_stat_queue.v2.json,configs/experiments/fm_grasp_stat_queue.v2.json,False,experiments/runs/fm_grasp_stat_native_v1/jobs/grasp_mtsbench_native__copod__smd__seed1105,completed,"{""PRC"": 0.21385018833297198, ""ROC"": 0.7193380109666526, ""Best_F1"": 0.2950899725772346}",cb674ecc6eeb5384146eefaabfb7f139257288d8b11cebf1694d61d4828f8052,experiments/runs/fm_grasp_stat_native_v1/jobs/grasp_mtsbench_native__copod__smd__seed1105,False
grasp_mtsbench_statistical_replay,HBOS,smd,native_transductive_test_feature_fit_oracle_f1,1106,grasp_mtsbench_native__hbos__smd__seed1106,grasp_mtsbench_native__hbos__smd__seed1106,configs/experiments/fm_grasp_stat_queue.v2.json,configs/experiments/fm_grasp_stat_queue.v2.json,False,experiments/runs/fm_grasp_stat_native_v1/jobs/grasp_mtsbench_native__hbos__smd__seed1106,completed,"{""PRC"": 0.2658333196705222, ""ROC"": 0.7419246278709593, ""Best_F1"": 0.34401673738122557}",d1207b3a3ca1abe649e4f6239756eb53c04eb75c7b874b50aa0b083b2e484a2c,experiments/runs/fm_grasp_stat_native_v1/jobs/grasp_mtsbench_native__hbos__smd__seed1106,False
grasp_mtsbench_statistical_replay,COPOD,smd,native_transductive_test_feature_fit_oracle_f1,1106,grasp_mtsbench_native__copod__smd__seed1106,grasp_mtsbench_native__copod__smd__seed1106,configs/experiments/fm_grasp_stat_queue.v2.json,configs/experiments/fm_grasp_stat_queue.v2.json,False,experiments/runs/fm_grasp_stat_native_v1/jobs/grasp_mtsbench_native__copod__smd__seed1106,completed,"{""PRC"": 0.21385018833297198, ""ROC"": 0.7193380109666526, ""Best_F1"": 0.2950899725772346}",becf76bb9498434cc86e2a218709f37f33809c78c773f00d350a60312454cdbb,experiments/runs/fm_grasp_stat_native_v1/jobs/grasp_mtsbench_native__copod__smd__seed1106,False
grasp_mtsbench_statistical_replay,HBOS,smd,native_transductive_test_feature_fit_oracle_f1,1107,grasp_mtsbench_native__hbos__smd__seed1107,grasp_mtsbench_native__hbos__smd__seed1107,configs/experiments/fm_grasp_stat_queue.v2.json,configs/experiments/fm_grasp_stat_queue.v2.json,False,experiments/runs/fm_grasp_stat_native_v1/jobs/grasp_mtsbench_native__hbos__smd__seed1107,completed,"{""PRC"": 0.2658333196705222, ""ROC"": 0.7419246278709593, ""Best_F1"": 0.34401673738122557}",7f665baa1b116b8aaede0b2962e216c841c7699d072ecffd92040ba5d5426adb,experiments/runs/fm_grasp_stat_native_v1/jobs/grasp_mtsbench_native__hbos__smd__seed1107,False
grasp_mtsbench_statistical_replay,COPOD,smd,native_transductive_test_feature_fit_oracle_f1,1107,grasp_mtsbench_native__copod__smd__seed1107,grasp_mtsbench_native__copod__smd__seed1107,configs/experiments/fm_grasp_stat_queue.v2.json,configs/experiments/fm_grasp_stat_queue.v2.json,False,experiments/runs/fm_grasp_stat_native_v1/jobs/grasp_mtsbench_native__copod__smd__seed1107,completed,"{""PRC"": 0.21385018833297198, ""ROC"": 0.7193380109666526, ""Best_F1"": 0.2950899725772346}",e3437f326943cc140d9075ece5309b5823657869eb3fbbd299026db2f66d1342,experiments/runs/fm_grasp_stat_native_v1/jobs/grasp_mtsbench_native__copod__smd__seed1107,False
grasp_mtsbench_statistical_replay,HBOS,smd,native_transductive_test_feature_fit_oracle_f1,1108,grasp_mtsbench_native__hbos__smd__seed1108,grasp_mtsbench_native__hbos__smd__seed1108,configs/experiments/fm_grasp_stat_queue.v2.json,configs/experiments/fm_grasp_stat_queue.v2.json,False,experiments/runs/fm_grasp_stat_native_v1/jobs/grasp_mtsbench_native__hbos__smd__seed1108,completed,"{""PRC"": 0.2658333196705222, ""ROC"": 0.7419246278709593, ""Best_F1"": 0.34401673738122557}",c10cc5859326364f9bc965c614e6764d3148d38f4565ae9d2b2761a94b6653d8,experiments/runs/fm_grasp_stat_native_v1/jobs/grasp_mtsbench_native__hbos__smd__seed1108,False
grasp_mtsbench_statistical_replay,COPOD,smd,native_transductive_test_feature_fit_oracle_f1,1108,grasp_mtsbench_native__copod__smd__seed1108,grasp_mtsbench_native__copod__smd__seed1108,configs/experiments/fm_grasp_stat_queue.v2.json,configs/experiments/fm_grasp_stat_queue.v2.json,False,experiments/runs/fm_grasp_stat_native_v1/jobs/grasp_mtsbench_native__copod__smd__seed1108,completed,"{""PRC"": 0.21385018833297198, ""ROC"": 0.7193380109666526, ""Best_F1"": 0.2950899725772346}",f371df3f0ff7c4e5b0004ea43999bce00d0c516a9c89e8d9237ce565dc6f9feb,experiments/runs/fm_grasp_stat_native_v1/jobs/grasp_mtsbench_native__copod__smd__seed1108,False
grasp_mtsbench_statistical_replay,HBOS,smd,native_transductive_test_feature_fit_oracle_f1,1109,grasp_mtsbench_native__hbos__smd__seed1109,grasp_mtsbench_native__hbos__smd__seed1109,configs/experiments/fm_grasp_stat_queue.v2.json,configs/experiments/fm_grasp_stat_queue.v2.json,False,experiments/runs/fm_grasp_stat_native_v1/jobs/grasp_mtsbench_native__hbos__smd__seed1109,completed,"{""PRC"": 0.2658333196705222, ""ROC"": 0.7419246278709593, ""Best_F1"": 0.34401673738122557}",b29e38c5a77684c934314adc045089ede5473635d12dc578df9ec0a5fa166326,experiments/runs/fm_grasp_stat_native_v1/jobs/grasp_mtsbench_native__hbos__smd__seed1109,False
grasp_mtsbench_statistical_replay,COPOD,smd,native_transductive_test_feature_fit_oracle_f1,1109,grasp_mtsbench_native__copod__smd__seed1109,grasp_mtsbench_native__copod__smd__seed1109,configs/experiments/fm_grasp_stat_queue.v2.json,configs/experiments/fm_grasp_stat_queue.v2.json,False,experiments/runs/fm_grasp_stat_native_v1/jobs/grasp_mtsbench_native__copod__smd__seed1109,completed,"{""PRC"": 0.21385018833297198, ""ROC"": 0.7193380109666526, ""Best_F1"": 0.2950899725772346}",4763783a131346b9ad36f99e4407a850ec422c37cc06b99da907eb269b911f55,experiments/runs/fm_grasp_stat_native_v1/jobs/grasp_mtsbench_native__copod__smd__seed1109,False
grasp_mtsbench_statistical_replay,HBOS,smd,native_transductive_test_feature_fit_oracle_f1,1110,grasp_mtsbench_native__hbos__smd__seed1110,grasp_mtsbench_native__hbos__smd__seed1110,configs/experiments/fm_grasp_stat_queue.v2.json,configs/experiments/fm_grasp_stat_queue.v2.json,False,experiments/runs/fm_grasp_stat_native_v1/jobs/grasp_mtsbench_native__hbos__smd__seed1110,completed,"{""PRC"": 0.2658333196705222, ""ROC"": 0.7419246278709593, ""Best_F1"": 0.34401673738122557}",bc85fbe37b93b4a77f8ea7cbc921bda7431c1d9b69735f2fc28a6bfdcbf28afd,experiments/runs/fm_grasp_stat_native_v1/jobs/grasp_mtsbench_native__hbos__smd__seed1110,False
grasp_mtsbench_statistical_replay,COPOD,smd,native_transductive_test_feature_fit_oracle_f1,1110,grasp_mtsbench_native__copod__smd__seed1110,grasp_mtsbench_native__copod__smd__seed1110,configs/experiments/fm_grasp_stat_queue.v2.json,configs/experiments/fm_grasp_stat_queue.v2.json,False,experiments/runs/fm_grasp_stat_native_v1/jobs/grasp_mtsbench_native__copod__smd__seed1110,completed,"{""PRC"": 0.21385018833297198, ""ROC"": 0.7193380109666526, ""Best_F1"": 0.2950899725772346}",3afe9b8e5f6a7a41f23aa5e71a67c439ce16ffc2bc84778cc966869abc016893,experiments/runs/fm_grasp_stat_native_v1/jobs/grasp_mtsbench_native__copod__smd__seed1110,False
grasp_mtsbench_statistical_replay,HBOS,smd,native_transductive_test_feature_fit_oracle_f1,1111,grasp_mtsbench_native__hbos__smd__seed1111,grasp_mtsbench_native__hbos__smd__seed1111,configs/experiments/fm_grasp_stat_queue.v2.json,configs/experiments/fm_grasp_stat_queue.v2.json,False,experiments/runs/fm_grasp_stat_native_v1/jobs/grasp_mtsbench_native__hbos__smd__seed1111,completed,"{""PRC"": 0.2658333196705222, ""ROC"": 0.7419246278709593, ""Best_F1"": 0.34401673738122557}",19a49c5bf39054eec88bffe1fae6d0b2192a0556b1bd73583f941d06affb8ac1,experiments/runs/fm_grasp_stat_native_v1/jobs/grasp_mtsbench_native__hbos__smd__seed1111,False
grasp_mtsbench_statistical_replay,COPOD,smd,native_transductive_test_feature_fit_oracle_f1,1111,grasp_mtsbench_native__copod__smd__seed1111,grasp_mtsbench_native__copod__smd__seed1111,configs/experiments/fm_grasp_stat_queue.v2.json,configs/experiments/fm_grasp_stat_queue.v2.json,False,experiments/runs/fm_grasp_stat_native_v1/jobs/grasp_mtsbench_native__copod__smd__seed1111,completed,"{""PRC"": 0.21385018833297198, ""ROC"": 0.7193380109666526, ""Best_F1"": 0.2950899725772346}",531b83f629986500bf92a542205c11a8844bc56098f64dc55e326241fa49a192,experiments/runs/fm_grasp_stat_native_v1/jobs/grasp_mtsbench_native__copod__smd__seed1111,False
grasp_mtsbench_statistical_replay,HBOS,smd,native_transductive_test_feature_fit_oracle_f1,1112,grasp_mtsbench_native__hbos__smd__seed1112,grasp_mtsbench_native__hbos__smd__seed1112,configs/experiments/fm_grasp_stat_queue.v2.json,configs/experiments/fm_grasp_stat_queue.v2.json,False,experiments/runs/fm_grasp_stat_native_v1/jobs/grasp_mtsbench_native__hbos__smd__seed1112,completed,"{""PRC"": 0.2658333196705222, ""ROC"": 0.7419246278709593, ""Best_F1"": 0.34401673738122557}",1507850e4fd45f142dae473d40e3273261e3e634f9006f86506d964176c4b169,experiments/runs/fm_grasp_stat_native_v1/jobs/grasp_mtsbench_native__hbos__smd__seed1112,False
grasp_mtsbench_statistical_replay,COPOD,smd,native_transductive_test_feature_fit_oracle_f1,1112,grasp_mtsbench_native__copod__smd__seed1112,grasp_mtsbench_native__copod__smd__seed1112,configs/experiments/fm_grasp_stat_queue.v2.json,configs/experiments/fm_grasp_stat_queue.v2.json,False,experiments/runs/fm_grasp_stat_native_v1/jobs/grasp_mtsbench_native__copod__smd__seed1112,completed,"{""PRC"": 0.21385018833297198, ""ROC"": 0.7193380109666526, ""Best_F1"": 0.2950899725772346}",42ad80accc670516a62be604acf45fc00719964b5cbe0487ee1aa96db899d44c,experiments/runs/fm_grasp_stat_native_v1/jobs/grasp_mtsbench_native__copod__smd__seed1112,False
grasp_mtsbench_statistical_replay,HBOS,smap,native_transductive_test_feature_fit_oracle_f1,1103,grasp_mtsbench_native__hbos__smap__seed1103,grasp_mtsbench_native__hbos__smap__seed1103,configs/experiments/fm_grasp_stat_queue.v2.json,configs/experiments/fm_grasp_stat_queue.v2.json,False,experiments/runs/fm_grasp_stat_native_v1/jobs/grasp_mtsbench_native__hbos__smap__seed1103,completed,"{""PRC"": 0.18974922310548456, ""ROC"": 0.5644343594522822, ""Best_F1"": 0.2685650881154183}",105795845c54391f0c1f542796570dd837e6fa1242161f945036a30a4bfb06ca,experiments/runs/fm_grasp_stat_native_v1/jobs/grasp_mtsbench_native__hbos__smap__seed1103,False
grasp_mtsbench_statistical_replay,COPOD,smap,native_transductive_test_feature_fit_oracle_f1,1103,grasp_mtsbench_native__copod__smap__seed1103,grasp_mtsbench_native__copod__smap__seed1103,configs/experiments/fm_grasp_stat_queue.v2.json,configs/experiments/fm_grasp_stat_queue.v2.json,False,experiments/runs/fm_grasp_stat_native_v1/jobs/grasp_mtsbench_native__copod__smap__seed1103,completed,"{""PRC"": 0.19139725005024366, ""ROC"": 0.5566774410737926, ""Best_F1"": 0.2791327495761364}",c74a4dcaba3a447e8c5b6bfd9ab437dc90dfd3a89c0e34e3acfe5c45d4b96a1b,experiments/runs/fm_grasp_stat_native_v1/jobs/grasp_mtsbench_native__copod__smap__seed1103,False
grasp_mtsbench_statistical_replay,HBOS,smap,native_transductive_test_feature_fit_oracle_f1,1104,grasp_mtsbench_native__hbos__smap__seed1104,grasp_mtsbench_native__hbos__smap__seed1104,configs/experiments/fm_grasp_stat_queue.v2.json,configs/experiments/fm_grasp_stat_queue.v2.json,False,experiments/runs/fm_grasp_stat_native_v1/jobs/grasp_mtsbench_native__hbos__smap__seed1104,completed,"{""PRC"": 0.18974922310548456, ""ROC"": 0.5644343594522822, ""Best_F1"": 0.2685650881154183}",a036fcc53f16c4f63931587888e69f676afe548ee8ffdc2b127316c19eea8e70,experiments/runs/fm_grasp_stat_native_v1/jobs/grasp_mtsbench_native__hbos__smap__seed1104,False
grasp_mtsbench_statistical_replay,COPOD,smap,native_transductive_test_feature_fit_oracle_f1,1104,grasp_mtsbench_native__copod__smap__seed1104,grasp_mtsbench_native__copod__smap__seed1104,configs/experiments/fm_grasp_stat_queue.v2.json,configs/experiments/fm_grasp_stat_queue.v2.json,False,experiments/runs/fm_grasp_stat_native_v1/jobs/grasp_mtsbench_native__copod__smap__seed1104,completed,"{""PRC"": 0.19139725005024366, ""ROC"": 0.5566774410737926, ""Best_F1"": 0.2791327495761364}",f48e03b2acf12798e1347660d590fee7cdbcdaabadf5e426414dc1a69ea0cf06,experiments/runs/fm_grasp_stat_native_v1/jobs/grasp_mtsbench_native__copod__smap__seed1104,False
grasp_mtsbench_statistical_replay,HBOS,smap,native_transductive_test_feature_fit_oracle_f1,1105,grasp_mtsbench_native__hbos__smap__seed1105,grasp_mtsbench_native__hbos__smap__seed1105,configs/experiments/fm_grasp_stat_queue.v2.json,configs/experiments/fm_grasp_stat_queue.v2.json,False,experiments/runs/fm_grasp_stat_native_v1/jobs/grasp_mtsbench_native__hbos__smap__seed1105,completed,"{""PRC"": 0.18974922310548456, ""ROC"": 0.5644343594522822, ""Best_F1"": 0.2685650881154183}",96d8ab4562612529d79c4dd02cde4157cb33223ac07bdbf10f3b80b15c5b4d71,experiments/runs/fm_grasp_stat_native_v1/jobs/grasp_mtsbench_native__hbos__smap__seed1105,False
grasp_mtsbench_statistical_replay,COPOD,smap,native_transductive_test_feature_fit_oracle_f1,1105,grasp_mtsbench_native__copod__smap__seed1105,grasp_mtsbench_native__copod__smap__seed1105,configs/experiments/fm_grasp_stat_queue.v2.json,configs/experiments/fm_grasp_stat_queue.v2.json,False,experiments/runs/fm_grasp_stat_native_v1/jobs/grasp_mtsbench_native__copod__smap__seed1105,completed,"{""PRC"": 0.19139725005024366, ""ROC"": 0.5566774410737926, ""Best_F1"": 0.2791327495761364}",0d517d61a6c1e141bdd1310bf503d85a6549ba1e138ab04b8e41220a4a3866bf,experiments/runs/fm_grasp_stat_native_v1/jobs/grasp_mtsbench_native__copod__smap__seed1105,False
grasp_mtsbench_statistical_replay,HBOS,smap,native_transductive_test_feature_fit_oracle_f1,1106,grasp_mtsbench_native__hbos__smap__seed1106,grasp_mtsbench_native__hbos__smap__seed1106,configs/experiments/fm_grasp_stat_queue.v2.json,configs/experiments/fm_grasp_stat_queue.v2.json,False,experiments/runs/fm_grasp_stat_native_v1/jobs/grasp_mtsbench_native__hbos__smap__seed1106,completed,"{""PRC"": 0.18974922310548456, ""ROC"": 0.5644343594522822, ""Best_F1"": 0.2685650881154183}",0dc67cd9082ae9e1f6f0b7a359e5b0c630c57471fdeb8d7e0efec7125a8dacd4,experiments/runs/fm_grasp_stat_native_v1/jobs/grasp_mtsbench_native__hbos__smap__seed1106,False
grasp_mtsbench_statistical_replay,COPOD,smap,native_transductive_test_feature_fit_oracle_f1,1106,grasp_mtsbench_native__copod__smap__seed1106,grasp_mtsbench_native__copod__smap__seed1106,configs/experiments/fm_grasp_stat_queue.v2.json,configs/experiments/fm_grasp_stat_queue.v2.json,False,experiments/runs/fm_grasp_stat_native_v1/jobs/grasp_mtsbench_native__copod__smap__seed1106,completed,"{""PRC"": 0.19139725005024366, ""ROC"": 0.5566774410737926, ""Best_F1"": 0.2791327495761364}",e8dbe3930705af956e588868734447728f8dccb6dd69529b30cb8f42b84e8db5,experiments/runs/fm_grasp_stat_native_v1/jobs/grasp_mtsbench_native__copod__smap__seed1106,False
grasp_mtsbench_statistical_replay,HBOS,smap,native_transductive_test_feature_fit_oracle_f1,1107,grasp_mtsbench_native__hbos__smap__seed1107,grasp_mtsbench_native__hbos__smap__seed1107,configs/experiments/fm_grasp_stat_queue.v2.json,configs/experiments/fm_grasp_stat_queue.v2.json,False,experiments/runs/fm_grasp_stat_native_v1/jobs/grasp_mtsbench_native__hbos__smap__seed1107,completed,"{""PRC"": 0.18974922310548456, ""ROC"": 0.5644343594522822, ""Best_F1"": 0.2685650881154183}",c341db347846469977be9b5a8c484a6fbb46a9da96a27e8e5a1601d2bd3f4ed4,experiments/runs/fm_grasp_stat_native_v1/jobs/grasp_mtsbench_native__hbos__smap__seed1107,False
grasp_mtsbench_statistical_replay,COPOD,smap,native_transductive_test_feature_fit_oracle_f1,1107,grasp_mtsbench_native__copod__smap__seed1107,grasp_mtsbench_native__copod__smap__seed1107,configs/experiments/fm_grasp_stat_queue.v2.json,configs/experiments/fm_grasp_stat_queue.v2.json,False,experiments/runs/fm_grasp_stat_native_v1/jobs/grasp_mtsbench_native__copod__smap__seed1107,completed,"{""PRC"": 0.19139725005024366, ""ROC"": 0.5566774410737926, ""Best_F1"": 0.2791327495761364}",4110fbf157191ae3416e089279b5739c434c45d4281c6b0360f722f07e6210a4,experiments/runs/fm_grasp_stat_native_v1/jobs/grasp_mtsbench_native__copod__smap__seed1107,False
grasp_mtsbench_statistical_replay,HBOS,smap,native_transductive_test_feature_fit_oracle_f1,1108,grasp_mtsbench_native__hbos__smap__seed1108,grasp_mtsbench_native__hbos__smap__seed1108,configs/experiments/fm_grasp_stat_queue.v2.json,configs/experiments/fm_grasp_stat_queue.v2.json,False,experiments/runs/fm_grasp_stat_native_v1/jobs/grasp_mtsbench_native__hbos__smap__seed1108,completed,"{""PRC"": 0.18974922310548456, ""ROC"": 0.5644343594522822, ""Best_F1"": 0.2685650881154183}",743ef5ecb1bdee373a8dc5eda7aa4fa5bf19f2422ce62c5d0433afc48922ecb2,experiments/runs/fm_grasp_stat_native_v1/jobs/grasp_mtsbench_native__hbos__smap__seed1108,False
grasp_mtsbench_statistical_replay,COPOD,smap,native_transductive_test_feature_fit_oracle_f1,1108,grasp_mtsbench_native__copod__smap__seed1108,grasp_mtsbench_native__copod__smap__seed1108,configs/experiments/fm_grasp_stat_queue.v2.json,configs/experiments/fm_grasp_stat_queue.v2.json,False,experiments/runs/fm_grasp_stat_native_v1/jobs/grasp_mtsbench_native__copod__smap__seed1108,completed,"{""PRC"": 0.19139725005024366, ""ROC"": 0.5566774410737926, ""Best_F1"": 0.2791327495761364}",0e8aab2bbaa3f1bae43a953c73c9fe4270f114cf833d38853423ddc192a0e54a,experiments/runs/fm_grasp_stat_native_v1/jobs/grasp_mtsbench_native__copod__smap__seed1108,False
grasp_mtsbench_statistical_replay,HBOS,smap,native_transductive_test_feature_fit_oracle_f1,1109,grasp_mtsbench_native__hbos__smap__seed1109,grasp_mtsbench_native__hbos__smap__seed1109,configs/experiments/fm_grasp_stat_queue.v2.json,configs/experiments/fm_grasp_stat_queue.v2.json,False,experiments/runs/fm_grasp_stat_native_v1/jobs/grasp_mtsbench_native__hbos__smap__seed1109,completed,"{""PRC"": 0.18974922310548456, ""ROC"": 0.5644343594522822, ""Best_F1"": 0.2685650881154183}",838b0bf0346d18c586a5a06135e6c04ded9674e55b4c2388b51b214ce1a8c427,experiments/runs/fm_grasp_stat_native_v1/jobs/grasp_mtsbench_native__hbos__smap__seed1109,False
grasp_mtsbench_statistical_replay,COPOD,smap,native_transductive_test_feature_fit_oracle_f1,1109,grasp_mtsbench_native__copod__smap__seed1109,grasp_mtsbench_native__copod__smap__seed1109,configs/experiments/fm_grasp_stat_queue.v2.json,configs/experiments/fm_grasp_stat_queue.v2.json,False,experiments/runs/fm_grasp_stat_native_v1/jobs/grasp_mtsbench_native__copod__smap__seed1109,completed,"{""PRC"": 0.19139725005024366, ""ROC"": 0.5566774410737926, ""Best_F1"": 0.2791327495761364}",4278cc42fb6b464d97cfd21fed83e9911f169b92b699d3a928061637a21eb818,experiments/runs/fm_grasp_stat_native_v1/jobs/grasp_mtsbench_native__copod__smap__seed1109,False
grasp_mtsbench_statistical_replay,HBOS,smap,native_transductive_test_feature_fit_oracle_f1,1110,grasp_mtsbench_native__hbos__smap__seed1110,grasp_mtsbench_native__hbos__smap__seed1110,configs/experiments/fm_grasp_stat_queue.v2.json,configs/experiments/fm_grasp_stat_queue.v2.json,False,experiments/runs/fm_grasp_stat_native_v1/jobs/grasp_mtsbench_native__hbos__smap__seed1110,completed,"{""PRC"": 0.18974922310548456, ""ROC"": 0.5644343594522822, ""Best_F1"": 0.2685650881154183}",ee6053c7ebac9c0d09235f717881ea09860c730a55509f6b431af60928fc728f,experiments/runs/fm_grasp_stat_native_v1/jobs/grasp_mtsbench_native__hbos__smap__seed1110,False
grasp_mtsbench_statistical_replay,COPOD,smap,native_transductive_test_feature_fit_oracle_f1,1110,grasp_mtsbench_native__copod__smap__seed1110,grasp_mtsbench_native__copod__smap__seed1110,configs/experiments/fm_grasp_stat_queue.v2.json,configs/experiments/fm_grasp_stat_queue.v2.json,False,experiments/runs/fm_grasp_stat_native_v1/jobs/grasp_mtsbench_native__copod__smap__seed1110,completed,"{""PRC"": 0.19139725005024366, ""ROC"": 0.5566774410737926, ""Best_F1"": 0.2791327495761364}",25e9a5031e6b953ab278c58e3803d1d0d1657b3d1cc0c4dfee478bf2762af435,experiments/runs/fm_grasp_stat_native_v1/jobs/grasp_mtsbench_native__copod__smap__seed1110,False
grasp_mtsbench_statistical_replay,HBOS,smap,native_transductive_test_feature_fit_oracle_f1,1111,grasp_mtsbench_native__hbos__smap__seed1111,grasp_mtsbench_native__hbos__smap__seed1111,configs/experiments/fm_grasp_stat_queue.v2.json,configs/experiments/fm_grasp_stat_queue.v2.json,False,experiments/runs/fm_grasp_stat_native_v1/jobs/grasp_mtsbench_native__hbos__smap__seed1111,completed,"{""PRC"": 0.18974922310548456, ""ROC"": 0.5644343594522822, ""Best_F1"": 0.2685650881154183}",4ab250ac3dac7a5e2c1d68e024d6335378a065451fffb29198fa534e01f05d21,experiments/runs/fm_grasp_stat_native_v1/jobs/grasp_mtsbench_native__hbos__smap__seed1111,False
grasp_mtsbench_statistical_replay,COPOD,smap,native_transductive_test_feature_fit_oracle_f1,1111,grasp_mtsbench_native__copod__smap__seed1111,grasp_mtsbench_native__copod__smap__seed1111,configs/experiments/fm_grasp_stat_queue.v2.json,configs/experiments/fm_grasp_stat_queue.v2.json,False,experiments/runs/fm_grasp_stat_native_v1/jobs/grasp_mtsbench_native__copod__smap__seed1111,completed,"{""PRC"": 0.19139725005024366, ""ROC"": 0.5566774410737926, ""Best_F1"": 0.2791327495761364}",207ba4752da661e9912786093bc65160a0d9ba17ca234d9980905f41db617442,experiments/runs/fm_grasp_stat_native_v1/jobs/grasp_mtsbench_native__copod__smap__seed1111,False
grasp_mtsbench_statistical_replay,HBOS,smap,native_transductive_test_feature_fit_oracle_f1,1112,grasp_mtsbench_native__hbos__smap__seed1112,grasp_mtsbench_native__hbos__smap__seed1112,configs/experiments/fm_grasp_stat_queue.v2.json,configs/experiments/fm_grasp_stat_queue.v2.json,False,experiments/runs/fm_grasp_stat_native_v1/jobs/grasp_mtsbench_native__hbos__smap__seed1112,completed,"{""PRC"": 0.18974922310548456, ""ROC"": 0.5644343594522822, ""Best_F1"": 0.2685650881154183}",5ece26b88000a49ebe98c9a8c2112e7e04644e77a2a77d0e6a993ffdef00c24c,experiments/runs/fm_grasp_stat_native_v1/jobs/grasp_mtsbench_native__hbos__smap__seed1112,False
grasp_mtsbench_statistical_replay,COPOD,smap,native_transductive_test_feature_fit_oracle_f1,1112,grasp_mtsbench_native__copod__smap__seed1112,grasp_mtsbench_native__copod__smap__seed1112,configs/experiments/fm_grasp_stat_queue.v2.json,configs/experiments/fm_grasp_stat_queue.v2.json,False,experiments/runs/fm_grasp_stat_native_v1/jobs/grasp_mtsbench_native__copod__smap__seed1112,completed,"{""PRC"": 0.19139725005024366, ""ROC"": 0.5566774410737926, ""Best_F1"": 0.2791327495761364}",1941c6a258a1d48ab936731954b4c940091196b21960598a5d333219f03e51b2,experiments/runs/fm_grasp_stat_native_v1/jobs/grasp_mtsbench_native__copod__smap__seed1112,False
grasp_mtsbench_statistical_replay,HBOS,cicids,native_transductive_test_feature_fit_oracle_f1,1103,grasp_mtsbench_native__hbos__cicids__seed1103,grasp_mtsbench_native__hbos__cicids__seed1103,configs/experiments/fm_grasp_stat_queue.v2.json,configs/experiments/fm_grasp_stat_queue.v2.json,False,experiments/runs/fm_grasp_stat_native_v1/jobs/grasp_mtsbench_native__hbos__cicids__seed1103,completed,"{""PRC"": 0.2417752404610256, ""ROC"": 0.5864792468249297, ""Best_F1"": 0.37121368440924346}",fd9356d4f596c1d742d1fb40036a9feead8681fbe206f9ab725b686f092c66e0,experiments/runs/fm_grasp_stat_native_v1/jobs/grasp_mtsbench_native__hbos__cicids__seed1103,False
grasp_mtsbench_statistical_replay,COPOD,cicids,native_transductive_test_feature_fit_oracle_f1,1103,grasp_mtsbench_native__copod__cicids__seed1103,grasp_mtsbench_native__copod__cicids__seed1103,configs/experiments/fm_grasp_stat_queue.v2.json,configs/experiments/fm_grasp_stat_queue.v2.json,False,experiments/runs/fm_grasp_stat_native_v1/jobs/grasp_mtsbench_native__copod__cicids__seed1103,completed,"{""PRC"": 0.22146900620524465, ""ROC"": 0.5566903937611308, ""Best_F1"": 0.3732918057073927}",f1b6d1b601a5c7117c2712be051e0912e7b6de85a2db06664584aff2ea4223a7,experiments/runs/fm_grasp_stat_native_v1/jobs/grasp_mtsbench_native__copod__cicids__seed1103,False
grasp_mtsbench_statistical_replay,HBOS,cicids,native_transductive_test_feature_fit_oracle_f1,1104,grasp_mtsbench_native__hbos__cicids__seed1104,grasp_mtsbench_native__hbos__cicids__seed1104,configs/experiments/fm_grasp_stat_queue.v2.json,configs/experiments/fm_grasp_stat_queue.v2.json,False,experiments/runs/fm_grasp_stat_native_v1/jobs/grasp_mtsbench_native__hbos__cicids__seed1104,completed,"{""PRC"": 0.2417752404610256, ""ROC"": 0.5864792468249297, ""Best_F1"": 0.37121368440924346}",b47ff84986dd70babdebd9620c9dadc05748c17ceb16d6aef7872e34bd8eec03,experiments/runs/fm_grasp_stat_native_v1/jobs/grasp_mtsbench_native__hbos__cicids__seed1104,False
grasp_mtsbench_statistical_replay,COPOD,cicids,native_transductive_test_feature_fit_oracle_f1,1104,grasp_mtsbench_native__copod__cicids__seed1104,grasp_mtsbench_native__copod__cicids__seed1104,configs/experiments/fm_grasp_stat_queue.v2.json,configs/experiments/fm_grasp_stat_queue.v2.json,False,experiments/runs/fm_grasp_stat_native_v1/jobs/grasp_mtsbench_native__copod__cicids__seed1104,completed,"{""PRC"": 0.22146900620524465, ""ROC"": 0.5566903937611308, ""Best_F1"": 0.3732918057073927}",1245db755066688ddd9a4521df4054bc02a6000ddc76557c454210e4fa8e4b26,experiments/runs/fm_grasp_stat_native_v1/jobs/grasp_mtsbench_native__copod__cicids__seed1104,False
grasp_mtsbench_statistical_replay,HBOS,cicids,native_transductive_test_feature_fit_oracle_f1,1105,grasp_mtsbench_native__hbos__cicids__seed1105,grasp_mtsbench_native__hbos__cicids__seed1105,configs/experiments/fm_grasp_stat_queue.v2.json,configs/experiments/fm_grasp_stat_queue.v2.json,False,experiments/runs/fm_grasp_stat_native_v1/jobs/grasp_mtsbench_native__hbos__cicids__seed1105,completed,"{""PRC"": 0.2417752404610256, ""ROC"": 0.5864792468249297, ""Best_F1"": 0.37121368440924346}",d04e2b2e49c9a1eb4e53d2d661584144ab62b54e1c5aa6182b3fb7f5e382b06a,experiments/runs/fm_grasp_stat_native_v1/jobs/grasp_mtsbench_native__hbos__cicids__seed1105,False
grasp_mtsbench_statistical_replay,COPOD,cicids,native_transductive_test_feature_fit_oracle_f1,1105,grasp_mtsbench_native__copod__cicids__seed1105,grasp_mtsbench_native__copod__cicids__seed1105,configs/experiments/fm_grasp_stat_queue.v2.json,configs/experiments/fm_grasp_stat_queue.v2.json,False,experiments/runs/fm_grasp_stat_native_v1/jobs/grasp_mtsbench_native__copod__cicids__seed1105,completed,"{""PRC"": 0.22146900620524465, ""ROC"": 0.5566903937611308, ""Best_F1"": 0.3732918057073927}",5b6e0d2cd30966b8245bd7c063ac22affd544d6a5107d476ed09a0cdf8bc584e,experiments/runs/fm_grasp_stat_native_v1/jobs/grasp_mtsbench_native__copod__cicids__seed1105,False
grasp_mtsbench_statistical_replay,HBOS,cicids,native_transductive_test_feature_fit_oracle_f1,1106,grasp_mtsbench_native__hbos__cicids__seed1106,grasp_mtsbench_native__hbos__cicids__seed1106,configs/experiments/fm_grasp_stat_queue.v2.json,configs/experiments/fm_grasp_stat_queue.v2.json,False,experiments/runs/fm_grasp_stat_native_v1/jobs/grasp_mtsbench_native__hbos__cicids__seed1106,completed,"{""PRC"": 0.2417752404610256, ""ROC"": 0.5864792468249297, ""Best_F1"": 0.37121368440924346}",a5fa91de995d4282f63fe064a4ee099aba342fff1e78492de3d7cb16574015a3,experiments/runs/fm_grasp_stat_native_v1/jobs/grasp_mtsbench_native__hbos__cicids__seed1106,False
grasp_mtsbench_statistical_replay,COPOD,cicids,native_transductive_test_feature_fit_oracle_f1,1106,grasp_mtsbench_native__copod__cicids__seed1106,grasp_mtsbench_native__copod__cicids__seed1106,configs/experiments/fm_grasp_stat_queue.v2.json,configs/experiments/fm_grasp_stat_queue.v2.json,False,experiments/runs/fm_grasp_stat_native_v1/jobs/grasp_mtsbench_native__copod__cicids__seed1106,completed,"{""PRC"": 0.22146900620524465, ""ROC"": 0.5566903937611308, ""Best_F1"": 0.3732918057073927}",e543276b2297da42c584b75904bd372738ebfd324f3bf60c95168217294de801,experiments/runs/fm_grasp_stat_native_v1/jobs/grasp_mtsbench_native__copod__cicids__seed1106,False
grasp_mtsbench_statistical_replay,HBOS,cicids,native_transductive_test_feature_fit_oracle_f1,1107,grasp_mtsbench_native__hbos__cicids__seed1107,grasp_mtsbench_native__hbos__cicids__seed1107,configs/experiments/fm_grasp_stat_queue.v2.json,configs/experiments/fm_grasp_stat_queue.v2.json,False,experiments/runs/fm_grasp_stat_native_v1/jobs/grasp_mtsbench_native__hbos__cicids__seed1107,completed,"{""PRC"": 0.2417752404610256, ""ROC"": 0.5864792468249297, ""Best_F1"": 0.37121368440924346}",470213d21743c0657100924264230ea0b5731d0f34eae8e31441a425e847161f,experiments/runs/fm_grasp_stat_native_v1/jobs/grasp_mtsbench_native__hbos__cicids__seed1107,False
grasp_mtsbench_statistical_replay,COPOD,cicids,native_transductive_test_feature_fit_oracle_f1,1107,grasp_mtsbench_native__copod__cicids__seed1107,grasp_mtsbench_native__copod__cicids__seed1107,configs/experiments/fm_grasp_stat_queue.v2.json,configs/experiments/fm_grasp_stat_queue.v2.json,False,experiments/runs/fm_grasp_stat_native_v1/jobs/grasp_mtsbench_native__copod__cicids__seed1107,completed,"{""PRC"": 0.22146900620524465, ""ROC"": 0.5566903937611308, ""Best_F1"": 0.3732918057073927}",e586457868d15137f375e5e3398111f0391650991781dbd4a71f2a98d764323f,experiments/runs/fm_grasp_stat_native_v1/jobs/grasp_mtsbench_native__copod__cicids__seed1107,False
grasp_mtsbench_statistical_replay,HBOS,cicids,native_transductive_test_feature_fit_oracle_f1,1108,grasp_mtsbench_native__hbos__cicids__seed1108,grasp_mtsbench_native__hbos__cicids__seed1108,configs/experiments/fm_grasp_stat_queue.v2.json,configs/experiments/fm_grasp_stat_queue.v2.json,False,experiments/runs/fm_grasp_stat_native_v1/jobs/grasp_mtsbench_native__hbos__cicids__seed1108,completed,"{""PRC"": 0.2417752404610256, ""ROC"": 0.5864792468249297, ""Best_F1"": 0.37121368440924346}",c3b91ef9224a42da4d2b5c5a3efa09896e63b1b413613b15d40416bd0284439f,experiments/runs/fm_grasp_stat_native_v1/jobs/grasp_mtsbench_native__hbos__cicids__seed1108,False
grasp_mtsbench_statistical_replay,COPOD,cicids,native_transductive_test_feature_fit_oracle_f1,1108,grasp_mtsbench_native__copod__cicids__seed1108,grasp_mtsbench_native__copod__cicids__seed1108,configs/experiments/fm_grasp_stat_queue.v2.json,configs/experiments/fm_grasp_stat_queue.v2.json,False,experiments/runs/fm_grasp_stat_native_v1/jobs/grasp_mtsbench_native__copod__cicids__seed1108,completed,"{""PRC"": 0.22146900620524465, ""ROC"": 0.5566903937611308, ""Best_F1"": 0.3732918057073927}",b5560ddf19cd9f100189bcb93bc9caf7b1c2c6895d6765cbc16a79fe4f3cba5c,experiments/runs/fm_grasp_stat_native_v1/jobs/grasp_mtsbench_native__copod__cicids__seed1108,False
grasp_mtsbench_statistical_replay,HBOS,cicids,native_transductive_test_feature_fit_oracle_f1,1109,grasp_mtsbench_native__hbos__cicids__seed1109,grasp_mtsbench_native__hbos__cicids__seed1109,configs/experiments/fm_grasp_stat_queue.v2.json,configs/experiments/fm_grasp_stat_queue.v2.json,False,experiments/runs/fm_grasp_stat_native_v1/jobs/grasp_mtsbench_native__hbos__cicids__seed1109,completed,"{""PRC"": 0.2417752404610256, ""ROC"": 0.5864792468249297, ""Best_F1"": 0.37121368440924346}",af08e142e0485c8023c44cb9a9127699641ca931491b6ff9f43cdbcb5c42b975,experiments/runs/fm_grasp_stat_native_v1/jobs/grasp_mtsbench_native__hbos__cicids__seed1109,False
grasp_mtsbench_statistical_replay,COPOD,cicids,native_transductive_test_feature_fit_oracle_f1,1109,grasp_mtsbench_native__copod__cicids__seed1109,grasp_mtsbench_native__copod__cicids__seed1109,configs/experiments/fm_grasp_stat_queue.v2.json,configs/experiments/fm_grasp_stat_queue.v2.json,False,experiments/runs/fm_grasp_stat_native_v1/jobs/grasp_mtsbench_native__copod__cicids__seed1109,completed,"{""PRC"": 0.22146900620524465, ""ROC"": 0.5566903937611308, ""Best_F1"": 0.3732918057073927}",1fa25d4a2a5d5599722cb09ad1885f0e82a82638d4ec5ba939807374d329f66d,experiments/runs/fm_grasp_stat_native_v1/jobs/grasp_mtsbench_native__copod__cicids__seed1109,False
grasp_mtsbench_statistical_replay,HBOS,cicids,native_transductive_test_feature_fit_oracle_f1,1110,grasp_mtsbench_native__hbos__cicids__seed1110,grasp_mtsbench_native__hbos__cicids__seed1110__native_exact_recovery_v1,configs/experiments/fm_grasp_stat_queue.v2.json,configs/experiments/fm_native_statistical_exact_recovery.v1.json,True,experiments/runs/fm_native_statistical_exact_recovery_v1/jobs/grasp_mtsbench_native__hbos__cicids__seed1110__native_exact_recovery_v1,completed,"{""PRC"": 0.2417752404610256, ""ROC"": 0.5864792468249297, ""Best_F1"": 0.37121368440924346}",e02ce284c4af18ee1503b288b347e54b728c38b61a93365cb1651906e4cce2fe,experiments/runs/fm_grasp_stat_native_v1/jobs/grasp_mtsbench_native__hbos__cicids__seed1110,False
grasp_mtsbench_statistical_replay,COPOD,cicids,native_transductive_test_feature_fit_oracle_f1,1110,grasp_mtsbench_native__copod__cicids__seed1110,grasp_mtsbench_native__copod__cicids__seed1110__native_exact_recovery_v1,configs/experiments/fm_grasp_stat_queue.v2.json,configs/experiments/fm_native_statistical_exact_recovery.v1.json,True,experiments/runs/fm_native_statistical_exact_recovery_v1/jobs/grasp_mtsbench_native__copod__cicids__seed1110__native_exact_recovery_v1,completed,"{""PRC"": 0.22146900620524465, ""ROC"": 0.5566903937611308, ""Best_F1"": 0.3732918057073927}",d02eee170bba475351c8675cabfe00d0fb21bff8e4d45e503480ece8a19177d7,experiments/runs/fm_grasp_stat_native_v1/jobs/grasp_mtsbench_native__copod__cicids__seed1110,False
grasp_mtsbench_statistical_replay,HBOS,cicids,native_transductive_test_feature_fit_oracle_f1,1111,grasp_mtsbench_native__hbos__cicids__seed1111,grasp_mtsbench_native__hbos__cicids__seed1111,configs/experiments/fm_grasp_stat_queue.v2.json,configs/experiments/fm_grasp_stat_queue.v2.json,False,experiments/runs/fm_grasp_stat_native_v1/jobs/grasp_mtsbench_native__hbos__cicids__seed1111,completed,"{""PRC"": 0.2417752404610256, ""ROC"": 0.5864792468249297, ""Best_F1"": 0.37121368440924346}",db86cd48e7e0cc270487129c5de04146285abf41a9f9fbae159b528071d09a0a,experiments/runs/fm_grasp_stat_native_v1/jobs/grasp_mtsbench_native__hbos__cicids__seed1111,False
grasp_mtsbench_statistical_replay,COPOD,cicids,native_transductive_test_feature_fit_oracle_f1,1111,grasp_mtsbench_native__copod__cicids__seed1111,grasp_mtsbench_native__copod__cicids__seed1111,configs/experiments/fm_grasp_stat_queue.v2.json,configs/experiments/fm_grasp_stat_queue.v2.json,False,experiments/runs/fm_grasp_stat_native_v1/jobs/grasp_mtsbench_native__copod__cicids__seed1111,completed,"{""PRC"": 0.22146900620524465, ""ROC"": 0.5566903937611308, ""Best_F1"": 0.3732918057073927}",696741783eca0a83de73bba957c1835de0149df0287c23db37a599a5d83694ab,experiments/runs/fm_grasp_stat_native_v1/jobs/grasp_mtsbench_native__copod__cicids__seed1111,False
grasp_mtsbench_statistical_replay,HBOS,cicids,native_transductive_test_feature_fit_oracle_f1,1112,grasp_mtsbench_native__hbos__cicids__seed1112,grasp_mtsbench_native__hbos__cicids__seed1112,configs/experiments/fm_grasp_stat_queue.v2.json,configs/experiments/fm_grasp_stat_queue.v2.json,False,experiments/runs/fm_grasp_stat_native_v1/jobs/grasp_mtsbench_native__hbos__cicids__seed1112,completed,"{""PRC"": 0.2417752404610256, ""ROC"": 0.5864792468249297, ""Best_F1"": 0.37121368440924346}",31a1a95e028acf6bacf1cbaea8e062388121a95ce37f9ec8e4c5568f85a7105b,experiments/runs/fm_grasp_stat_native_v1/jobs/grasp_mtsbench_native__hbos__cicids__seed1112,False
grasp_mtsbench_statistical_replay,COPOD,cicids,native_transductive_test_feature_fit_oracle_f1,1112,grasp_mtsbench_native__copod__cicids__seed1112,grasp_mtsbench_native__copod__cicids__seed1112,configs/experiments/fm_grasp_stat_queue.v2.json,configs/experiments/fm_grasp_stat_queue.v2.json,False,experiments/runs/fm_grasp_stat_native_v1/jobs/grasp_mtsbench_native__copod__cicids__seed1112,completed,"{""PRC"": 0.22146900620524465, ""ROC"": 0.5566903937611308, ""Best_F1"": 0.3732918057073927}",8aca219f3aa6e6e1100fa14cc3832924c0752ba695ea99f3dc899c314e8ad8be,experiments/runs/fm_grasp_stat_native_v1/jobs/grasp_mtsbench_native__copod__cicids__seed1112,False
