model,dataset,data_track,metric,required_seeds,n,mean,std,se,ci95_low,ci95_high,paper_mean,paper_spread,paper_spread_type,uncertainty_unit,status_counts,author_equivalence_certified,mean_minus_paper
spectral_flow,stocks,released_author_data,context_fid,5,0,,,,,,0.008,0.003,unspecified in table; author display_scores uses t-based95% half-width,independently trained model seed; five evaluator repeats nested within each model,"{""pending"": 5}",False,
spectral_flow,stocks,released_author_data,correlational,5,0,,,,,,0.01,0.007,unspecified in table; author display_scores uses t-based95% half-width,independently trained model seed; five evaluator repeats nested within each model,"{""pending"": 5}",False,
spectral_flow,stocks,released_author_data,discriminative,5,0,,,,,,0.022,0.013,unspecified in table; author display_scores uses t-based95% half-width,independently trained model seed; five evaluator repeats nested within each model,"{""pending"": 5}",False,
spectral_flow,stocks,released_author_data,predictive,5,0,,,,,,0.037,0.0,unspecified in table; author display_scores uses t-based95% half-width,independently trained model seed; five evaluator repeats nested within each model,"{""pending"": 5}",False,
diffusion_ts,stocks,released_author_data,context_fid,5,0,,,,,,0.169,0.021,unspecified in table; author display_scores uses t-based95% half-width,independently trained model seed; five evaluator repeats nested within each model,"{""pending"": 5}",False,
diffusion_ts,stocks,released_author_data,correlational,5,0,,,,,,0.01,0.009,unspecified in table; author display_scores uses t-based95% half-width,independently trained model seed; five evaluator repeats nested within each model,"{""pending"": 5}",False,
diffusion_ts,stocks,released_author_data,discriminative,5,0,,,,,,0.085,0.026,unspecified in table; author display_scores uses t-based95% half-width,independently trained model seed; five evaluator repeats nested within each model,"{""pending"": 5}",False,
diffusion_ts,stocks,released_author_data,predictive,5,0,,,,,,0.037,0.0,unspecified in table; author display_scores uses t-based95% half-width,independently trained model seed; five evaluator repeats nested within each model,"{""pending"": 5}",False,
spectral_flow,energy,released_author_data,context_fid,5,0,,,,,,0.051,0.009,unspecified in table; author display_scores uses t-based95% half-width,independently trained model seed; five evaluator repeats nested within each model,"{""pending"": 5}",False,
spectral_flow,energy,released_author_data,correlational,5,0,,,,,,0.732,0.107,unspecified in table; author display_scores uses t-based95% half-width,independently trained model seed; five evaluator repeats nested within each model,"{""pending"": 5}",False,
spectral_flow,energy,released_author_data,discriminative,5,0,,,,,,0.161,0.021,unspecified in table; author display_scores uses t-based95% half-width,independently trained model seed; five evaluator repeats nested within each model,"{""pending"": 5}",False,
spectral_flow,energy,released_author_data,predictive,5,0,,,,,,0.251,0.0,unspecified in table; author display_scores uses t-based95% half-width,independently trained model seed; five evaluator repeats nested within each model,"{""pending"": 5}",False,
spectral_flow,etth,released_author_data,context_fid,5,0,,,,,,0.058,0.007,unspecified in table; author display_scores uses t-based95% half-width,independently trained model seed; five evaluator repeats nested within each model,"{""pending"": 5}",False,
spectral_flow,etth,released_author_data,correlational,5,0,,,,,,0.04,0.015,unspecified in table; author display_scores uses t-based95% half-width,independently trained model seed; five evaluator repeats nested within each model,"{""pending"": 5}",False,
spectral_flow,etth,released_author_data,discriminative,5,0,,,,,,0.027,0.01,unspecified in table; author display_scores uses t-based95% half-width,independently trained model seed; five evaluator repeats nested within each model,"{""pending"": 5}",False,
spectral_flow,etth,released_author_data,predictive,5,0,,,,,,0.123,0.005,unspecified in table; author display_scores uses t-based95% half-width,independently trained model seed; five evaluator repeats nested within each model,"{""pending"": 5}",False,
spectral_flow,fmri,released_author_data,context_fid,5,0,,,,,,0.116,0.004,unspecified in table; author display_scores uses t-based95% half-width,independently trained model seed; five evaluator repeats nested within each model,"{""pending"": 5}",False,
spectral_flow,fmri,released_author_data,correlational,5,0,,,,,,0.737,0.021,unspecified in table; author display_scores uses t-based95% half-width,independently trained model seed; five evaluator repeats nested within each model,"{""pending"": 5}",False,
spectral_flow,fmri,released_author_data,discriminative,5,0,,,,,,0.136,0.207,unspecified in table; author display_scores uses t-based95% half-width,independently trained model seed; five evaluator repeats nested within each model,"{""pending"": 5}",False,
spectral_flow,fmri,released_author_data,predictive,5,0,,,,,,0.1,0.0,unspecified in table; author display_scores uses t-based95% half-width,independently trained model seed; five evaluator repeats nested within each model,"{""pending"": 5}",False,
spectral_flow,mujoco,released_author_data,context_fid,5,0,,,,,,0.018,0.002,unspecified in table; author display_scores uses t-based95% half-width,independently trained model seed; five evaluator repeats nested within each model,"{""pending"": 5}",False,
spectral_flow,mujoco,released_author_data,correlational,5,0,,,,,,0.173,0.016,unspecified in table; author display_scores uses t-based95% half-width,independently trained model seed; five evaluator repeats nested within each model,"{""pending"": 5}",False,
spectral_flow,mujoco,released_author_data,discriminative,5,0,,,,,,0.005,0.004,unspecified in table; author display_scores uses t-based95% half-width,independently trained model seed; five evaluator repeats nested within each model,"{""pending"": 5}",False,
spectral_flow,mujoco,released_author_data,predictive,5,0,,,,,,0.008,0.001,unspecified in table; author display_scores uses t-based95% half-width,independently trained model seed; five evaluator repeats nested within each model,"{""pending"": 5}",False,
spectral_flow,sines,released_author_data,context_fid,5,0,,,,,,0.004,0.001,unspecified in table; author display_scores uses t-based95% half-width,independently trained model seed; five evaluator repeats nested within each model,"{""pending"": 5}",False,
spectral_flow,sines,released_author_data,correlational,5,0,,,,,,0.027,0.012,unspecified in table; author display_scores uses t-based95% half-width,independently trained model seed; five evaluator repeats nested within each model,"{""pending"": 5}",False,
spectral_flow,sines,released_author_data,discriminative,5,0,,,,,,0.006,0.006,unspecified in table; author display_scores uses t-based95% half-width,independently trained model seed; five evaluator repeats nested within each model,"{""pending"": 5}",False,
spectral_flow,sines,released_author_data,predictive,5,0,,,,,,0.093,0.0,unspecified in table; author display_scores uses t-based95% half-width,independently trained model seed; five evaluator repeats nested within each model,"{""pending"": 5}",False,
spectral_flow,sines,paper_sines_distribution,context_fid,5,0,,,,,,0.004,0.001,unspecified in table; author display_scores uses t-based95% half-width,independently trained model seed; five evaluator repeats nested within each model,"{""pending"": 5}",False,
spectral_flow,sines,paper_sines_distribution,correlational,5,0,,,,,,0.027,0.012,unspecified in table; author display_scores uses t-based95% half-width,independently trained model seed; five evaluator repeats nested within each model,"{""pending"": 5}",False,
spectral_flow,sines,paper_sines_distribution,discriminative,5,0,,,,,,0.006,0.006,unspecified in table; author display_scores uses t-based95% half-width,independently trained model seed; five evaluator repeats nested within each model,"{""pending"": 5}",False,
spectral_flow,sines,paper_sines_distribution,predictive,5,0,,,,,,0.093,0.0,unspecified in table; author display_scores uses t-based95% half-width,independently trained model seed; five evaluator repeats nested within each model,"{""pending"": 5}",False,
diffusion_ts,energy,released_author_data,context_fid,5,0,,,,,,0.113,0.011,unspecified in table; author display_scores uses t-based95% half-width,independently trained model seed; five evaluator repeats nested within each model,"{""pending"": 5}",False,
diffusion_ts,energy,released_author_data,correlational,5,0,,,,,,0.788,0.075,unspecified in table; author display_scores uses t-based95% half-width,independently trained model seed; five evaluator repeats nested within each model,"{""pending"": 5}",False,
diffusion_ts,energy,released_author_data,discriminative,5,0,,,,,,0.154,0.012,unspecified in table; author display_scores uses t-based95% half-width,independently trained model seed; five evaluator repeats nested within each model,"{""pending"": 5}",False,
diffusion_ts,energy,released_author_data,predictive,5,0,,,,,,0.251,0.0,unspecified in table; author display_scores uses t-based95% half-width,independently trained model seed; five evaluator repeats nested within each model,"{""pending"": 5}",False,
diffusion_ts,etth,released_author_data,context_fid,5,0,,,,,,0.126,0.007,unspecified in table; author display_scores uses t-based95% half-width,independently trained model seed; five evaluator repeats nested within each model,"{""pending"": 5}",False,
diffusion_ts,etth,released_author_data,correlational,5,0,,,,,,0.049,0.013,unspecified in table; author display_scores uses t-based95% half-width,independently trained model seed; five evaluator repeats nested within each model,"{""pending"": 5}",False,
diffusion_ts,etth,released_author_data,discriminative,5,0,,,,,,0.075,0.007,unspecified in table; author display_scores uses t-based95% half-width,independently trained model seed; five evaluator repeats nested within each model,"{""pending"": 5}",False,
diffusion_ts,etth,released_author_data,predictive,5,0,,,,,,0.121,0.002,unspecified in table; author display_scores uses t-based95% half-width,independently trained model seed; five evaluator repeats nested within each model,"{""pending"": 5}",False,
diffusion_ts,fmri,released_author_data,context_fid,5,0,,,,,,0.118,0.007,unspecified in table; author display_scores uses t-based95% half-width,independently trained model seed; five evaluator repeats nested within each model,"{""pending"": 5}",False,
diffusion_ts,fmri,released_author_data,correlational,5,0,,,,,,1.252,0.07,unspecified in table; author display_scores uses t-based95% half-width,independently trained model seed; five evaluator repeats nested within each model,"{""pending"": 5}",False,
diffusion_ts,fmri,released_author_data,discriminative,5,0,,,,,,0.158,0.02,unspecified in table; author display_scores uses t-based95% half-width,independently trained model seed; five evaluator repeats nested within each model,"{""pending"": 5}",False,
diffusion_ts,fmri,released_author_data,predictive,5,0,,,,,,0.1,0.0,unspecified in table; author display_scores uses t-based95% half-width,independently trained model seed; five evaluator repeats nested within each model,"{""pending"": 5}",False,
diffusion_ts,mujoco,released_author_data,context_fid,5,0,,,,,,0.015,0.001,unspecified in table; author display_scores uses t-based95% half-width,independently trained model seed; five evaluator repeats nested within each model,"{""pending"": 5}",False,
diffusion_ts,mujoco,released_author_data,correlational,5,0,,,,,,0.188,0.035,unspecified in table; author display_scores uses t-based95% half-width,independently trained model seed; five evaluator repeats nested within each model,"{""pending"": 5}",False,
diffusion_ts,mujoco,released_author_data,discriminative,5,0,,,,,,0.012,0.006,unspecified in table; author display_scores uses t-based95% half-width,independently trained model seed; five evaluator repeats nested within each model,"{""pending"": 5}",False,
diffusion_ts,mujoco,released_author_data,predictive,5,0,,,,,,0.007,0.001,unspecified in table; author display_scores uses t-based95% half-width,independently trained model seed; five evaluator repeats nested within each model,"{""pending"": 5}",False,
diffusion_ts,sines,released_author_data,context_fid,5,0,,,,,,0.013,0.001,unspecified in table; author display_scores uses t-based95% half-width,independently trained model seed; five evaluator repeats nested within each model,"{""pending"": 5}",False,
diffusion_ts,sines,released_author_data,correlational,5,0,,,,,,0.016,0.005,unspecified in table; author display_scores uses t-based95% half-width,independently trained model seed; five evaluator repeats nested within each model,"{""pending"": 5}",False,
diffusion_ts,sines,released_author_data,discriminative,5,0,,,,,,0.03,0.006,unspecified in table; author display_scores uses t-based95% half-width,independently trained model seed; five evaluator repeats nested within each model,"{""pending"": 5}",False,
diffusion_ts,sines,released_author_data,predictive,5,0,,,,,,0.095,0.0,unspecified in table; author display_scores uses t-based95% half-width,independently trained model seed; five evaluator repeats nested within each model,"{""pending"": 5}",False,
diffusion_ts,sines,paper_sines_distribution,context_fid,5,0,,,,,,0.013,0.001,unspecified in table; author display_scores uses t-based95% half-width,independently trained model seed; five evaluator repeats nested within each model,"{""pending"": 5}",False,
diffusion_ts,sines,paper_sines_distribution,correlational,5,0,,,,,,0.016,0.005,unspecified in table; author display_scores uses t-based95% half-width,independently trained model seed; five evaluator repeats nested within each model,"{""pending"": 5}",False,
diffusion_ts,sines,paper_sines_distribution,discriminative,5,0,,,,,,0.03,0.006,unspecified in table; author display_scores uses t-based95% half-width,independently trained model seed; five evaluator repeats nested within each model,"{""pending"": 5}",False,
diffusion_ts,sines,paper_sines_distribution,predictive,5,0,,,,,,0.095,0.0,unspecified in table; author display_scores uses t-based95% half-width,independently trained model seed; five evaluator repeats nested within each model,"{""pending"": 5}",False,
