id,model,dataset,data_track,seed,model_config,author_yaml,training_updates,gradient_accumulate_every,data_shape,frozen_samples,data_sha256,reference_path,reference_sha256,generation_batch_size,generation_field_chunk_size,expected_parameters,output_directory,artifact_directory,paper_reported_parameters,status,result_path,result_sha256,metrics,resource_metrics
spectral_original__spectral_flow__stocks__released_author_data__seed42,spectral_flow,stocks,released_author_data,42,configs/models/fm_spectral_author__spectral_flow__stocks__released_author_data.json,experiments/runs/fm_project_acquisition/sources/spectral_mean_flow/original/src_base/configs/spectral_flow/stocks.yaml,10000,1,"[3662, 24, 6]",data/public_datasets/flow_matching/spectral_mean_flow_original_v2/released_author_data/stocks/frozen_training_samples.npy,dca508bf449c5feb6427fe0c1442da244cfee2b5775bfee9765bafc88b0642f7,data/public_datasets/flow_matching/spectral_mean_flow_original_v2/released_author_data/stocks/samples/stock_norm_truth_24_train.npy,ad947258d6e03060365b17b247749ada34e9f51ff7b40376077b9bbd645abd97,2001,,356800,experiments/runs/fm_spectral_mean_flow_original_v1/jobs/spectral_original__spectral_flow__stocks__released_author_data__seed42,F:/aicoding/IIA_Data/experiments/spectral_mean_flow_original_v1/spectral_original__spectral_flow__stocks__released_author_data__seed42,356800,pending,,,,
spectral_original__spectral_flow__stocks__released_author_data__seed43,spectral_flow,stocks,released_author_data,43,configs/models/fm_spectral_author__spectral_flow__stocks__released_author_data.json,experiments/runs/fm_project_acquisition/sources/spectral_mean_flow/original/src_base/configs/spectral_flow/stocks.yaml,10000,1,"[3662, 24, 6]",data/public_datasets/flow_matching/spectral_mean_flow_original_v2/released_author_data/stocks/frozen_training_samples.npy,dca508bf449c5feb6427fe0c1442da244cfee2b5775bfee9765bafc88b0642f7,data/public_datasets/flow_matching/spectral_mean_flow_original_v2/released_author_data/stocks/samples/stock_norm_truth_24_train.npy,ad947258d6e03060365b17b247749ada34e9f51ff7b40376077b9bbd645abd97,2001,,356800,experiments/runs/fm_spectral_mean_flow_original_v1/jobs/spectral_original__spectral_flow__stocks__released_author_data__seed43,F:/aicoding/IIA_Data/experiments/spectral_mean_flow_original_v1/spectral_original__spectral_flow__stocks__released_author_data__seed43,356800,pending,,,,
spectral_original__spectral_flow__stocks__released_author_data__seed44,spectral_flow,stocks,released_author_data,44,configs/models/fm_spectral_author__spectral_flow__stocks__released_author_data.json,experiments/runs/fm_project_acquisition/sources/spectral_mean_flow/original/src_base/configs/spectral_flow/stocks.yaml,10000,1,"[3662, 24, 6]",data/public_datasets/flow_matching/spectral_mean_flow_original_v2/released_author_data/stocks/frozen_training_samples.npy,dca508bf449c5feb6427fe0c1442da244cfee2b5775bfee9765bafc88b0642f7,data/public_datasets/flow_matching/spectral_mean_flow_original_v2/released_author_data/stocks/samples/stock_norm_truth_24_train.npy,ad947258d6e03060365b17b247749ada34e9f51ff7b40376077b9bbd645abd97,2001,,356800,experiments/runs/fm_spectral_mean_flow_original_v1/jobs/spectral_original__spectral_flow__stocks__released_author_data__seed44,F:/aicoding/IIA_Data/experiments/spectral_mean_flow_original_v1/spectral_original__spectral_flow__stocks__released_author_data__seed44,356800,pending,,,,
spectral_original__spectral_flow__stocks__released_author_data__seed45,spectral_flow,stocks,released_author_data,45,configs/models/fm_spectral_author__spectral_flow__stocks__released_author_data.json,experiments/runs/fm_project_acquisition/sources/spectral_mean_flow/original/src_base/configs/spectral_flow/stocks.yaml,10000,1,"[3662, 24, 6]",data/public_datasets/flow_matching/spectral_mean_flow_original_v2/released_author_data/stocks/frozen_training_samples.npy,dca508bf449c5feb6427fe0c1442da244cfee2b5775bfee9765bafc88b0642f7,data/public_datasets/flow_matching/spectral_mean_flow_original_v2/released_author_data/stocks/samples/stock_norm_truth_24_train.npy,ad947258d6e03060365b17b247749ada34e9f51ff7b40376077b9bbd645abd97,2001,,356800,experiments/runs/fm_spectral_mean_flow_original_v1/jobs/spectral_original__spectral_flow__stocks__released_author_data__seed45,F:/aicoding/IIA_Data/experiments/spectral_mean_flow_original_v1/spectral_original__spectral_flow__stocks__released_author_data__seed45,356800,pending,,,,
spectral_original__spectral_flow__stocks__released_author_data__seed46,spectral_flow,stocks,released_author_data,46,configs/models/fm_spectral_author__spectral_flow__stocks__released_author_data.json,experiments/runs/fm_project_acquisition/sources/spectral_mean_flow/original/src_base/configs/spectral_flow/stocks.yaml,10000,1,"[3662, 24, 6]",data/public_datasets/flow_matching/spectral_mean_flow_original_v2/released_author_data/stocks/frozen_training_samples.npy,dca508bf449c5feb6427fe0c1442da244cfee2b5775bfee9765bafc88b0642f7,data/public_datasets/flow_matching/spectral_mean_flow_original_v2/released_author_data/stocks/samples/stock_norm_truth_24_train.npy,ad947258d6e03060365b17b247749ada34e9f51ff7b40376077b9bbd645abd97,2001,,356800,experiments/runs/fm_spectral_mean_flow_original_v1/jobs/spectral_original__spectral_flow__stocks__released_author_data__seed46,F:/aicoding/IIA_Data/experiments/spectral_mean_flow_original_v1/spectral_original__spectral_flow__stocks__released_author_data__seed46,356800,pending,,,,
spectral_original__diffusion_ts__stocks__released_author_data__seed42,diffusion_ts,stocks,released_author_data,42,configs/models/fm_spectral_author__diffusion_ts__stocks__released_author_data.json,experiments/runs/fm_project_acquisition/sources/spectral_mean_flow/original/src_base/configs/diffusion_ts/stocks.yaml,10000,2,"[3662, 24, 6]",data/public_datasets/flow_matching/spectral_mean_flow_original_v2/released_author_data/stocks/frozen_training_samples.npy,dca508bf449c5feb6427fe0c1442da244cfee2b5775bfee9765bafc88b0642f7,data/public_datasets/flow_matching/spectral_mean_flow_original_v2/released_author_data/stocks/samples/stock_norm_truth_24_train.npy,ad947258d6e03060365b17b247749ada34e9f51ff7b40376077b9bbd645abd97,2001,,294390,experiments/runs/fm_spectral_mean_flow_original_v1/jobs/spectral_original__diffusion_ts__stocks__released_author_data__seed42,F:/aicoding/IIA_Data/experiments/spectral_mean_flow_original_v1/spectral_original__diffusion_ts__stocks__released_author_data__seed42,291318,pending,,,,
spectral_original__diffusion_ts__stocks__released_author_data__seed43,diffusion_ts,stocks,released_author_data,43,configs/models/fm_spectral_author__diffusion_ts__stocks__released_author_data.json,experiments/runs/fm_project_acquisition/sources/spectral_mean_flow/original/src_base/configs/diffusion_ts/stocks.yaml,10000,2,"[3662, 24, 6]",data/public_datasets/flow_matching/spectral_mean_flow_original_v2/released_author_data/stocks/frozen_training_samples.npy,dca508bf449c5feb6427fe0c1442da244cfee2b5775bfee9765bafc88b0642f7,data/public_datasets/flow_matching/spectral_mean_flow_original_v2/released_author_data/stocks/samples/stock_norm_truth_24_train.npy,ad947258d6e03060365b17b247749ada34e9f51ff7b40376077b9bbd645abd97,2001,,294390,experiments/runs/fm_spectral_mean_flow_original_v1/jobs/spectral_original__diffusion_ts__stocks__released_author_data__seed43,F:/aicoding/IIA_Data/experiments/spectral_mean_flow_original_v1/spectral_original__diffusion_ts__stocks__released_author_data__seed43,291318,pending,,,,
spectral_original__diffusion_ts__stocks__released_author_data__seed44,diffusion_ts,stocks,released_author_data,44,configs/models/fm_spectral_author__diffusion_ts__stocks__released_author_data.json,experiments/runs/fm_project_acquisition/sources/spectral_mean_flow/original/src_base/configs/diffusion_ts/stocks.yaml,10000,2,"[3662, 24, 6]",data/public_datasets/flow_matching/spectral_mean_flow_original_v2/released_author_data/stocks/frozen_training_samples.npy,dca508bf449c5feb6427fe0c1442da244cfee2b5775bfee9765bafc88b0642f7,data/public_datasets/flow_matching/spectral_mean_flow_original_v2/released_author_data/stocks/samples/stock_norm_truth_24_train.npy,ad947258d6e03060365b17b247749ada34e9f51ff7b40376077b9bbd645abd97,2001,,294390,experiments/runs/fm_spectral_mean_flow_original_v1/jobs/spectral_original__diffusion_ts__stocks__released_author_data__seed44,F:/aicoding/IIA_Data/experiments/spectral_mean_flow_original_v1/spectral_original__diffusion_ts__stocks__released_author_data__seed44,291318,pending,,,,
spectral_original__diffusion_ts__stocks__released_author_data__seed45,diffusion_ts,stocks,released_author_data,45,configs/models/fm_spectral_author__diffusion_ts__stocks__released_author_data.json,experiments/runs/fm_project_acquisition/sources/spectral_mean_flow/original/src_base/configs/diffusion_ts/stocks.yaml,10000,2,"[3662, 24, 6]",data/public_datasets/flow_matching/spectral_mean_flow_original_v2/released_author_data/stocks/frozen_training_samples.npy,dca508bf449c5feb6427fe0c1442da244cfee2b5775bfee9765bafc88b0642f7,data/public_datasets/flow_matching/spectral_mean_flow_original_v2/released_author_data/stocks/samples/stock_norm_truth_24_train.npy,ad947258d6e03060365b17b247749ada34e9f51ff7b40376077b9bbd645abd97,2001,,294390,experiments/runs/fm_spectral_mean_flow_original_v1/jobs/spectral_original__diffusion_ts__stocks__released_author_data__seed45,F:/aicoding/IIA_Data/experiments/spectral_mean_flow_original_v1/spectral_original__diffusion_ts__stocks__released_author_data__seed45,291318,pending,,,,
spectral_original__diffusion_ts__stocks__released_author_data__seed46,diffusion_ts,stocks,released_author_data,46,configs/models/fm_spectral_author__diffusion_ts__stocks__released_author_data.json,experiments/runs/fm_project_acquisition/sources/spectral_mean_flow/original/src_base/configs/diffusion_ts/stocks.yaml,10000,2,"[3662, 24, 6]",data/public_datasets/flow_matching/spectral_mean_flow_original_v2/released_author_data/stocks/frozen_training_samples.npy,dca508bf449c5feb6427fe0c1442da244cfee2b5775bfee9765bafc88b0642f7,data/public_datasets/flow_matching/spectral_mean_flow_original_v2/released_author_data/stocks/samples/stock_norm_truth_24_train.npy,ad947258d6e03060365b17b247749ada34e9f51ff7b40376077b9bbd645abd97,2001,,294390,experiments/runs/fm_spectral_mean_flow_original_v1/jobs/spectral_original__diffusion_ts__stocks__released_author_data__seed46,F:/aicoding/IIA_Data/experiments/spectral_mean_flow_original_v1/spectral_original__diffusion_ts__stocks__released_author_data__seed46,291318,pending,,,,
spectral_original__spectral_flow__energy__released_author_data__seed42,spectral_flow,energy,released_author_data,42,configs/models/fm_spectral_author__spectral_flow__energy__released_author_data.json,experiments/runs/fm_project_acquisition/sources/spectral_mean_flow/original/src_base/configs/spectral_flow/energy.yaml,25000,1,"[19712, 24, 28]",data/public_datasets/flow_matching/spectral_mean_flow_original_v2/released_author_data/energy/frozen_training_samples.npy,c4b593e66baa82bd02897af504e85dc08953f39a2ddf45153ecec624d6e804f6,data/public_datasets/flow_matching/spectral_mean_flow_original_v2/released_author_data/energy/samples/energy_norm_truth_24_train.npy,6bf3a6b45f82c8430cfd41b8f5af2ff5f713ae1567766c30d6ab5533681816e0,2001,,1086432,experiments/runs/fm_spectral_mean_flow_original_v1/jobs/spectral_original__spectral_flow__energy__released_author_data__seed42,F:/aicoding/IIA_Data/experiments/spectral_mean_flow_original_v1/spectral_original__spectral_flow__energy__released_author_data__seed42,1086432,pending,,,,
spectral_original__spectral_flow__energy__released_author_data__seed43,spectral_flow,energy,released_author_data,43,configs/models/fm_spectral_author__spectral_flow__energy__released_author_data.json,experiments/runs/fm_project_acquisition/sources/spectral_mean_flow/original/src_base/configs/spectral_flow/energy.yaml,25000,1,"[19712, 24, 28]",data/public_datasets/flow_matching/spectral_mean_flow_original_v2/released_author_data/energy/frozen_training_samples.npy,c4b593e66baa82bd02897af504e85dc08953f39a2ddf45153ecec624d6e804f6,data/public_datasets/flow_matching/spectral_mean_flow_original_v2/released_author_data/energy/samples/energy_norm_truth_24_train.npy,6bf3a6b45f82c8430cfd41b8f5af2ff5f713ae1567766c30d6ab5533681816e0,2001,,1086432,experiments/runs/fm_spectral_mean_flow_original_v1/jobs/spectral_original__spectral_flow__energy__released_author_data__seed43,F:/aicoding/IIA_Data/experiments/spectral_mean_flow_original_v1/spectral_original__spectral_flow__energy__released_author_data__seed43,1086432,pending,,,,
spectral_original__spectral_flow__energy__released_author_data__seed44,spectral_flow,energy,released_author_data,44,configs/models/fm_spectral_author__spectral_flow__energy__released_author_data.json,experiments/runs/fm_project_acquisition/sources/spectral_mean_flow/original/src_base/configs/spectral_flow/energy.yaml,25000,1,"[19712, 24, 28]",data/public_datasets/flow_matching/spectral_mean_flow_original_v2/released_author_data/energy/frozen_training_samples.npy,c4b593e66baa82bd02897af504e85dc08953f39a2ddf45153ecec624d6e804f6,data/public_datasets/flow_matching/spectral_mean_flow_original_v2/released_author_data/energy/samples/energy_norm_truth_24_train.npy,6bf3a6b45f82c8430cfd41b8f5af2ff5f713ae1567766c30d6ab5533681816e0,2001,,1086432,experiments/runs/fm_spectral_mean_flow_original_v1/jobs/spectral_original__spectral_flow__energy__released_author_data__seed44,F:/aicoding/IIA_Data/experiments/spectral_mean_flow_original_v1/spectral_original__spectral_flow__energy__released_author_data__seed44,1086432,pending,,,,
spectral_original__spectral_flow__energy__released_author_data__seed45,spectral_flow,energy,released_author_data,45,configs/models/fm_spectral_author__spectral_flow__energy__released_author_data.json,experiments/runs/fm_project_acquisition/sources/spectral_mean_flow/original/src_base/configs/spectral_flow/energy.yaml,25000,1,"[19712, 24, 28]",data/public_datasets/flow_matching/spectral_mean_flow_original_v2/released_author_data/energy/frozen_training_samples.npy,c4b593e66baa82bd02897af504e85dc08953f39a2ddf45153ecec624d6e804f6,data/public_datasets/flow_matching/spectral_mean_flow_original_v2/released_author_data/energy/samples/energy_norm_truth_24_train.npy,6bf3a6b45f82c8430cfd41b8f5af2ff5f713ae1567766c30d6ab5533681816e0,2001,,1086432,experiments/runs/fm_spectral_mean_flow_original_v1/jobs/spectral_original__spectral_flow__energy__released_author_data__seed45,F:/aicoding/IIA_Data/experiments/spectral_mean_flow_original_v1/spectral_original__spectral_flow__energy__released_author_data__seed45,1086432,pending,,,,
spectral_original__spectral_flow__energy__released_author_data__seed46,spectral_flow,energy,released_author_data,46,configs/models/fm_spectral_author__spectral_flow__energy__released_author_data.json,experiments/runs/fm_project_acquisition/sources/spectral_mean_flow/original/src_base/configs/spectral_flow/energy.yaml,25000,1,"[19712, 24, 28]",data/public_datasets/flow_matching/spectral_mean_flow_original_v2/released_author_data/energy/frozen_training_samples.npy,c4b593e66baa82bd02897af504e85dc08953f39a2ddf45153ecec624d6e804f6,data/public_datasets/flow_matching/spectral_mean_flow_original_v2/released_author_data/energy/samples/energy_norm_truth_24_train.npy,6bf3a6b45f82c8430cfd41b8f5af2ff5f713ae1567766c30d6ab5533681816e0,2001,,1086432,experiments/runs/fm_spectral_mean_flow_original_v1/jobs/spectral_original__spectral_flow__energy__released_author_data__seed46,F:/aicoding/IIA_Data/experiments/spectral_mean_flow_original_v1/spectral_original__spectral_flow__energy__released_author_data__seed46,1086432,pending,,,,
spectral_original__spectral_flow__etth__released_author_data__seed42,spectral_flow,etth,released_author_data,42,configs/models/fm_spectral_author__spectral_flow__etth__released_author_data.json,experiments/runs/fm_project_acquisition/sources/spectral_mean_flow/original/src_base/configs/spectral_flow/etth.yaml,18000,1,"[17397, 24, 7]",data/public_datasets/flow_matching/spectral_mean_flow_original_v2/released_author_data/etth/frozen_training_samples.npy,4f98e4dcdb2f62b21584f278e99c7c965bb2b156ce5b3544e1e8e186130b11cc,data/public_datasets/flow_matching/spectral_mean_flow_original_v2/released_author_data/etth/samples/etth_norm_truth_24_train.npy,315285190830456ba85a52c9ededec1f509fa127333c03c5f89b64a0d302b01f,2001,,356864,experiments/runs/fm_spectral_mean_flow_original_v1/jobs/spectral_original__spectral_flow__etth__released_author_data__seed42,F:/aicoding/IIA_Data/experiments/spectral_mean_flow_original_v1/spectral_original__spectral_flow__etth__released_author_data__seed42,,pending,,,,
spectral_original__spectral_flow__etth__released_author_data__seed43,spectral_flow,etth,released_author_data,43,configs/models/fm_spectral_author__spectral_flow__etth__released_author_data.json,experiments/runs/fm_project_acquisition/sources/spectral_mean_flow/original/src_base/configs/spectral_flow/etth.yaml,18000,1,"[17397, 24, 7]",data/public_datasets/flow_matching/spectral_mean_flow_original_v2/released_author_data/etth/frozen_training_samples.npy,4f98e4dcdb2f62b21584f278e99c7c965bb2b156ce5b3544e1e8e186130b11cc,data/public_datasets/flow_matching/spectral_mean_flow_original_v2/released_author_data/etth/samples/etth_norm_truth_24_train.npy,315285190830456ba85a52c9ededec1f509fa127333c03c5f89b64a0d302b01f,2001,,356864,experiments/runs/fm_spectral_mean_flow_original_v1/jobs/spectral_original__spectral_flow__etth__released_author_data__seed43,F:/aicoding/IIA_Data/experiments/spectral_mean_flow_original_v1/spectral_original__spectral_flow__etth__released_author_data__seed43,,pending,,,,
spectral_original__spectral_flow__etth__released_author_data__seed44,spectral_flow,etth,released_author_data,44,configs/models/fm_spectral_author__spectral_flow__etth__released_author_data.json,experiments/runs/fm_project_acquisition/sources/spectral_mean_flow/original/src_base/configs/spectral_flow/etth.yaml,18000,1,"[17397, 24, 7]",data/public_datasets/flow_matching/spectral_mean_flow_original_v2/released_author_data/etth/frozen_training_samples.npy,4f98e4dcdb2f62b21584f278e99c7c965bb2b156ce5b3544e1e8e186130b11cc,data/public_datasets/flow_matching/spectral_mean_flow_original_v2/released_author_data/etth/samples/etth_norm_truth_24_train.npy,315285190830456ba85a52c9ededec1f509fa127333c03c5f89b64a0d302b01f,2001,,356864,experiments/runs/fm_spectral_mean_flow_original_v1/jobs/spectral_original__spectral_flow__etth__released_author_data__seed44,F:/aicoding/IIA_Data/experiments/spectral_mean_flow_original_v1/spectral_original__spectral_flow__etth__released_author_data__seed44,,pending,,,,
spectral_original__spectral_flow__etth__released_author_data__seed45,spectral_flow,etth,released_author_data,45,configs/models/fm_spectral_author__spectral_flow__etth__released_author_data.json,experiments/runs/fm_project_acquisition/sources/spectral_mean_flow/original/src_base/configs/spectral_flow/etth.yaml,18000,1,"[17397, 24, 7]",data/public_datasets/flow_matching/spectral_mean_flow_original_v2/released_author_data/etth/frozen_training_samples.npy,4f98e4dcdb2f62b21584f278e99c7c965bb2b156ce5b3544e1e8e186130b11cc,data/public_datasets/flow_matching/spectral_mean_flow_original_v2/released_author_data/etth/samples/etth_norm_truth_24_train.npy,315285190830456ba85a52c9ededec1f509fa127333c03c5f89b64a0d302b01f,2001,,356864,experiments/runs/fm_spectral_mean_flow_original_v1/jobs/spectral_original__spectral_flow__etth__released_author_data__seed45,F:/aicoding/IIA_Data/experiments/spectral_mean_flow_original_v1/spectral_original__spectral_flow__etth__released_author_data__seed45,,pending,,,,
spectral_original__spectral_flow__etth__released_author_data__seed46,spectral_flow,etth,released_author_data,46,configs/models/fm_spectral_author__spectral_flow__etth__released_author_data.json,experiments/runs/fm_project_acquisition/sources/spectral_mean_flow/original/src_base/configs/spectral_flow/etth.yaml,18000,1,"[17397, 24, 7]",data/public_datasets/flow_matching/spectral_mean_flow_original_v2/released_author_data/etth/frozen_training_samples.npy,4f98e4dcdb2f62b21584f278e99c7c965bb2b156ce5b3544e1e8e186130b11cc,data/public_datasets/flow_matching/spectral_mean_flow_original_v2/released_author_data/etth/samples/etth_norm_truth_24_train.npy,315285190830456ba85a52c9ededec1f509fa127333c03c5f89b64a0d302b01f,2001,,356864,experiments/runs/fm_spectral_mean_flow_original_v1/jobs/spectral_original__spectral_flow__etth__released_author_data__seed46,F:/aicoding/IIA_Data/experiments/spectral_mean_flow_original_v1/spectral_original__spectral_flow__etth__released_author_data__seed46,,pending,,,,
spectral_original__spectral_flow__fmri__released_author_data__seed42,spectral_flow,fmri,released_author_data,42,configs/models/fm_spectral_author__spectral_flow__fmri__released_author_data.json,experiments/runs/fm_project_acquisition/sources/spectral_mean_flow/original/src_base/configs/spectral_flow/fmri.yaml,15000,1,"[9977, 24, 50]",data/public_datasets/flow_matching/spectral_mean_flow_original_v2/released_author_data/fmri/frozen_training_samples.npy,fb5bdc3146875a988ff4f7b2d554350b38876f906caa6f0def5259cd38ac37ac,data/public_datasets/flow_matching/spectral_mean_flow_original_v2/released_author_data/fmri/samples/fMRI_norm_truth_24_train.npy,8d7960f397d2d6c38814afdab187e6c83f312d2918a308aac6e682aa6c2425ec,2001,,1237152,experiments/runs/fm_spectral_mean_flow_original_v1/jobs/spectral_original__spectral_flow__fmri__released_author_data__seed42,F:/aicoding/IIA_Data/experiments/spectral_mean_flow_original_v1/spectral_original__spectral_flow__fmri__released_author_data__seed42,,pending,,,,
spectral_original__spectral_flow__fmri__released_author_data__seed43,spectral_flow,fmri,released_author_data,43,configs/models/fm_spectral_author__spectral_flow__fmri__released_author_data.json,experiments/runs/fm_project_acquisition/sources/spectral_mean_flow/original/src_base/configs/spectral_flow/fmri.yaml,15000,1,"[9977, 24, 50]",data/public_datasets/flow_matching/spectral_mean_flow_original_v2/released_author_data/fmri/frozen_training_samples.npy,fb5bdc3146875a988ff4f7b2d554350b38876f906caa6f0def5259cd38ac37ac,data/public_datasets/flow_matching/spectral_mean_flow_original_v2/released_author_data/fmri/samples/fMRI_norm_truth_24_train.npy,8d7960f397d2d6c38814afdab187e6c83f312d2918a308aac6e682aa6c2425ec,2001,,1237152,experiments/runs/fm_spectral_mean_flow_original_v1/jobs/spectral_original__spectral_flow__fmri__released_author_data__seed43,F:/aicoding/IIA_Data/experiments/spectral_mean_flow_original_v1/spectral_original__spectral_flow__fmri__released_author_data__seed43,,pending,,,,
spectral_original__spectral_flow__fmri__released_author_data__seed44,spectral_flow,fmri,released_author_data,44,configs/models/fm_spectral_author__spectral_flow__fmri__released_author_data.json,experiments/runs/fm_project_acquisition/sources/spectral_mean_flow/original/src_base/configs/spectral_flow/fmri.yaml,15000,1,"[9977, 24, 50]",data/public_datasets/flow_matching/spectral_mean_flow_original_v2/released_author_data/fmri/frozen_training_samples.npy,fb5bdc3146875a988ff4f7b2d554350b38876f906caa6f0def5259cd38ac37ac,data/public_datasets/flow_matching/spectral_mean_flow_original_v2/released_author_data/fmri/samples/fMRI_norm_truth_24_train.npy,8d7960f397d2d6c38814afdab187e6c83f312d2918a308aac6e682aa6c2425ec,2001,,1237152,experiments/runs/fm_spectral_mean_flow_original_v1/jobs/spectral_original__spectral_flow__fmri__released_author_data__seed44,F:/aicoding/IIA_Data/experiments/spectral_mean_flow_original_v1/spectral_original__spectral_flow__fmri__released_author_data__seed44,,pending,,,,
spectral_original__spectral_flow__fmri__released_author_data__seed45,spectral_flow,fmri,released_author_data,45,configs/models/fm_spectral_author__spectral_flow__fmri__released_author_data.json,experiments/runs/fm_project_acquisition/sources/spectral_mean_flow/original/src_base/configs/spectral_flow/fmri.yaml,15000,1,"[9977, 24, 50]",data/public_datasets/flow_matching/spectral_mean_flow_original_v2/released_author_data/fmri/frozen_training_samples.npy,fb5bdc3146875a988ff4f7b2d554350b38876f906caa6f0def5259cd38ac37ac,data/public_datasets/flow_matching/spectral_mean_flow_original_v2/released_author_data/fmri/samples/fMRI_norm_truth_24_train.npy,8d7960f397d2d6c38814afdab187e6c83f312d2918a308aac6e682aa6c2425ec,2001,,1237152,experiments/runs/fm_spectral_mean_flow_original_v1/jobs/spectral_original__spectral_flow__fmri__released_author_data__seed45,F:/aicoding/IIA_Data/experiments/spectral_mean_flow_original_v1/spectral_original__spectral_flow__fmri__released_author_data__seed45,,pending,,,,
spectral_original__spectral_flow__fmri__released_author_data__seed46,spectral_flow,fmri,released_author_data,46,configs/models/fm_spectral_author__spectral_flow__fmri__released_author_data.json,experiments/runs/fm_project_acquisition/sources/spectral_mean_flow/original/src_base/configs/spectral_flow/fmri.yaml,15000,1,"[9977, 24, 50]",data/public_datasets/flow_matching/spectral_mean_flow_original_v2/released_author_data/fmri/frozen_training_samples.npy,fb5bdc3146875a988ff4f7b2d554350b38876f906caa6f0def5259cd38ac37ac,data/public_datasets/flow_matching/spectral_mean_flow_original_v2/released_author_data/fmri/samples/fMRI_norm_truth_24_train.npy,8d7960f397d2d6c38814afdab187e6c83f312d2918a308aac6e682aa6c2425ec,2001,,1237152,experiments/runs/fm_spectral_mean_flow_original_v1/jobs/spectral_original__spectral_flow__fmri__released_author_data__seed46,F:/aicoding/IIA_Data/experiments/spectral_mean_flow_original_v1/spectral_original__spectral_flow__fmri__released_author_data__seed46,,pending,,,,
spectral_original__spectral_flow__mujoco__released_author_data__seed42,spectral_flow,mujoco,released_author_data,42,configs/models/fm_spectral_author__spectral_flow__mujoco__released_author_data.json,experiments/runs/fm_project_acquisition/sources/spectral_mean_flow/original/src_base/configs/spectral_flow/mujoco.yaml,28000,1,"[10000, 24, 14]",data/public_datasets/flow_matching/spectral_mean_flow_original_v2/released_author_data/mujoco/frozen_training_samples.npy,ca2ed5aba5828f3e229a5a081fb3d9cd756458aca97aaadef2bfb1a02c3aadb7,data/public_datasets/flow_matching/spectral_mean_flow_original_v2/released_author_data/mujoco/samples/mujoco_norm_truth_24_train.npy,1d55a16a9078d6fa1fe71ef82c050976aae57da318549b7c4e6c4e85e79cff08,2001,,1233696,experiments/runs/fm_spectral_mean_flow_original_v1/jobs/spectral_original__spectral_flow__mujoco__released_author_data__seed42,F:/aicoding/IIA_Data/experiments/spectral_mean_flow_original_v1/spectral_original__spectral_flow__mujoco__released_author_data__seed42,,pending,,,,
spectral_original__spectral_flow__mujoco__released_author_data__seed43,spectral_flow,mujoco,released_author_data,43,configs/models/fm_spectral_author__spectral_flow__mujoco__released_author_data.json,experiments/runs/fm_project_acquisition/sources/spectral_mean_flow/original/src_base/configs/spectral_flow/mujoco.yaml,28000,1,"[10000, 24, 14]",data/public_datasets/flow_matching/spectral_mean_flow_original_v2/released_author_data/mujoco/frozen_training_samples.npy,ca2ed5aba5828f3e229a5a081fb3d9cd756458aca97aaadef2bfb1a02c3aadb7,data/public_datasets/flow_matching/spectral_mean_flow_original_v2/released_author_data/mujoco/samples/mujoco_norm_truth_24_train.npy,1d55a16a9078d6fa1fe71ef82c050976aae57da318549b7c4e6c4e85e79cff08,2001,,1233696,experiments/runs/fm_spectral_mean_flow_original_v1/jobs/spectral_original__spectral_flow__mujoco__released_author_data__seed43,F:/aicoding/IIA_Data/experiments/spectral_mean_flow_original_v1/spectral_original__spectral_flow__mujoco__released_author_data__seed43,,pending,,,,
spectral_original__spectral_flow__mujoco__released_author_data__seed44,spectral_flow,mujoco,released_author_data,44,configs/models/fm_spectral_author__spectral_flow__mujoco__released_author_data.json,experiments/runs/fm_project_acquisition/sources/spectral_mean_flow/original/src_base/configs/spectral_flow/mujoco.yaml,28000,1,"[10000, 24, 14]",data/public_datasets/flow_matching/spectral_mean_flow_original_v2/released_author_data/mujoco/frozen_training_samples.npy,ca2ed5aba5828f3e229a5a081fb3d9cd756458aca97aaadef2bfb1a02c3aadb7,data/public_datasets/flow_matching/spectral_mean_flow_original_v2/released_author_data/mujoco/samples/mujoco_norm_truth_24_train.npy,1d55a16a9078d6fa1fe71ef82c050976aae57da318549b7c4e6c4e85e79cff08,2001,,1233696,experiments/runs/fm_spectral_mean_flow_original_v1/jobs/spectral_original__spectral_flow__mujoco__released_author_data__seed44,F:/aicoding/IIA_Data/experiments/spectral_mean_flow_original_v1/spectral_original__spectral_flow__mujoco__released_author_data__seed44,,pending,,,,
spectral_original__spectral_flow__mujoco__released_author_data__seed45,spectral_flow,mujoco,released_author_data,45,configs/models/fm_spectral_author__spectral_flow__mujoco__released_author_data.json,experiments/runs/fm_project_acquisition/sources/spectral_mean_flow/original/src_base/configs/spectral_flow/mujoco.yaml,28000,1,"[10000, 24, 14]",data/public_datasets/flow_matching/spectral_mean_flow_original_v2/released_author_data/mujoco/frozen_training_samples.npy,ca2ed5aba5828f3e229a5a081fb3d9cd756458aca97aaadef2bfb1a02c3aadb7,data/public_datasets/flow_matching/spectral_mean_flow_original_v2/released_author_data/mujoco/samples/mujoco_norm_truth_24_train.npy,1d55a16a9078d6fa1fe71ef82c050976aae57da318549b7c4e6c4e85e79cff08,2001,,1233696,experiments/runs/fm_spectral_mean_flow_original_v1/jobs/spectral_original__spectral_flow__mujoco__released_author_data__seed45,F:/aicoding/IIA_Data/experiments/spectral_mean_flow_original_v1/spectral_original__spectral_flow__mujoco__released_author_data__seed45,,pending,,,,
spectral_original__spectral_flow__mujoco__released_author_data__seed46,spectral_flow,mujoco,released_author_data,46,configs/models/fm_spectral_author__spectral_flow__mujoco__released_author_data.json,experiments/runs/fm_project_acquisition/sources/spectral_mean_flow/original/src_base/configs/spectral_flow/mujoco.yaml,28000,1,"[10000, 24, 14]",data/public_datasets/flow_matching/spectral_mean_flow_original_v2/released_author_data/mujoco/frozen_training_samples.npy,ca2ed5aba5828f3e229a5a081fb3d9cd756458aca97aaadef2bfb1a02c3aadb7,data/public_datasets/flow_matching/spectral_mean_flow_original_v2/released_author_data/mujoco/samples/mujoco_norm_truth_24_train.npy,1d55a16a9078d6fa1fe71ef82c050976aae57da318549b7c4e6c4e85e79cff08,2001,,1233696,experiments/runs/fm_spectral_mean_flow_original_v1/jobs/spectral_original__spectral_flow__mujoco__released_author_data__seed46,F:/aicoding/IIA_Data/experiments/spectral_mean_flow_original_v1/spectral_original__spectral_flow__mujoco__released_author_data__seed46,,pending,,,,
spectral_original__spectral_flow__sines__released_author_data__seed42,spectral_flow,sines,released_author_data,42,configs/models/fm_spectral_author__spectral_flow__sines__released_author_data.json,experiments/runs/fm_project_acquisition/sources/spectral_mean_flow/original/src_base/configs/spectral_flow/sines.yaml,12000,1,"[10000, 24, 5]",data/public_datasets/flow_matching/spectral_mean_flow_original_v2/released_author_data/sines/frozen_training_samples.npy,4c5be1b9ad92767708fd9f870d87add2902bb51378a0ad900721289070357700,data/public_datasets/flow_matching/spectral_mean_flow_original_v2/released_author_data/sines/samples/sine_ground_truth_24_train.npy,7d6286e6d2e3ad4b6a1d8a6bc300b9cc6963203b55a03172f4656e5b92bf376f,2001,,356736,experiments/runs/fm_spectral_mean_flow_original_v1/jobs/spectral_original__spectral_flow__sines__released_author_data__seed42,F:/aicoding/IIA_Data/experiments/spectral_mean_flow_original_v1/spectral_original__spectral_flow__sines__released_author_data__seed42,356736,pending,,,,
spectral_original__spectral_flow__sines__released_author_data__seed43,spectral_flow,sines,released_author_data,43,configs/models/fm_spectral_author__spectral_flow__sines__released_author_data.json,experiments/runs/fm_project_acquisition/sources/spectral_mean_flow/original/src_base/configs/spectral_flow/sines.yaml,12000,1,"[10000, 24, 5]",data/public_datasets/flow_matching/spectral_mean_flow_original_v2/released_author_data/sines/frozen_training_samples.npy,4c5be1b9ad92767708fd9f870d87add2902bb51378a0ad900721289070357700,data/public_datasets/flow_matching/spectral_mean_flow_original_v2/released_author_data/sines/samples/sine_ground_truth_24_train.npy,7d6286e6d2e3ad4b6a1d8a6bc300b9cc6963203b55a03172f4656e5b92bf376f,2001,,356736,experiments/runs/fm_spectral_mean_flow_original_v1/jobs/spectral_original__spectral_flow__sines__released_author_data__seed43,F:/aicoding/IIA_Data/experiments/spectral_mean_flow_original_v1/spectral_original__spectral_flow__sines__released_author_data__seed43,356736,pending,,,,
spectral_original__spectral_flow__sines__released_author_data__seed44,spectral_flow,sines,released_author_data,44,configs/models/fm_spectral_author__spectral_flow__sines__released_author_data.json,experiments/runs/fm_project_acquisition/sources/spectral_mean_flow/original/src_base/configs/spectral_flow/sines.yaml,12000,1,"[10000, 24, 5]",data/public_datasets/flow_matching/spectral_mean_flow_original_v2/released_author_data/sines/frozen_training_samples.npy,4c5be1b9ad92767708fd9f870d87add2902bb51378a0ad900721289070357700,data/public_datasets/flow_matching/spectral_mean_flow_original_v2/released_author_data/sines/samples/sine_ground_truth_24_train.npy,7d6286e6d2e3ad4b6a1d8a6bc300b9cc6963203b55a03172f4656e5b92bf376f,2001,,356736,experiments/runs/fm_spectral_mean_flow_original_v1/jobs/spectral_original__spectral_flow__sines__released_author_data__seed44,F:/aicoding/IIA_Data/experiments/spectral_mean_flow_original_v1/spectral_original__spectral_flow__sines__released_author_data__seed44,356736,pending,,,,
spectral_original__spectral_flow__sines__released_author_data__seed45,spectral_flow,sines,released_author_data,45,configs/models/fm_spectral_author__spectral_flow__sines__released_author_data.json,experiments/runs/fm_project_acquisition/sources/spectral_mean_flow/original/src_base/configs/spectral_flow/sines.yaml,12000,1,"[10000, 24, 5]",data/public_datasets/flow_matching/spectral_mean_flow_original_v2/released_author_data/sines/frozen_training_samples.npy,4c5be1b9ad92767708fd9f870d87add2902bb51378a0ad900721289070357700,data/public_datasets/flow_matching/spectral_mean_flow_original_v2/released_author_data/sines/samples/sine_ground_truth_24_train.npy,7d6286e6d2e3ad4b6a1d8a6bc300b9cc6963203b55a03172f4656e5b92bf376f,2001,,356736,experiments/runs/fm_spectral_mean_flow_original_v1/jobs/spectral_original__spectral_flow__sines__released_author_data__seed45,F:/aicoding/IIA_Data/experiments/spectral_mean_flow_original_v1/spectral_original__spectral_flow__sines__released_author_data__seed45,356736,pending,,,,
spectral_original__spectral_flow__sines__released_author_data__seed46,spectral_flow,sines,released_author_data,46,configs/models/fm_spectral_author__spectral_flow__sines__released_author_data.json,experiments/runs/fm_project_acquisition/sources/spectral_mean_flow/original/src_base/configs/spectral_flow/sines.yaml,12000,1,"[10000, 24, 5]",data/public_datasets/flow_matching/spectral_mean_flow_original_v2/released_author_data/sines/frozen_training_samples.npy,4c5be1b9ad92767708fd9f870d87add2902bb51378a0ad900721289070357700,data/public_datasets/flow_matching/spectral_mean_flow_original_v2/released_author_data/sines/samples/sine_ground_truth_24_train.npy,7d6286e6d2e3ad4b6a1d8a6bc300b9cc6963203b55a03172f4656e5b92bf376f,2001,,356736,experiments/runs/fm_spectral_mean_flow_original_v1/jobs/spectral_original__spectral_flow__sines__released_author_data__seed46,F:/aicoding/IIA_Data/experiments/spectral_mean_flow_original_v1/spectral_original__spectral_flow__sines__released_author_data__seed46,356736,pending,,,,
spectral_original__spectral_flow__sines__paper_sines_distribution__seed42,spectral_flow,sines,paper_sines_distribution,42,configs/models/fm_spectral_author__spectral_flow__sines__paper_sines_distribution.json,experiments/runs/fm_project_acquisition/sources/spectral_mean_flow/original/src_base/configs/spectral_flow/sines.yaml,12000,1,"[10000, 24, 5]",data/public_datasets/flow_matching/spectral_mean_flow_original_v2/paper_sines_distribution/sines/frozen_training_samples.npy,556e69b1ed520b736b25accc6b4f00e0fabb1bec6a906a33adabac4db57b448b,data/public_datasets/flow_matching/spectral_mean_flow_original_v2/paper_sines_distribution/sines/sine_ground_truth_24_train.npy,0548514488bd40dc5d1d1f4ce3d196d8560df35eaeaa3ddb6da5b7b11ad63e32,2001,,356736,experiments/runs/fm_spectral_mean_flow_original_v1/jobs/spectral_original__spectral_flow__sines__paper_sines_distribution__seed42,F:/aicoding/IIA_Data/experiments/spectral_mean_flow_original_v1/spectral_original__spectral_flow__sines__paper_sines_distribution__seed42,356736,pending,,,,
spectral_original__spectral_flow__sines__paper_sines_distribution__seed43,spectral_flow,sines,paper_sines_distribution,43,configs/models/fm_spectral_author__spectral_flow__sines__paper_sines_distribution.json,experiments/runs/fm_project_acquisition/sources/spectral_mean_flow/original/src_base/configs/spectral_flow/sines.yaml,12000,1,"[10000, 24, 5]",data/public_datasets/flow_matching/spectral_mean_flow_original_v2/paper_sines_distribution/sines/frozen_training_samples.npy,556e69b1ed520b736b25accc6b4f00e0fabb1bec6a906a33adabac4db57b448b,data/public_datasets/flow_matching/spectral_mean_flow_original_v2/paper_sines_distribution/sines/sine_ground_truth_24_train.npy,0548514488bd40dc5d1d1f4ce3d196d8560df35eaeaa3ddb6da5b7b11ad63e32,2001,,356736,experiments/runs/fm_spectral_mean_flow_original_v1/jobs/spectral_original__spectral_flow__sines__paper_sines_distribution__seed43,F:/aicoding/IIA_Data/experiments/spectral_mean_flow_original_v1/spectral_original__spectral_flow__sines__paper_sines_distribution__seed43,356736,pending,,,,
spectral_original__spectral_flow__sines__paper_sines_distribution__seed44,spectral_flow,sines,paper_sines_distribution,44,configs/models/fm_spectral_author__spectral_flow__sines__paper_sines_distribution.json,experiments/runs/fm_project_acquisition/sources/spectral_mean_flow/original/src_base/configs/spectral_flow/sines.yaml,12000,1,"[10000, 24, 5]",data/public_datasets/flow_matching/spectral_mean_flow_original_v2/paper_sines_distribution/sines/frozen_training_samples.npy,556e69b1ed520b736b25accc6b4f00e0fabb1bec6a906a33adabac4db57b448b,data/public_datasets/flow_matching/spectral_mean_flow_original_v2/paper_sines_distribution/sines/sine_ground_truth_24_train.npy,0548514488bd40dc5d1d1f4ce3d196d8560df35eaeaa3ddb6da5b7b11ad63e32,2001,,356736,experiments/runs/fm_spectral_mean_flow_original_v1/jobs/spectral_original__spectral_flow__sines__paper_sines_distribution__seed44,F:/aicoding/IIA_Data/experiments/spectral_mean_flow_original_v1/spectral_original__spectral_flow__sines__paper_sines_distribution__seed44,356736,pending,,,,
spectral_original__spectral_flow__sines__paper_sines_distribution__seed45,spectral_flow,sines,paper_sines_distribution,45,configs/models/fm_spectral_author__spectral_flow__sines__paper_sines_distribution.json,experiments/runs/fm_project_acquisition/sources/spectral_mean_flow/original/src_base/configs/spectral_flow/sines.yaml,12000,1,"[10000, 24, 5]",data/public_datasets/flow_matching/spectral_mean_flow_original_v2/paper_sines_distribution/sines/frozen_training_samples.npy,556e69b1ed520b736b25accc6b4f00e0fabb1bec6a906a33adabac4db57b448b,data/public_datasets/flow_matching/spectral_mean_flow_original_v2/paper_sines_distribution/sines/sine_ground_truth_24_train.npy,0548514488bd40dc5d1d1f4ce3d196d8560df35eaeaa3ddb6da5b7b11ad63e32,2001,,356736,experiments/runs/fm_spectral_mean_flow_original_v1/jobs/spectral_original__spectral_flow__sines__paper_sines_distribution__seed45,F:/aicoding/IIA_Data/experiments/spectral_mean_flow_original_v1/spectral_original__spectral_flow__sines__paper_sines_distribution__seed45,356736,pending,,,,
spectral_original__spectral_flow__sines__paper_sines_distribution__seed46,spectral_flow,sines,paper_sines_distribution,46,configs/models/fm_spectral_author__spectral_flow__sines__paper_sines_distribution.json,experiments/runs/fm_project_acquisition/sources/spectral_mean_flow/original/src_base/configs/spectral_flow/sines.yaml,12000,1,"[10000, 24, 5]",data/public_datasets/flow_matching/spectral_mean_flow_original_v2/paper_sines_distribution/sines/frozen_training_samples.npy,556e69b1ed520b736b25accc6b4f00e0fabb1bec6a906a33adabac4db57b448b,data/public_datasets/flow_matching/spectral_mean_flow_original_v2/paper_sines_distribution/sines/sine_ground_truth_24_train.npy,0548514488bd40dc5d1d1f4ce3d196d8560df35eaeaa3ddb6da5b7b11ad63e32,2001,,356736,experiments/runs/fm_spectral_mean_flow_original_v1/jobs/spectral_original__spectral_flow__sines__paper_sines_distribution__seed46,F:/aicoding/IIA_Data/experiments/spectral_mean_flow_original_v1/spectral_original__spectral_flow__sines__paper_sines_distribution__seed46,356736,pending,,,,
spectral_original__diffusion_ts__energy__released_author_data__seed42,diffusion_ts,energy,released_author_data,42,configs/models/fm_spectral_author__diffusion_ts__energy__released_author_data.json,experiments/runs/fm_project_acquisition/sources/spectral_mean_flow/original/src_base/configs/diffusion_ts/energy.yaml,25000,2,"[19712, 24, 28]",data/public_datasets/flow_matching/spectral_mean_flow_original_v2/released_author_data/energy/frozen_training_samples.npy,c4b593e66baa82bd02897af504e85dc08953f39a2ddf45153ecec624d6e804f6,data/public_datasets/flow_matching/spectral_mean_flow_original_v2/released_author_data/energy/samples/energy_norm_truth_24_train.npy,6bf3a6b45f82c8430cfd41b8f5af2ff5f713ae1567766c30d6ab5533681816e0,2001,,1139752,experiments/runs/fm_spectral_mean_flow_original_v1/jobs/spectral_original__diffusion_ts__energy__released_author_data__seed42,F:/aicoding/IIA_Data/experiments/spectral_mean_flow_original_v1/spectral_original__diffusion_ts__energy__released_author_data__seed42,1135144,pending,,,,
spectral_original__diffusion_ts__energy__released_author_data__seed43,diffusion_ts,energy,released_author_data,43,configs/models/fm_spectral_author__diffusion_ts__energy__released_author_data.json,experiments/runs/fm_project_acquisition/sources/spectral_mean_flow/original/src_base/configs/diffusion_ts/energy.yaml,25000,2,"[19712, 24, 28]",data/public_datasets/flow_matching/spectral_mean_flow_original_v2/released_author_data/energy/frozen_training_samples.npy,c4b593e66baa82bd02897af504e85dc08953f39a2ddf45153ecec624d6e804f6,data/public_datasets/flow_matching/spectral_mean_flow_original_v2/released_author_data/energy/samples/energy_norm_truth_24_train.npy,6bf3a6b45f82c8430cfd41b8f5af2ff5f713ae1567766c30d6ab5533681816e0,2001,,1139752,experiments/runs/fm_spectral_mean_flow_original_v1/jobs/spectral_original__diffusion_ts__energy__released_author_data__seed43,F:/aicoding/IIA_Data/experiments/spectral_mean_flow_original_v1/spectral_original__diffusion_ts__energy__released_author_data__seed43,1135144,pending,,,,
spectral_original__diffusion_ts__energy__released_author_data__seed44,diffusion_ts,energy,released_author_data,44,configs/models/fm_spectral_author__diffusion_ts__energy__released_author_data.json,experiments/runs/fm_project_acquisition/sources/spectral_mean_flow/original/src_base/configs/diffusion_ts/energy.yaml,25000,2,"[19712, 24, 28]",data/public_datasets/flow_matching/spectral_mean_flow_original_v2/released_author_data/energy/frozen_training_samples.npy,c4b593e66baa82bd02897af504e85dc08953f39a2ddf45153ecec624d6e804f6,data/public_datasets/flow_matching/spectral_mean_flow_original_v2/released_author_data/energy/samples/energy_norm_truth_24_train.npy,6bf3a6b45f82c8430cfd41b8f5af2ff5f713ae1567766c30d6ab5533681816e0,2001,,1139752,experiments/runs/fm_spectral_mean_flow_original_v1/jobs/spectral_original__diffusion_ts__energy__released_author_data__seed44,F:/aicoding/IIA_Data/experiments/spectral_mean_flow_original_v1/spectral_original__diffusion_ts__energy__released_author_data__seed44,1135144,pending,,,,
spectral_original__diffusion_ts__energy__released_author_data__seed45,diffusion_ts,energy,released_author_data,45,configs/models/fm_spectral_author__diffusion_ts__energy__released_author_data.json,experiments/runs/fm_project_acquisition/sources/spectral_mean_flow/original/src_base/configs/diffusion_ts/energy.yaml,25000,2,"[19712, 24, 28]",data/public_datasets/flow_matching/spectral_mean_flow_original_v2/released_author_data/energy/frozen_training_samples.npy,c4b593e66baa82bd02897af504e85dc08953f39a2ddf45153ecec624d6e804f6,data/public_datasets/flow_matching/spectral_mean_flow_original_v2/released_author_data/energy/samples/energy_norm_truth_24_train.npy,6bf3a6b45f82c8430cfd41b8f5af2ff5f713ae1567766c30d6ab5533681816e0,2001,,1139752,experiments/runs/fm_spectral_mean_flow_original_v1/jobs/spectral_original__diffusion_ts__energy__released_author_data__seed45,F:/aicoding/IIA_Data/experiments/spectral_mean_flow_original_v1/spectral_original__diffusion_ts__energy__released_author_data__seed45,1135144,pending,,,,
spectral_original__diffusion_ts__energy__released_author_data__seed46,diffusion_ts,energy,released_author_data,46,configs/models/fm_spectral_author__diffusion_ts__energy__released_author_data.json,experiments/runs/fm_project_acquisition/sources/spectral_mean_flow/original/src_base/configs/diffusion_ts/energy.yaml,25000,2,"[19712, 24, 28]",data/public_datasets/flow_matching/spectral_mean_flow_original_v2/released_author_data/energy/frozen_training_samples.npy,c4b593e66baa82bd02897af504e85dc08953f39a2ddf45153ecec624d6e804f6,data/public_datasets/flow_matching/spectral_mean_flow_original_v2/released_author_data/energy/samples/energy_norm_truth_24_train.npy,6bf3a6b45f82c8430cfd41b8f5af2ff5f713ae1567766c30d6ab5533681816e0,2001,,1139752,experiments/runs/fm_spectral_mean_flow_original_v1/jobs/spectral_original__diffusion_ts__energy__released_author_data__seed46,F:/aicoding/IIA_Data/experiments/spectral_mean_flow_original_v1/spectral_original__diffusion_ts__energy__released_author_data__seed46,1135144,pending,,,,
spectral_original__diffusion_ts__etth__released_author_data__seed42,diffusion_ts,etth,released_author_data,42,configs/models/fm_spectral_author__diffusion_ts__etth__released_author_data.json,experiments/runs/fm_project_acquisition/sources/spectral_mean_flow/original/src_base/configs/diffusion_ts/etth.yaml,18000,2,"[17397, 24, 7]",data/public_datasets/flow_matching/spectral_mean_flow_original_v2/released_author_data/etth/frozen_training_samples.npy,4f98e4dcdb2f62b21584f278e99c7c965bb2b156ce5b3544e1e8e186130b11cc,data/public_datasets/flow_matching/spectral_mean_flow_original_v2/released_author_data/etth/samples/etth_norm_truth_24_train.npy,315285190830456ba85a52c9ededec1f509fa127333c03c5f89b64a0d302b01f,2001,,353531,experiments/runs/fm_spectral_mean_flow_original_v1/jobs/spectral_original__diffusion_ts__etth__released_author_data__seed42,F:/aicoding/IIA_Data/experiments/spectral_mean_flow_original_v1/spectral_original__diffusion_ts__etth__released_author_data__seed42,,pending,,,,
spectral_original__diffusion_ts__etth__released_author_data__seed43,diffusion_ts,etth,released_author_data,43,configs/models/fm_spectral_author__diffusion_ts__etth__released_author_data.json,experiments/runs/fm_project_acquisition/sources/spectral_mean_flow/original/src_base/configs/diffusion_ts/etth.yaml,18000,2,"[17397, 24, 7]",data/public_datasets/flow_matching/spectral_mean_flow_original_v2/released_author_data/etth/frozen_training_samples.npy,4f98e4dcdb2f62b21584f278e99c7c965bb2b156ce5b3544e1e8e186130b11cc,data/public_datasets/flow_matching/spectral_mean_flow_original_v2/released_author_data/etth/samples/etth_norm_truth_24_train.npy,315285190830456ba85a52c9ededec1f509fa127333c03c5f89b64a0d302b01f,2001,,353531,experiments/runs/fm_spectral_mean_flow_original_v1/jobs/spectral_original__diffusion_ts__etth__released_author_data__seed43,F:/aicoding/IIA_Data/experiments/spectral_mean_flow_original_v1/spectral_original__diffusion_ts__etth__released_author_data__seed43,,pending,,,,
spectral_original__diffusion_ts__etth__released_author_data__seed44,diffusion_ts,etth,released_author_data,44,configs/models/fm_spectral_author__diffusion_ts__etth__released_author_data.json,experiments/runs/fm_project_acquisition/sources/spectral_mean_flow/original/src_base/configs/diffusion_ts/etth.yaml,18000,2,"[17397, 24, 7]",data/public_datasets/flow_matching/spectral_mean_flow_original_v2/released_author_data/etth/frozen_training_samples.npy,4f98e4dcdb2f62b21584f278e99c7c965bb2b156ce5b3544e1e8e186130b11cc,data/public_datasets/flow_matching/spectral_mean_flow_original_v2/released_author_data/etth/samples/etth_norm_truth_24_train.npy,315285190830456ba85a52c9ededec1f509fa127333c03c5f89b64a0d302b01f,2001,,353531,experiments/runs/fm_spectral_mean_flow_original_v1/jobs/spectral_original__diffusion_ts__etth__released_author_data__seed44,F:/aicoding/IIA_Data/experiments/spectral_mean_flow_original_v1/spectral_original__diffusion_ts__etth__released_author_data__seed44,,pending,,,,
spectral_original__diffusion_ts__etth__released_author_data__seed45,diffusion_ts,etth,released_author_data,45,configs/models/fm_spectral_author__diffusion_ts__etth__released_author_data.json,experiments/runs/fm_project_acquisition/sources/spectral_mean_flow/original/src_base/configs/diffusion_ts/etth.yaml,18000,2,"[17397, 24, 7]",data/public_datasets/flow_matching/spectral_mean_flow_original_v2/released_author_data/etth/frozen_training_samples.npy,4f98e4dcdb2f62b21584f278e99c7c965bb2b156ce5b3544e1e8e186130b11cc,data/public_datasets/flow_matching/spectral_mean_flow_original_v2/released_author_data/etth/samples/etth_norm_truth_24_train.npy,315285190830456ba85a52c9ededec1f509fa127333c03c5f89b64a0d302b01f,2001,,353531,experiments/runs/fm_spectral_mean_flow_original_v1/jobs/spectral_original__diffusion_ts__etth__released_author_data__seed45,F:/aicoding/IIA_Data/experiments/spectral_mean_flow_original_v1/spectral_original__diffusion_ts__etth__released_author_data__seed45,,pending,,,,
spectral_original__diffusion_ts__etth__released_author_data__seed46,diffusion_ts,etth,released_author_data,46,configs/models/fm_spectral_author__diffusion_ts__etth__released_author_data.json,experiments/runs/fm_project_acquisition/sources/spectral_mean_flow/original/src_base/configs/diffusion_ts/etth.yaml,18000,2,"[17397, 24, 7]",data/public_datasets/flow_matching/spectral_mean_flow_original_v2/released_author_data/etth/frozen_training_samples.npy,4f98e4dcdb2f62b21584f278e99c7c965bb2b156ce5b3544e1e8e186130b11cc,data/public_datasets/flow_matching/spectral_mean_flow_original_v2/released_author_data/etth/samples/etth_norm_truth_24_train.npy,315285190830456ba85a52c9ededec1f509fa127333c03c5f89b64a0d302b01f,2001,,353531,experiments/runs/fm_spectral_mean_flow_original_v1/jobs/spectral_original__diffusion_ts__etth__released_author_data__seed46,F:/aicoding/IIA_Data/experiments/spectral_mean_flow_original_v1/spectral_original__diffusion_ts__etth__released_author_data__seed46,,pending,,,,
spectral_original__diffusion_ts__fmri__released_author_data__seed42,diffusion_ts,fmri,released_author_data,42,configs/models/fm_spectral_author__diffusion_ts__fmri__released_author_data.json,experiments/runs/fm_project_acquisition/sources/spectral_mean_flow/original/src_base/configs/diffusion_ts/fmri.yaml,15000,2,"[9977, 24, 50]",data/public_datasets/flow_matching/spectral_mean_flow_original_v2/released_author_data/fmri/frozen_training_samples.npy,fb5bdc3146875a988ff4f7b2d554350b38876f906caa6f0def5259cd38ac37ac,data/public_datasets/flow_matching/spectral_mean_flow_original_v2/released_author_data/fmri/samples/fMRI_norm_truth_24_train.npy,8d7960f397d2d6c38814afdab187e6c83f312d2918a308aac6e682aa6c2425ec,2001,,1406098,experiments/runs/fm_spectral_mean_flow_original_v1/jobs/spectral_original__diffusion_ts__fmri__released_author_data__seed42,F:/aicoding/IIA_Data/experiments/spectral_mean_flow_original_v1/spectral_original__diffusion_ts__fmri__released_author_data__seed42,,pending,,,,
spectral_original__diffusion_ts__fmri__released_author_data__seed43,diffusion_ts,fmri,released_author_data,43,configs/models/fm_spectral_author__diffusion_ts__fmri__released_author_data.json,experiments/runs/fm_project_acquisition/sources/spectral_mean_flow/original/src_base/configs/diffusion_ts/fmri.yaml,15000,2,"[9977, 24, 50]",data/public_datasets/flow_matching/spectral_mean_flow_original_v2/released_author_data/fmri/frozen_training_samples.npy,fb5bdc3146875a988ff4f7b2d554350b38876f906caa6f0def5259cd38ac37ac,data/public_datasets/flow_matching/spectral_mean_flow_original_v2/released_author_data/fmri/samples/fMRI_norm_truth_24_train.npy,8d7960f397d2d6c38814afdab187e6c83f312d2918a308aac6e682aa6c2425ec,2001,,1406098,experiments/runs/fm_spectral_mean_flow_original_v1/jobs/spectral_original__diffusion_ts__fmri__released_author_data__seed43,F:/aicoding/IIA_Data/experiments/spectral_mean_flow_original_v1/spectral_original__diffusion_ts__fmri__released_author_data__seed43,,pending,,,,
spectral_original__diffusion_ts__fmri__released_author_data__seed44,diffusion_ts,fmri,released_author_data,44,configs/models/fm_spectral_author__diffusion_ts__fmri__released_author_data.json,experiments/runs/fm_project_acquisition/sources/spectral_mean_flow/original/src_base/configs/diffusion_ts/fmri.yaml,15000,2,"[9977, 24, 50]",data/public_datasets/flow_matching/spectral_mean_flow_original_v2/released_author_data/fmri/frozen_training_samples.npy,fb5bdc3146875a988ff4f7b2d554350b38876f906caa6f0def5259cd38ac37ac,data/public_datasets/flow_matching/spectral_mean_flow_original_v2/released_author_data/fmri/samples/fMRI_norm_truth_24_train.npy,8d7960f397d2d6c38814afdab187e6c83f312d2918a308aac6e682aa6c2425ec,2001,,1406098,experiments/runs/fm_spectral_mean_flow_original_v1/jobs/spectral_original__diffusion_ts__fmri__released_author_data__seed44,F:/aicoding/IIA_Data/experiments/spectral_mean_flow_original_v1/spectral_original__diffusion_ts__fmri__released_author_data__seed44,,pending,,,,
spectral_original__diffusion_ts__fmri__released_author_data__seed45,diffusion_ts,fmri,released_author_data,45,configs/models/fm_spectral_author__diffusion_ts__fmri__released_author_data.json,experiments/runs/fm_project_acquisition/sources/spectral_mean_flow/original/src_base/configs/diffusion_ts/fmri.yaml,15000,2,"[9977, 24, 50]",data/public_datasets/flow_matching/spectral_mean_flow_original_v2/released_author_data/fmri/frozen_training_samples.npy,fb5bdc3146875a988ff4f7b2d554350b38876f906caa6f0def5259cd38ac37ac,data/public_datasets/flow_matching/spectral_mean_flow_original_v2/released_author_data/fmri/samples/fMRI_norm_truth_24_train.npy,8d7960f397d2d6c38814afdab187e6c83f312d2918a308aac6e682aa6c2425ec,2001,,1406098,experiments/runs/fm_spectral_mean_flow_original_v1/jobs/spectral_original__diffusion_ts__fmri__released_author_data__seed45,F:/aicoding/IIA_Data/experiments/spectral_mean_flow_original_v1/spectral_original__diffusion_ts__fmri__released_author_data__seed45,,pending,,,,
spectral_original__diffusion_ts__fmri__released_author_data__seed46,diffusion_ts,fmri,released_author_data,46,configs/models/fm_spectral_author__diffusion_ts__fmri__released_author_data.json,experiments/runs/fm_project_acquisition/sources/spectral_mean_flow/original/src_base/configs/diffusion_ts/fmri.yaml,15000,2,"[9977, 24, 50]",data/public_datasets/flow_matching/spectral_mean_flow_original_v2/released_author_data/fmri/frozen_training_samples.npy,fb5bdc3146875a988ff4f7b2d554350b38876f906caa6f0def5259cd38ac37ac,data/public_datasets/flow_matching/spectral_mean_flow_original_v2/released_author_data/fmri/samples/fMRI_norm_truth_24_train.npy,8d7960f397d2d6c38814afdab187e6c83f312d2918a308aac6e682aa6c2425ec,2001,,1406098,experiments/runs/fm_spectral_mean_flow_original_v1/jobs/spectral_original__diffusion_ts__fmri__released_author_data__seed46,F:/aicoding/IIA_Data/experiments/spectral_mean_flow_original_v1/spectral_original__diffusion_ts__fmri__released_author_data__seed46,,pending,,,,
spectral_original__diffusion_ts__mujoco__released_author_data__seed42,diffusion_ts,mujoco,released_author_data,42,configs/models/fm_spectral_author__diffusion_ts__mujoco__released_author_data.json,experiments/runs/fm_project_acquisition/sources/spectral_mean_flow/original/src_base/configs/diffusion_ts/mujoco.yaml,14000,2,"[10000, 24, 14]",data/public_datasets/flow_matching/spectral_mean_flow_original_v2/released_author_data/mujoco/frozen_training_samples.npy,ca2ed5aba5828f3e229a5a081fb3d9cd756458aca97aaadef2bfb1a02c3aadb7,data/public_datasets/flow_matching/spectral_mean_flow_original_v2/released_author_data/mujoco/samples/mujoco_norm_truth_24_train.npy,1d55a16a9078d6fa1fe71ef82c050976aae57da318549b7c4e6c4e85e79cff08,2001,,360286,experiments/runs/fm_spectral_mean_flow_original_v1/jobs/spectral_original__diffusion_ts__mujoco__released_author_data__seed42,F:/aicoding/IIA_Data/experiments/spectral_mean_flow_original_v1/spectral_original__diffusion_ts__mujoco__released_author_data__seed42,,pending,,,,
spectral_original__diffusion_ts__mujoco__released_author_data__seed43,diffusion_ts,mujoco,released_author_data,43,configs/models/fm_spectral_author__diffusion_ts__mujoco__released_author_data.json,experiments/runs/fm_project_acquisition/sources/spectral_mean_flow/original/src_base/configs/diffusion_ts/mujoco.yaml,14000,2,"[10000, 24, 14]",data/public_datasets/flow_matching/spectral_mean_flow_original_v2/released_author_data/mujoco/frozen_training_samples.npy,ca2ed5aba5828f3e229a5a081fb3d9cd756458aca97aaadef2bfb1a02c3aadb7,data/public_datasets/flow_matching/spectral_mean_flow_original_v2/released_author_data/mujoco/samples/mujoco_norm_truth_24_train.npy,1d55a16a9078d6fa1fe71ef82c050976aae57da318549b7c4e6c4e85e79cff08,2001,,360286,experiments/runs/fm_spectral_mean_flow_original_v1/jobs/spectral_original__diffusion_ts__mujoco__released_author_data__seed43,F:/aicoding/IIA_Data/experiments/spectral_mean_flow_original_v1/spectral_original__diffusion_ts__mujoco__released_author_data__seed43,,pending,,,,
spectral_original__diffusion_ts__mujoco__released_author_data__seed44,diffusion_ts,mujoco,released_author_data,44,configs/models/fm_spectral_author__diffusion_ts__mujoco__released_author_data.json,experiments/runs/fm_project_acquisition/sources/spectral_mean_flow/original/src_base/configs/diffusion_ts/mujoco.yaml,14000,2,"[10000, 24, 14]",data/public_datasets/flow_matching/spectral_mean_flow_original_v2/released_author_data/mujoco/frozen_training_samples.npy,ca2ed5aba5828f3e229a5a081fb3d9cd756458aca97aaadef2bfb1a02c3aadb7,data/public_datasets/flow_matching/spectral_mean_flow_original_v2/released_author_data/mujoco/samples/mujoco_norm_truth_24_train.npy,1d55a16a9078d6fa1fe71ef82c050976aae57da318549b7c4e6c4e85e79cff08,2001,,360286,experiments/runs/fm_spectral_mean_flow_original_v1/jobs/spectral_original__diffusion_ts__mujoco__released_author_data__seed44,F:/aicoding/IIA_Data/experiments/spectral_mean_flow_original_v1/spectral_original__diffusion_ts__mujoco__released_author_data__seed44,,pending,,,,
spectral_original__diffusion_ts__mujoco__released_author_data__seed45,diffusion_ts,mujoco,released_author_data,45,configs/models/fm_spectral_author__diffusion_ts__mujoco__released_author_data.json,experiments/runs/fm_project_acquisition/sources/spectral_mean_flow/original/src_base/configs/diffusion_ts/mujoco.yaml,14000,2,"[10000, 24, 14]",data/public_datasets/flow_matching/spectral_mean_flow_original_v2/released_author_data/mujoco/frozen_training_samples.npy,ca2ed5aba5828f3e229a5a081fb3d9cd756458aca97aaadef2bfb1a02c3aadb7,data/public_datasets/flow_matching/spectral_mean_flow_original_v2/released_author_data/mujoco/samples/mujoco_norm_truth_24_train.npy,1d55a16a9078d6fa1fe71ef82c050976aae57da318549b7c4e6c4e85e79cff08,2001,,360286,experiments/runs/fm_spectral_mean_flow_original_v1/jobs/spectral_original__diffusion_ts__mujoco__released_author_data__seed45,F:/aicoding/IIA_Data/experiments/spectral_mean_flow_original_v1/spectral_original__diffusion_ts__mujoco__released_author_data__seed45,,pending,,,,
spectral_original__diffusion_ts__mujoco__released_author_data__seed46,diffusion_ts,mujoco,released_author_data,46,configs/models/fm_spectral_author__diffusion_ts__mujoco__released_author_data.json,experiments/runs/fm_project_acquisition/sources/spectral_mean_flow/original/src_base/configs/diffusion_ts/mujoco.yaml,14000,2,"[10000, 24, 14]",data/public_datasets/flow_matching/spectral_mean_flow_original_v2/released_author_data/mujoco/frozen_training_samples.npy,ca2ed5aba5828f3e229a5a081fb3d9cd756458aca97aaadef2bfb1a02c3aadb7,data/public_datasets/flow_matching/spectral_mean_flow_original_v2/released_author_data/mujoco/samples/mujoco_norm_truth_24_train.npy,1d55a16a9078d6fa1fe71ef82c050976aae57da318549b7c4e6c4e85e79cff08,2001,,360286,experiments/runs/fm_spectral_mean_flow_original_v1/jobs/spectral_original__diffusion_ts__mujoco__released_author_data__seed46,F:/aicoding/IIA_Data/experiments/spectral_mean_flow_original_v1/spectral_original__diffusion_ts__mujoco__released_author_data__seed46,,pending,,,,
spectral_original__diffusion_ts__sines__released_author_data__seed42,diffusion_ts,sines,released_author_data,42,configs/models/fm_spectral_author__diffusion_ts__sines__released_author_data.json,experiments/runs/fm_project_acquisition/sources/spectral_mean_flow/original/src_base/configs/diffusion_ts/sines.yaml,12000,2,"[10000, 24, 5]",data/public_datasets/flow_matching/spectral_mean_flow_original_v2/released_author_data/sines/frozen_training_samples.npy,4c5be1b9ad92767708fd9f870d87add2902bb51378a0ad900721289070357700,data/public_datasets/flow_matching/spectral_mean_flow_original_v2/released_author_data/sines/samples/sine_ground_truth_24_train.npy,7d6286e6d2e3ad4b6a1d8a6bc300b9cc6963203b55a03172f4656e5b92bf376f,2001,,235249,experiments/runs/fm_spectral_mean_flow_original_v1/jobs/spectral_original__diffusion_ts__sines__released_author_data__seed42,F:/aicoding/IIA_Data/experiments/spectral_mean_flow_original_v1/spectral_original__diffusion_ts__sines__released_author_data__seed42,232177,pending,,,,
spectral_original__diffusion_ts__sines__released_author_data__seed43,diffusion_ts,sines,released_author_data,43,configs/models/fm_spectral_author__diffusion_ts__sines__released_author_data.json,experiments/runs/fm_project_acquisition/sources/spectral_mean_flow/original/src_base/configs/diffusion_ts/sines.yaml,12000,2,"[10000, 24, 5]",data/public_datasets/flow_matching/spectral_mean_flow_original_v2/released_author_data/sines/frozen_training_samples.npy,4c5be1b9ad92767708fd9f870d87add2902bb51378a0ad900721289070357700,data/public_datasets/flow_matching/spectral_mean_flow_original_v2/released_author_data/sines/samples/sine_ground_truth_24_train.npy,7d6286e6d2e3ad4b6a1d8a6bc300b9cc6963203b55a03172f4656e5b92bf376f,2001,,235249,experiments/runs/fm_spectral_mean_flow_original_v1/jobs/spectral_original__diffusion_ts__sines__released_author_data__seed43,F:/aicoding/IIA_Data/experiments/spectral_mean_flow_original_v1/spectral_original__diffusion_ts__sines__released_author_data__seed43,232177,pending,,,,
spectral_original__diffusion_ts__sines__released_author_data__seed44,diffusion_ts,sines,released_author_data,44,configs/models/fm_spectral_author__diffusion_ts__sines__released_author_data.json,experiments/runs/fm_project_acquisition/sources/spectral_mean_flow/original/src_base/configs/diffusion_ts/sines.yaml,12000,2,"[10000, 24, 5]",data/public_datasets/flow_matching/spectral_mean_flow_original_v2/released_author_data/sines/frozen_training_samples.npy,4c5be1b9ad92767708fd9f870d87add2902bb51378a0ad900721289070357700,data/public_datasets/flow_matching/spectral_mean_flow_original_v2/released_author_data/sines/samples/sine_ground_truth_24_train.npy,7d6286e6d2e3ad4b6a1d8a6bc300b9cc6963203b55a03172f4656e5b92bf376f,2001,,235249,experiments/runs/fm_spectral_mean_flow_original_v1/jobs/spectral_original__diffusion_ts__sines__released_author_data__seed44,F:/aicoding/IIA_Data/experiments/spectral_mean_flow_original_v1/spectral_original__diffusion_ts__sines__released_author_data__seed44,232177,pending,,,,
spectral_original__diffusion_ts__sines__released_author_data__seed45,diffusion_ts,sines,released_author_data,45,configs/models/fm_spectral_author__diffusion_ts__sines__released_author_data.json,experiments/runs/fm_project_acquisition/sources/spectral_mean_flow/original/src_base/configs/diffusion_ts/sines.yaml,12000,2,"[10000, 24, 5]",data/public_datasets/flow_matching/spectral_mean_flow_original_v2/released_author_data/sines/frozen_training_samples.npy,4c5be1b9ad92767708fd9f870d87add2902bb51378a0ad900721289070357700,data/public_datasets/flow_matching/spectral_mean_flow_original_v2/released_author_data/sines/samples/sine_ground_truth_24_train.npy,7d6286e6d2e3ad4b6a1d8a6bc300b9cc6963203b55a03172f4656e5b92bf376f,2001,,235249,experiments/runs/fm_spectral_mean_flow_original_v1/jobs/spectral_original__diffusion_ts__sines__released_author_data__seed45,F:/aicoding/IIA_Data/experiments/spectral_mean_flow_original_v1/spectral_original__diffusion_ts__sines__released_author_data__seed45,232177,pending,,,,
spectral_original__diffusion_ts__sines__released_author_data__seed46,diffusion_ts,sines,released_author_data,46,configs/models/fm_spectral_author__diffusion_ts__sines__released_author_data.json,experiments/runs/fm_project_acquisition/sources/spectral_mean_flow/original/src_base/configs/diffusion_ts/sines.yaml,12000,2,"[10000, 24, 5]",data/public_datasets/flow_matching/spectral_mean_flow_original_v2/released_author_data/sines/frozen_training_samples.npy,4c5be1b9ad92767708fd9f870d87add2902bb51378a0ad900721289070357700,data/public_datasets/flow_matching/spectral_mean_flow_original_v2/released_author_data/sines/samples/sine_ground_truth_24_train.npy,7d6286e6d2e3ad4b6a1d8a6bc300b9cc6963203b55a03172f4656e5b92bf376f,2001,,235249,experiments/runs/fm_spectral_mean_flow_original_v1/jobs/spectral_original__diffusion_ts__sines__released_author_data__seed46,F:/aicoding/IIA_Data/experiments/spectral_mean_flow_original_v1/spectral_original__diffusion_ts__sines__released_author_data__seed46,232177,pending,,,,
spectral_original__diffusion_ts__sines__paper_sines_distribution__seed42,diffusion_ts,sines,paper_sines_distribution,42,configs/models/fm_spectral_author__diffusion_ts__sines__paper_sines_distribution.json,experiments/runs/fm_project_acquisition/sources/spectral_mean_flow/original/src_base/configs/diffusion_ts/sines.yaml,12000,2,"[10000, 24, 5]",data/public_datasets/flow_matching/spectral_mean_flow_original_v2/paper_sines_distribution/sines/frozen_training_samples.npy,556e69b1ed520b736b25accc6b4f00e0fabb1bec6a906a33adabac4db57b448b,data/public_datasets/flow_matching/spectral_mean_flow_original_v2/paper_sines_distribution/sines/sine_ground_truth_24_train.npy,0548514488bd40dc5d1d1f4ce3d196d8560df35eaeaa3ddb6da5b7b11ad63e32,2001,,235249,experiments/runs/fm_spectral_mean_flow_original_v1/jobs/spectral_original__diffusion_ts__sines__paper_sines_distribution__seed42,F:/aicoding/IIA_Data/experiments/spectral_mean_flow_original_v1/spectral_original__diffusion_ts__sines__paper_sines_distribution__seed42,232177,pending,,,,
spectral_original__diffusion_ts__sines__paper_sines_distribution__seed43,diffusion_ts,sines,paper_sines_distribution,43,configs/models/fm_spectral_author__diffusion_ts__sines__paper_sines_distribution.json,experiments/runs/fm_project_acquisition/sources/spectral_mean_flow/original/src_base/configs/diffusion_ts/sines.yaml,12000,2,"[10000, 24, 5]",data/public_datasets/flow_matching/spectral_mean_flow_original_v2/paper_sines_distribution/sines/frozen_training_samples.npy,556e69b1ed520b736b25accc6b4f00e0fabb1bec6a906a33adabac4db57b448b,data/public_datasets/flow_matching/spectral_mean_flow_original_v2/paper_sines_distribution/sines/sine_ground_truth_24_train.npy,0548514488bd40dc5d1d1f4ce3d196d8560df35eaeaa3ddb6da5b7b11ad63e32,2001,,235249,experiments/runs/fm_spectral_mean_flow_original_v1/jobs/spectral_original__diffusion_ts__sines__paper_sines_distribution__seed43,F:/aicoding/IIA_Data/experiments/spectral_mean_flow_original_v1/spectral_original__diffusion_ts__sines__paper_sines_distribution__seed43,232177,pending,,,,
spectral_original__diffusion_ts__sines__paper_sines_distribution__seed44,diffusion_ts,sines,paper_sines_distribution,44,configs/models/fm_spectral_author__diffusion_ts__sines__paper_sines_distribution.json,experiments/runs/fm_project_acquisition/sources/spectral_mean_flow/original/src_base/configs/diffusion_ts/sines.yaml,12000,2,"[10000, 24, 5]",data/public_datasets/flow_matching/spectral_mean_flow_original_v2/paper_sines_distribution/sines/frozen_training_samples.npy,556e69b1ed520b736b25accc6b4f00e0fabb1bec6a906a33adabac4db57b448b,data/public_datasets/flow_matching/spectral_mean_flow_original_v2/paper_sines_distribution/sines/sine_ground_truth_24_train.npy,0548514488bd40dc5d1d1f4ce3d196d8560df35eaeaa3ddb6da5b7b11ad63e32,2001,,235249,experiments/runs/fm_spectral_mean_flow_original_v1/jobs/spectral_original__diffusion_ts__sines__paper_sines_distribution__seed44,F:/aicoding/IIA_Data/experiments/spectral_mean_flow_original_v1/spectral_original__diffusion_ts__sines__paper_sines_distribution__seed44,232177,pending,,,,
spectral_original__diffusion_ts__sines__paper_sines_distribution__seed45,diffusion_ts,sines,paper_sines_distribution,45,configs/models/fm_spectral_author__diffusion_ts__sines__paper_sines_distribution.json,experiments/runs/fm_project_acquisition/sources/spectral_mean_flow/original/src_base/configs/diffusion_ts/sines.yaml,12000,2,"[10000, 24, 5]",data/public_datasets/flow_matching/spectral_mean_flow_original_v2/paper_sines_distribution/sines/frozen_training_samples.npy,556e69b1ed520b736b25accc6b4f00e0fabb1bec6a906a33adabac4db57b448b,data/public_datasets/flow_matching/spectral_mean_flow_original_v2/paper_sines_distribution/sines/sine_ground_truth_24_train.npy,0548514488bd40dc5d1d1f4ce3d196d8560df35eaeaa3ddb6da5b7b11ad63e32,2001,,235249,experiments/runs/fm_spectral_mean_flow_original_v1/jobs/spectral_original__diffusion_ts__sines__paper_sines_distribution__seed45,F:/aicoding/IIA_Data/experiments/spectral_mean_flow_original_v1/spectral_original__diffusion_ts__sines__paper_sines_distribution__seed45,232177,pending,,,,
spectral_original__diffusion_ts__sines__paper_sines_distribution__seed46,diffusion_ts,sines,paper_sines_distribution,46,configs/models/fm_spectral_author__diffusion_ts__sines__paper_sines_distribution.json,experiments/runs/fm_project_acquisition/sources/spectral_mean_flow/original/src_base/configs/diffusion_ts/sines.yaml,12000,2,"[10000, 24, 5]",data/public_datasets/flow_matching/spectral_mean_flow_original_v2/paper_sines_distribution/sines/frozen_training_samples.npy,556e69b1ed520b736b25accc6b4f00e0fabb1bec6a906a33adabac4db57b448b,data/public_datasets/flow_matching/spectral_mean_flow_original_v2/paper_sines_distribution/sines/sine_ground_truth_24_train.npy,0548514488bd40dc5d1d1f4ce3d196d8560df35eaeaa3ddb6da5b7b11ad63e32,2001,,235249,experiments/runs/fm_spectral_mean_flow_original_v1/jobs/spectral_original__diffusion_ts__sines__paper_sines_distribution__seed46,F:/aicoding/IIA_Data/experiments/spectral_mean_flow_original_v1/spectral_original__diffusion_ts__sines__paper_sines_distribution__seed46,232177,pending,,,,
