algorithm,recipe,dataset,score_recipe,metric,protocol,completed_seeds,required_seeds,n,mean,std,se,ci95_low,ci95_high,paper_equivalence_certified
GRASP,gnn,swan,"{""source_samples"": 5, ""flow_evaluations"": 10}",AP,paper_test_label_oracle_no_PA,2,10,2,0.41086664296965303,0.0016832903921712714,0.001190266051010469,0.39574287883499587,0.4259904071043102,False
GRASP,gnn,swan,"{""source_samples"": 5, ""flow_evaluations"": 10}",ROC,paper_test_label_oracle_no_PA,2,10,2,0.6033262687046463,0.0022889815642127696,0.00161855438606584,0.5827605852986603,0.6238919521106324,False
GRASP,gnn,swan,"{""source_samples"": 5, ""flow_evaluations"": 10}",Best_F1,paper_test_label_oracle_no_PA,2,10,2,0.4650077472782886,0.0007108785683724846,0.0005026670562963685,0.45862075674685665,0.4713947378097205,False
GRASP,gnn,swan,"{""source_samples"": 5, ""flow_evaluations"": 10}",precision,validation_only_1_percent_no_PA_control,2,10,2,0.3670786053451822,0.0009225350626033053,0.0006523307986491532,0.3587899566618337,0.3753672540285307,False
GRASP,gnn,swan,"{""source_samples"": 5, ""flow_evaluations"": 10}",recall,validation_only_1_percent_no_PA_control,2,10,2,0.5870646766169154,0.004432609673109661,0.0031343283582089265,0.5472392587871145,0.6268900944467163,False
GRASP,gnn,swan,"{""source_samples"": 5, ""flow_evaluations"": 10}",f1,validation_only_1_percent_no_PA_control,2,10,2,0.45171042887065416,0.00201063421093416,0.0014217330850372079,0.43364559721197815,0.46977526052933016,False
GRASP,gnn,smd,"{""source_samples"": 5, ""flow_evaluations"": 10}",AP,paper_test_label_oracle_no_PA,0,10,0,,,,,,False
GRASP,gnn,smd,"{""source_samples"": 5, ""flow_evaluations"": 10}",ROC,paper_test_label_oracle_no_PA,0,10,0,,,,,,False
GRASP,gnn,smd,"{""source_samples"": 5, ""flow_evaluations"": 10}",Best_F1,paper_test_label_oracle_no_PA,0,10,0,,,,,,False
GRASP,gnn,smd,"{""source_samples"": 5, ""flow_evaluations"": 10}",precision,validation_only_1_percent_no_PA_control,0,10,0,,,,,,False
GRASP,gnn,smd,"{""source_samples"": 5, ""flow_evaluations"": 10}",recall,validation_only_1_percent_no_PA_control,0,10,0,,,,,,False
GRASP,gnn,smd,"{""source_samples"": 5, ""flow_evaluations"": 10}",f1,validation_only_1_percent_no_PA_control,0,10,0,,,,,,False
GRASP,gnn,smap,"{""source_samples"": 5, ""flow_evaluations"": 10}",AP,paper_test_label_oracle_no_PA,0,10,0,,,,,,False
GRASP,gnn,smap,"{""source_samples"": 5, ""flow_evaluations"": 10}",ROC,paper_test_label_oracle_no_PA,0,10,0,,,,,,False
GRASP,gnn,smap,"{""source_samples"": 5, ""flow_evaluations"": 10}",Best_F1,paper_test_label_oracle_no_PA,0,10,0,,,,,,False
GRASP,gnn,smap,"{""source_samples"": 5, ""flow_evaluations"": 10}",precision,validation_only_1_percent_no_PA_control,0,10,0,,,,,,False
GRASP,gnn,smap,"{""source_samples"": 5, ""flow_evaluations"": 10}",recall,validation_only_1_percent_no_PA_control,0,10,0,,,,,,False
GRASP,gnn,smap,"{""source_samples"": 5, ""flow_evaluations"": 10}",f1,validation_only_1_percent_no_PA_control,0,10,0,,,,,,False
GRASP,gnn,cicids,"{""source_samples"": 5, ""flow_evaluations"": 10}",AP,paper_test_label_oracle_no_PA,0,10,0,,,,,,False
GRASP,gnn,cicids,"{""source_samples"": 5, ""flow_evaluations"": 10}",ROC,paper_test_label_oracle_no_PA,0,10,0,,,,,,False
GRASP,gnn,cicids,"{""source_samples"": 5, ""flow_evaluations"": 10}",Best_F1,paper_test_label_oracle_no_PA,0,10,0,,,,,,False
GRASP,gnn,cicids,"{""source_samples"": 5, ""flow_evaluations"": 10}",precision,validation_only_1_percent_no_PA_control,0,10,0,,,,,,False
GRASP,gnn,cicids,"{""source_samples"": 5, ""flow_evaluations"": 10}",recall,validation_only_1_percent_no_PA_control,0,10,0,,,,,,False
GRASP,gnn,cicids,"{""source_samples"": 5, ""flow_evaluations"": 10}",f1,validation_only_1_percent_no_PA_control,0,10,0,,,,,,False
GRASP,main,swan,"{""source_samples"": 5, ""flow_evaluations"": 10}",AP,paper_test_label_oracle_no_PA,1,10,1,0.5561738980633334,,,,,False
GRASP,main,swan,"{""source_samples"": 5, ""flow_evaluations"": 10}",ROC,paper_test_label_oracle_no_PA,1,10,1,0.7368711198343543,,,,,False
GRASP,main,swan,"{""source_samples"": 5, ""flow_evaluations"": 10}",Best_F1,paper_test_label_oracle_no_PA,1,10,1,0.5421809095993206,,,,,False
GRASP,main,swan,"{""source_samples"": 5, ""flow_evaluations"": 10}",precision,validation_only_1_percent_no_PA_control,1,10,1,0.3577410770194114,,,,,False
GRASP,main,swan,"{""source_samples"": 5, ""flow_evaluations"": 10}",recall,validation_only_1_percent_no_PA_control,1,10,1,0.9095522388059701,,,,,False
GRASP,main,swan,"{""source_samples"": 5, ""flow_evaluations"": 10}",f1,validation_only_1_percent_no_PA_control,1,10,1,0.5135104769394978,,,,,False
GRASP,main,swan,"{""source_samples"": 5, ""flow_evaluations"": 1}",AP,paper_test_label_oracle_no_PA,1,10,1,0.5378893109137121,,,,,False
GRASP,main,swan,"{""source_samples"": 5, ""flow_evaluations"": 1}",ROC,paper_test_label_oracle_no_PA,1,10,1,0.7285744169326777,,,,,False
GRASP,main,swan,"{""source_samples"": 5, ""flow_evaluations"": 1}",Best_F1,paper_test_label_oracle_no_PA,1,10,1,0.5395048308999038,,,,,False
GRASP,main,swan,"{""source_samples"": 5, ""flow_evaluations"": 1}",precision,validation_only_1_percent_no_PA_control,1,10,1,0.3977203954004438,,,,,False
GRASP,main,swan,"{""source_samples"": 5, ""flow_evaluations"": 1}",recall,validation_only_1_percent_no_PA_control,1,10,1,0.7846766169154229,,,,,False
GRASP,main,swan,"{""source_samples"": 5, ""flow_evaluations"": 1}",f1,validation_only_1_percent_no_PA_control,1,10,1,0.5278800455184417,,,,,False
GRASP,main,swan,"{""source_samples"": 5, ""flow_evaluations"": 2}",AP,paper_test_label_oracle_no_PA,1,10,1,0.5482415207006597,,,,,False
GRASP,main,swan,"{""source_samples"": 5, ""flow_evaluations"": 2}",ROC,paper_test_label_oracle_no_PA,1,10,1,0.7327118923686002,,,,,False
GRASP,main,swan,"{""source_samples"": 5, ""flow_evaluations"": 2}",Best_F1,paper_test_label_oracle_no_PA,1,10,1,0.5388850822091773,,,,,False
GRASP,main,swan,"{""source_samples"": 5, ""flow_evaluations"": 2}",precision,validation_only_1_percent_no_PA_control,1,10,1,0.37808880099102427,,,,,False
GRASP,main,swan,"{""source_samples"": 5, ""flow_evaluations"": 2}",recall,validation_only_1_percent_no_PA_control,1,10,1,0.8655223880597015,,,,,False
GRASP,main,swan,"{""source_samples"": 5, ""flow_evaluations"": 2}",f1,validation_only_1_percent_no_PA_control,1,10,1,0.5262807617261356,,,,,False
GRASP,main,swan,"{""source_samples"": 5, ""flow_evaluations"": 5}",AP,paper_test_label_oracle_no_PA,1,10,1,0.5533619162716881,,,,,False
GRASP,main,swan,"{""source_samples"": 5, ""flow_evaluations"": 5}",ROC,paper_test_label_oracle_no_PA,1,10,1,0.7356768019248651,,,,,False
GRASP,main,swan,"{""source_samples"": 5, ""flow_evaluations"": 5}",Best_F1,paper_test_label_oracle_no_PA,1,10,1,0.5418447249608124,,,,,False
GRASP,main,swan,"{""source_samples"": 5, ""flow_evaluations"": 5}",precision,validation_only_1_percent_no_PA_control,1,10,1,0.3624216034834019,,,,,False
GRASP,main,swan,"{""source_samples"": 5, ""flow_evaluations"": 5}",recall,validation_only_1_percent_no_PA_control,1,10,1,0.9027363184079602,,,,,False
GRASP,main,swan,"{""source_samples"": 5, ""flow_evaluations"": 5}",f1,validation_only_1_percent_no_PA_control,1,10,1,0.5172020636775646,,,,,False
GRASP,main,swan,"{""source_samples"": 5, ""flow_evaluations"": 20}",AP,paper_test_label_oracle_no_PA,1,10,1,0.5575963636729391,,,,,False
GRASP,main,swan,"{""source_samples"": 5, ""flow_evaluations"": 20}",ROC,paper_test_label_oracle_no_PA,1,10,1,0.7373685100509015,,,,,False
GRASP,main,swan,"{""source_samples"": 5, ""flow_evaluations"": 20}",Best_F1,paper_test_label_oracle_no_PA,1,10,1,0.5418686963933245,,,,,False
GRASP,main,swan,"{""source_samples"": 5, ""flow_evaluations"": 20}",precision,validation_only_1_percent_no_PA_control,1,10,1,0.355610672970721,,,,,False
GRASP,main,swan,"{""source_samples"": 5, ""flow_evaluations"": 20}",recall,validation_only_1_percent_no_PA_control,1,10,1,0.9130348258706468,,,,,False
GRASP,main,swan,"{""source_samples"": 5, ""flow_evaluations"": 20}",f1,validation_only_1_percent_no_PA_control,1,10,1,0.5118607667312814,,,,,False
GRASP,main,swan,"{""source_samples"": 5, ""flow_evaluations"": 50}",AP,paper_test_label_oracle_no_PA,1,10,1,0.5584384451122849,,,,,False
GRASP,main,swan,"{""source_samples"": 5, ""flow_evaluations"": 50}",ROC,paper_test_label_oracle_no_PA,1,10,1,0.7376089638512638,,,,,False
GRASP,main,swan,"{""source_samples"": 5, ""flow_evaluations"": 50}",Best_F1,paper_test_label_oracle_no_PA,1,10,1,0.5413715651393152,,,,,False
GRASP,main,swan,"{""source_samples"": 5, ""flow_evaluations"": 50}",precision,validation_only_1_percent_no_PA_control,1,10,1,0.35523514611960516,,,,,False
GRASP,main,swan,"{""source_samples"": 5, ""flow_evaluations"": 50}",recall,validation_only_1_percent_no_PA_control,1,10,1,0.91318407960199,,,,,False
GRASP,main,swan,"{""source_samples"": 5, ""flow_evaluations"": 50}",f1,validation_only_1_percent_no_PA_control,1,10,1,0.5114950536435837,,,,,False
GRASP,main,swan,"{""source_samples"": 1, ""flow_evaluations"": 10}",AP,paper_test_label_oracle_no_PA,1,10,1,0.556220796117356,,,,,False
GRASP,main,swan,"{""source_samples"": 1, ""flow_evaluations"": 10}",ROC,paper_test_label_oracle_no_PA,1,10,1,0.7368286750256425,,,,,False
GRASP,main,swan,"{""source_samples"": 1, ""flow_evaluations"": 10}",Best_F1,paper_test_label_oracle_no_PA,1,10,1,0.5419265546373643,,,,,False
GRASP,main,swan,"{""source_samples"": 1, ""flow_evaluations"": 10}",precision,validation_only_1_percent_no_PA_control,1,10,1,0.35855579782741076,,,,,False
GRASP,main,swan,"{""source_samples"": 1, ""flow_evaluations"": 10}",recall,validation_only_1_percent_no_PA_control,1,10,1,0.9081094527363184,,,,,False
GRASP,main,swan,"{""source_samples"": 1, ""flow_evaluations"": 10}",f1,validation_only_1_percent_no_PA_control,1,10,1,0.5141183263621897,,,,,False
GRASP,main,swan,"{""source_samples"": 2, ""flow_evaluations"": 10}",AP,paper_test_label_oracle_no_PA,1,10,1,0.5562553646880292,,,,,False
GRASP,main,swan,"{""source_samples"": 2, ""flow_evaluations"": 10}",ROC,paper_test_label_oracle_no_PA,1,10,1,0.7369307115674039,,,,,False
GRASP,main,swan,"{""source_samples"": 2, ""flow_evaluations"": 10}",Best_F1,paper_test_label_oracle_no_PA,1,10,1,0.5417495205565325,,,,,False
GRASP,main,swan,"{""source_samples"": 2, ""flow_evaluations"": 10}",precision,validation_only_1_percent_no_PA_control,1,10,1,0.357472342754388,,,,,False
GRASP,main,swan,"{""source_samples"": 2, ""flow_evaluations"": 10}",recall,validation_only_1_percent_no_PA_control,1,10,1,0.9099004975124378,,,,,False
GRASP,main,swan,"{""source_samples"": 2, ""flow_evaluations"": 10}",f1,validation_only_1_percent_no_PA_control,1,10,1,0.5132889899245039,,,,,False
GRASP,main,swan,"{""source_samples"": 10, ""flow_evaluations"": 10}",AP,paper_test_label_oracle_no_PA,1,10,1,0.5561590246981826,,,,,False
GRASP,main,swan,"{""source_samples"": 10, ""flow_evaluations"": 10}",ROC,paper_test_label_oracle_no_PA,1,10,1,0.7368587170122414,,,,,False
GRASP,main,swan,"{""source_samples"": 10, ""flow_evaluations"": 10}",Best_F1,paper_test_label_oracle_no_PA,1,10,1,0.5420001665727818,,,,,False
GRASP,main,swan,"{""source_samples"": 10, ""flow_evaluations"": 10}",precision,validation_only_1_percent_no_PA_control,1,10,1,0.35785436114209673,,,,,False
GRASP,main,swan,"{""source_samples"": 10, ""flow_evaluations"": 10}",recall,validation_only_1_percent_no_PA_control,1,10,1,0.9097512437810945,,,,,False
GRASP,main,swan,"{""source_samples"": 10, ""flow_evaluations"": 10}",f1,validation_only_1_percent_no_PA_control,1,10,1,0.5136588997036475,,,,,False
GRASP,main,swan,"{""source_samples"": 20, ""flow_evaluations"": 10}",AP,paper_test_label_oracle_no_PA,1,10,1,0.5561598252419686,,,,,False
GRASP,main,swan,"{""source_samples"": 20, ""flow_evaluations"": 10}",ROC,paper_test_label_oracle_no_PA,1,10,1,0.7368655254555738,,,,,False
GRASP,main,swan,"{""source_samples"": 20, ""flow_evaluations"": 10}",Best_F1,paper_test_label_oracle_no_PA,1,10,1,0.5419206459769905,,,,,False
GRASP,main,swan,"{""source_samples"": 20, ""flow_evaluations"": 10}",precision,validation_only_1_percent_no_PA_control,1,10,1,0.35803581925774974,,,,,False
GRASP,main,swan,"{""source_samples"": 20, ""flow_evaluations"": 10}",recall,validation_only_1_percent_no_PA_control,1,10,1,0.9090547263681592,,,,,False
GRASP,main,swan,"{""source_samples"": 20, ""flow_evaluations"": 10}",f1,validation_only_1_percent_no_PA_control,1,10,1,0.5137346416622149,,,,,False
GRASP,main,smd,"{""source_samples"": 5, ""flow_evaluations"": 10}",AP,paper_test_label_oracle_no_PA,0,10,0,,,,,,False
GRASP,main,smd,"{""source_samples"": 5, ""flow_evaluations"": 10}",ROC,paper_test_label_oracle_no_PA,0,10,0,,,,,,False
GRASP,main,smd,"{""source_samples"": 5, ""flow_evaluations"": 10}",Best_F1,paper_test_label_oracle_no_PA,0,10,0,,,,,,False
GRASP,main,smd,"{""source_samples"": 5, ""flow_evaluations"": 10}",precision,validation_only_1_percent_no_PA_control,0,10,0,,,,,,False
GRASP,main,smd,"{""source_samples"": 5, ""flow_evaluations"": 10}",recall,validation_only_1_percent_no_PA_control,0,10,0,,,,,,False
GRASP,main,smd,"{""source_samples"": 5, ""flow_evaluations"": 10}",f1,validation_only_1_percent_no_PA_control,0,10,0,,,,,,False
GRASP,main,smd,"{""source_samples"": 5, ""flow_evaluations"": 1}",AP,paper_test_label_oracle_no_PA,0,10,0,,,,,,False
GRASP,main,smd,"{""source_samples"": 5, ""flow_evaluations"": 1}",ROC,paper_test_label_oracle_no_PA,0,10,0,,,,,,False
GRASP,main,smd,"{""source_samples"": 5, ""flow_evaluations"": 1}",Best_F1,paper_test_label_oracle_no_PA,0,10,0,,,,,,False
GRASP,main,smd,"{""source_samples"": 5, ""flow_evaluations"": 1}",precision,validation_only_1_percent_no_PA_control,0,10,0,,,,,,False
GRASP,main,smd,"{""source_samples"": 5, ""flow_evaluations"": 1}",recall,validation_only_1_percent_no_PA_control,0,10,0,,,,,,False
GRASP,main,smd,"{""source_samples"": 5, ""flow_evaluations"": 1}",f1,validation_only_1_percent_no_PA_control,0,10,0,,,,,,False
GRASP,main,smd,"{""source_samples"": 5, ""flow_evaluations"": 2}",AP,paper_test_label_oracle_no_PA,0,10,0,,,,,,False
GRASP,main,smd,"{""source_samples"": 5, ""flow_evaluations"": 2}",ROC,paper_test_label_oracle_no_PA,0,10,0,,,,,,False
GRASP,main,smd,"{""source_samples"": 5, ""flow_evaluations"": 2}",Best_F1,paper_test_label_oracle_no_PA,0,10,0,,,,,,False
GRASP,main,smd,"{""source_samples"": 5, ""flow_evaluations"": 2}",precision,validation_only_1_percent_no_PA_control,0,10,0,,,,,,False
GRASP,main,smd,"{""source_samples"": 5, ""flow_evaluations"": 2}",recall,validation_only_1_percent_no_PA_control,0,10,0,,,,,,False
GRASP,main,smd,"{""source_samples"": 5, ""flow_evaluations"": 2}",f1,validation_only_1_percent_no_PA_control,0,10,0,,,,,,False
GRASP,main,smd,"{""source_samples"": 5, ""flow_evaluations"": 5}",AP,paper_test_label_oracle_no_PA,0,10,0,,,,,,False
GRASP,main,smd,"{""source_samples"": 5, ""flow_evaluations"": 5}",ROC,paper_test_label_oracle_no_PA,0,10,0,,,,,,False
GRASP,main,smd,"{""source_samples"": 5, ""flow_evaluations"": 5}",Best_F1,paper_test_label_oracle_no_PA,0,10,0,,,,,,False
GRASP,main,smd,"{""source_samples"": 5, ""flow_evaluations"": 5}",precision,validation_only_1_percent_no_PA_control,0,10,0,,,,,,False
GRASP,main,smd,"{""source_samples"": 5, ""flow_evaluations"": 5}",recall,validation_only_1_percent_no_PA_control,0,10,0,,,,,,False
GRASP,main,smd,"{""source_samples"": 5, ""flow_evaluations"": 5}",f1,validation_only_1_percent_no_PA_control,0,10,0,,,,,,False
GRASP,main,smd,"{""source_samples"": 5, ""flow_evaluations"": 20}",AP,paper_test_label_oracle_no_PA,0,10,0,,,,,,False
GRASP,main,smd,"{""source_samples"": 5, ""flow_evaluations"": 20}",ROC,paper_test_label_oracle_no_PA,0,10,0,,,,,,False
GRASP,main,smd,"{""source_samples"": 5, ""flow_evaluations"": 20}",Best_F1,paper_test_label_oracle_no_PA,0,10,0,,,,,,False
GRASP,main,smd,"{""source_samples"": 5, ""flow_evaluations"": 20}",precision,validation_only_1_percent_no_PA_control,0,10,0,,,,,,False
GRASP,main,smd,"{""source_samples"": 5, ""flow_evaluations"": 20}",recall,validation_only_1_percent_no_PA_control,0,10,0,,,,,,False
GRASP,main,smd,"{""source_samples"": 5, ""flow_evaluations"": 20}",f1,validation_only_1_percent_no_PA_control,0,10,0,,,,,,False
GRASP,main,smd,"{""source_samples"": 5, ""flow_evaluations"": 50}",AP,paper_test_label_oracle_no_PA,0,10,0,,,,,,False
GRASP,main,smd,"{""source_samples"": 5, ""flow_evaluations"": 50}",ROC,paper_test_label_oracle_no_PA,0,10,0,,,,,,False
GRASP,main,smd,"{""source_samples"": 5, ""flow_evaluations"": 50}",Best_F1,paper_test_label_oracle_no_PA,0,10,0,,,,,,False
GRASP,main,smd,"{""source_samples"": 5, ""flow_evaluations"": 50}",precision,validation_only_1_percent_no_PA_control,0,10,0,,,,,,False
GRASP,main,smd,"{""source_samples"": 5, ""flow_evaluations"": 50}",recall,validation_only_1_percent_no_PA_control,0,10,0,,,,,,False
GRASP,main,smd,"{""source_samples"": 5, ""flow_evaluations"": 50}",f1,validation_only_1_percent_no_PA_control,0,10,0,,,,,,False
GRASP,main,smd,"{""source_samples"": 1, ""flow_evaluations"": 10}",AP,paper_test_label_oracle_no_PA,0,10,0,,,,,,False
GRASP,main,smd,"{""source_samples"": 1, ""flow_evaluations"": 10}",ROC,paper_test_label_oracle_no_PA,0,10,0,,,,,,False
GRASP,main,smd,"{""source_samples"": 1, ""flow_evaluations"": 10}",Best_F1,paper_test_label_oracle_no_PA,0,10,0,,,,,,False
GRASP,main,smd,"{""source_samples"": 1, ""flow_evaluations"": 10}",precision,validation_only_1_percent_no_PA_control,0,10,0,,,,,,False
GRASP,main,smd,"{""source_samples"": 1, ""flow_evaluations"": 10}",recall,validation_only_1_percent_no_PA_control,0,10,0,,,,,,False
GRASP,main,smd,"{""source_samples"": 1, ""flow_evaluations"": 10}",f1,validation_only_1_percent_no_PA_control,0,10,0,,,,,,False
GRASP,main,smd,"{""source_samples"": 2, ""flow_evaluations"": 10}",AP,paper_test_label_oracle_no_PA,0,10,0,,,,,,False
GRASP,main,smd,"{""source_samples"": 2, ""flow_evaluations"": 10}",ROC,paper_test_label_oracle_no_PA,0,10,0,,,,,,False
GRASP,main,smd,"{""source_samples"": 2, ""flow_evaluations"": 10}",Best_F1,paper_test_label_oracle_no_PA,0,10,0,,,,,,False
GRASP,main,smd,"{""source_samples"": 2, ""flow_evaluations"": 10}",precision,validation_only_1_percent_no_PA_control,0,10,0,,,,,,False
GRASP,main,smd,"{""source_samples"": 2, ""flow_evaluations"": 10}",recall,validation_only_1_percent_no_PA_control,0,10,0,,,,,,False
GRASP,main,smd,"{""source_samples"": 2, ""flow_evaluations"": 10}",f1,validation_only_1_percent_no_PA_control,0,10,0,,,,,,False
GRASP,main,smd,"{""source_samples"": 10, ""flow_evaluations"": 10}",AP,paper_test_label_oracle_no_PA,0,10,0,,,,,,False
GRASP,main,smd,"{""source_samples"": 10, ""flow_evaluations"": 10}",ROC,paper_test_label_oracle_no_PA,0,10,0,,,,,,False
GRASP,main,smd,"{""source_samples"": 10, ""flow_evaluations"": 10}",Best_F1,paper_test_label_oracle_no_PA,0,10,0,,,,,,False
GRASP,main,smd,"{""source_samples"": 10, ""flow_evaluations"": 10}",precision,validation_only_1_percent_no_PA_control,0,10,0,,,,,,False
GRASP,main,smd,"{""source_samples"": 10, ""flow_evaluations"": 10}",recall,validation_only_1_percent_no_PA_control,0,10,0,,,,,,False
GRASP,main,smd,"{""source_samples"": 10, ""flow_evaluations"": 10}",f1,validation_only_1_percent_no_PA_control,0,10,0,,,,,,False
GRASP,main,smd,"{""source_samples"": 20, ""flow_evaluations"": 10}",AP,paper_test_label_oracle_no_PA,0,10,0,,,,,,False
GRASP,main,smd,"{""source_samples"": 20, ""flow_evaluations"": 10}",ROC,paper_test_label_oracle_no_PA,0,10,0,,,,,,False
GRASP,main,smd,"{""source_samples"": 20, ""flow_evaluations"": 10}",Best_F1,paper_test_label_oracle_no_PA,0,10,0,,,,,,False
GRASP,main,smd,"{""source_samples"": 20, ""flow_evaluations"": 10}",precision,validation_only_1_percent_no_PA_control,0,10,0,,,,,,False
GRASP,main,smd,"{""source_samples"": 20, ""flow_evaluations"": 10}",recall,validation_only_1_percent_no_PA_control,0,10,0,,,,,,False
GRASP,main,smd,"{""source_samples"": 20, ""flow_evaluations"": 10}",f1,validation_only_1_percent_no_PA_control,0,10,0,,,,,,False
GRASP,main,smap,"{""source_samples"": 5, ""flow_evaluations"": 10}",AP,paper_test_label_oracle_no_PA,0,10,0,,,,,,False
GRASP,main,smap,"{""source_samples"": 5, ""flow_evaluations"": 10}",ROC,paper_test_label_oracle_no_PA,0,10,0,,,,,,False
GRASP,main,smap,"{""source_samples"": 5, ""flow_evaluations"": 10}",Best_F1,paper_test_label_oracle_no_PA,0,10,0,,,,,,False
GRASP,main,smap,"{""source_samples"": 5, ""flow_evaluations"": 10}",precision,validation_only_1_percent_no_PA_control,0,10,0,,,,,,False
GRASP,main,smap,"{""source_samples"": 5, ""flow_evaluations"": 10}",recall,validation_only_1_percent_no_PA_control,0,10,0,,,,,,False
GRASP,main,smap,"{""source_samples"": 5, ""flow_evaluations"": 10}",f1,validation_only_1_percent_no_PA_control,0,10,0,,,,,,False
GRASP,main,smap,"{""source_samples"": 5, ""flow_evaluations"": 1}",AP,paper_test_label_oracle_no_PA,0,10,0,,,,,,False
GRASP,main,smap,"{""source_samples"": 5, ""flow_evaluations"": 1}",ROC,paper_test_label_oracle_no_PA,0,10,0,,,,,,False
GRASP,main,smap,"{""source_samples"": 5, ""flow_evaluations"": 1}",Best_F1,paper_test_label_oracle_no_PA,0,10,0,,,,,,False
GRASP,main,smap,"{""source_samples"": 5, ""flow_evaluations"": 1}",precision,validation_only_1_percent_no_PA_control,0,10,0,,,,,,False
GRASP,main,smap,"{""source_samples"": 5, ""flow_evaluations"": 1}",recall,validation_only_1_percent_no_PA_control,0,10,0,,,,,,False
GRASP,main,smap,"{""source_samples"": 5, ""flow_evaluations"": 1}",f1,validation_only_1_percent_no_PA_control,0,10,0,,,,,,False
GRASP,main,smap,"{""source_samples"": 5, ""flow_evaluations"": 2}",AP,paper_test_label_oracle_no_PA,0,10,0,,,,,,False
GRASP,main,smap,"{""source_samples"": 5, ""flow_evaluations"": 2}",ROC,paper_test_label_oracle_no_PA,0,10,0,,,,,,False
GRASP,main,smap,"{""source_samples"": 5, ""flow_evaluations"": 2}",Best_F1,paper_test_label_oracle_no_PA,0,10,0,,,,,,False
GRASP,main,smap,"{""source_samples"": 5, ""flow_evaluations"": 2}",precision,validation_only_1_percent_no_PA_control,0,10,0,,,,,,False
GRASP,main,smap,"{""source_samples"": 5, ""flow_evaluations"": 2}",recall,validation_only_1_percent_no_PA_control,0,10,0,,,,,,False
GRASP,main,smap,"{""source_samples"": 5, ""flow_evaluations"": 2}",f1,validation_only_1_percent_no_PA_control,0,10,0,,,,,,False
GRASP,main,smap,"{""source_samples"": 5, ""flow_evaluations"": 5}",AP,paper_test_label_oracle_no_PA,0,10,0,,,,,,False
GRASP,main,smap,"{""source_samples"": 5, ""flow_evaluations"": 5}",ROC,paper_test_label_oracle_no_PA,0,10,0,,,,,,False
GRASP,main,smap,"{""source_samples"": 5, ""flow_evaluations"": 5}",Best_F1,paper_test_label_oracle_no_PA,0,10,0,,,,,,False
GRASP,main,smap,"{""source_samples"": 5, ""flow_evaluations"": 5}",precision,validation_only_1_percent_no_PA_control,0,10,0,,,,,,False
GRASP,main,smap,"{""source_samples"": 5, ""flow_evaluations"": 5}",recall,validation_only_1_percent_no_PA_control,0,10,0,,,,,,False
GRASP,main,smap,"{""source_samples"": 5, ""flow_evaluations"": 5}",f1,validation_only_1_percent_no_PA_control,0,10,0,,,,,,False
GRASP,main,smap,"{""source_samples"": 5, ""flow_evaluations"": 20}",AP,paper_test_label_oracle_no_PA,0,10,0,,,,,,False
GRASP,main,smap,"{""source_samples"": 5, ""flow_evaluations"": 20}",ROC,paper_test_label_oracle_no_PA,0,10,0,,,,,,False
GRASP,main,smap,"{""source_samples"": 5, ""flow_evaluations"": 20}",Best_F1,paper_test_label_oracle_no_PA,0,10,0,,,,,,False
GRASP,main,smap,"{""source_samples"": 5, ""flow_evaluations"": 20}",precision,validation_only_1_percent_no_PA_control,0,10,0,,,,,,False
GRASP,main,smap,"{""source_samples"": 5, ""flow_evaluations"": 20}",recall,validation_only_1_percent_no_PA_control,0,10,0,,,,,,False
GRASP,main,smap,"{""source_samples"": 5, ""flow_evaluations"": 20}",f1,validation_only_1_percent_no_PA_control,0,10,0,,,,,,False
GRASP,main,smap,"{""source_samples"": 5, ""flow_evaluations"": 50}",AP,paper_test_label_oracle_no_PA,0,10,0,,,,,,False
GRASP,main,smap,"{""source_samples"": 5, ""flow_evaluations"": 50}",ROC,paper_test_label_oracle_no_PA,0,10,0,,,,,,False
GRASP,main,smap,"{""source_samples"": 5, ""flow_evaluations"": 50}",Best_F1,paper_test_label_oracle_no_PA,0,10,0,,,,,,False
GRASP,main,smap,"{""source_samples"": 5, ""flow_evaluations"": 50}",precision,validation_only_1_percent_no_PA_control,0,10,0,,,,,,False
GRASP,main,smap,"{""source_samples"": 5, ""flow_evaluations"": 50}",recall,validation_only_1_percent_no_PA_control,0,10,0,,,,,,False
GRASP,main,smap,"{""source_samples"": 5, ""flow_evaluations"": 50}",f1,validation_only_1_percent_no_PA_control,0,10,0,,,,,,False
GRASP,main,smap,"{""source_samples"": 1, ""flow_evaluations"": 10}",AP,paper_test_label_oracle_no_PA,0,10,0,,,,,,False
GRASP,main,smap,"{""source_samples"": 1, ""flow_evaluations"": 10}",ROC,paper_test_label_oracle_no_PA,0,10,0,,,,,,False
GRASP,main,smap,"{""source_samples"": 1, ""flow_evaluations"": 10}",Best_F1,paper_test_label_oracle_no_PA,0,10,0,,,,,,False
GRASP,main,smap,"{""source_samples"": 1, ""flow_evaluations"": 10}",precision,validation_only_1_percent_no_PA_control,0,10,0,,,,,,False
GRASP,main,smap,"{""source_samples"": 1, ""flow_evaluations"": 10}",recall,validation_only_1_percent_no_PA_control,0,10,0,,,,,,False
GRASP,main,smap,"{""source_samples"": 1, ""flow_evaluations"": 10}",f1,validation_only_1_percent_no_PA_control,0,10,0,,,,,,False
GRASP,main,smap,"{""source_samples"": 2, ""flow_evaluations"": 10}",AP,paper_test_label_oracle_no_PA,0,10,0,,,,,,False
GRASP,main,smap,"{""source_samples"": 2, ""flow_evaluations"": 10}",ROC,paper_test_label_oracle_no_PA,0,10,0,,,,,,False
GRASP,main,smap,"{""source_samples"": 2, ""flow_evaluations"": 10}",Best_F1,paper_test_label_oracle_no_PA,0,10,0,,,,,,False
GRASP,main,smap,"{""source_samples"": 2, ""flow_evaluations"": 10}",precision,validation_only_1_percent_no_PA_control,0,10,0,,,,,,False
GRASP,main,smap,"{""source_samples"": 2, ""flow_evaluations"": 10}",recall,validation_only_1_percent_no_PA_control,0,10,0,,,,,,False
GRASP,main,smap,"{""source_samples"": 2, ""flow_evaluations"": 10}",f1,validation_only_1_percent_no_PA_control,0,10,0,,,,,,False
GRASP,main,smap,"{""source_samples"": 10, ""flow_evaluations"": 10}",AP,paper_test_label_oracle_no_PA,0,10,0,,,,,,False
GRASP,main,smap,"{""source_samples"": 10, ""flow_evaluations"": 10}",ROC,paper_test_label_oracle_no_PA,0,10,0,,,,,,False
GRASP,main,smap,"{""source_samples"": 10, ""flow_evaluations"": 10}",Best_F1,paper_test_label_oracle_no_PA,0,10,0,,,,,,False
GRASP,main,smap,"{""source_samples"": 10, ""flow_evaluations"": 10}",precision,validation_only_1_percent_no_PA_control,0,10,0,,,,,,False
GRASP,main,smap,"{""source_samples"": 10, ""flow_evaluations"": 10}",recall,validation_only_1_percent_no_PA_control,0,10,0,,,,,,False
GRASP,main,smap,"{""source_samples"": 10, ""flow_evaluations"": 10}",f1,validation_only_1_percent_no_PA_control,0,10,0,,,,,,False
GRASP,main,smap,"{""source_samples"": 20, ""flow_evaluations"": 10}",AP,paper_test_label_oracle_no_PA,0,10,0,,,,,,False
GRASP,main,smap,"{""source_samples"": 20, ""flow_evaluations"": 10}",ROC,paper_test_label_oracle_no_PA,0,10,0,,,,,,False
GRASP,main,smap,"{""source_samples"": 20, ""flow_evaluations"": 10}",Best_F1,paper_test_label_oracle_no_PA,0,10,0,,,,,,False
GRASP,main,smap,"{""source_samples"": 20, ""flow_evaluations"": 10}",precision,validation_only_1_percent_no_PA_control,0,10,0,,,,,,False
GRASP,main,smap,"{""source_samples"": 20, ""flow_evaluations"": 10}",recall,validation_only_1_percent_no_PA_control,0,10,0,,,,,,False
GRASP,main,smap,"{""source_samples"": 20, ""flow_evaluations"": 10}",f1,validation_only_1_percent_no_PA_control,0,10,0,,,,,,False
GRASP,main,cicids,"{""source_samples"": 5, ""flow_evaluations"": 10}",AP,paper_test_label_oracle_no_PA,0,10,0,,,,,,False
GRASP,main,cicids,"{""source_samples"": 5, ""flow_evaluations"": 10}",ROC,paper_test_label_oracle_no_PA,0,10,0,,,,,,False
GRASP,main,cicids,"{""source_samples"": 5, ""flow_evaluations"": 10}",Best_F1,paper_test_label_oracle_no_PA,0,10,0,,,,,,False
GRASP,main,cicids,"{""source_samples"": 5, ""flow_evaluations"": 10}",precision,validation_only_1_percent_no_PA_control,0,10,0,,,,,,False
GRASP,main,cicids,"{""source_samples"": 5, ""flow_evaluations"": 10}",recall,validation_only_1_percent_no_PA_control,0,10,0,,,,,,False
GRASP,main,cicids,"{""source_samples"": 5, ""flow_evaluations"": 10}",f1,validation_only_1_percent_no_PA_control,0,10,0,,,,,,False
GRASP,main,cicids,"{""source_samples"": 5, ""flow_evaluations"": 1}",AP,paper_test_label_oracle_no_PA,0,10,0,,,,,,False
GRASP,main,cicids,"{""source_samples"": 5, ""flow_evaluations"": 1}",ROC,paper_test_label_oracle_no_PA,0,10,0,,,,,,False
GRASP,main,cicids,"{""source_samples"": 5, ""flow_evaluations"": 1}",Best_F1,paper_test_label_oracle_no_PA,0,10,0,,,,,,False
GRASP,main,cicids,"{""source_samples"": 5, ""flow_evaluations"": 1}",precision,validation_only_1_percent_no_PA_control,0,10,0,,,,,,False
GRASP,main,cicids,"{""source_samples"": 5, ""flow_evaluations"": 1}",recall,validation_only_1_percent_no_PA_control,0,10,0,,,,,,False
GRASP,main,cicids,"{""source_samples"": 5, ""flow_evaluations"": 1}",f1,validation_only_1_percent_no_PA_control,0,10,0,,,,,,False
GRASP,main,cicids,"{""source_samples"": 5, ""flow_evaluations"": 2}",AP,paper_test_label_oracle_no_PA,0,10,0,,,,,,False
GRASP,main,cicids,"{""source_samples"": 5, ""flow_evaluations"": 2}",ROC,paper_test_label_oracle_no_PA,0,10,0,,,,,,False
GRASP,main,cicids,"{""source_samples"": 5, ""flow_evaluations"": 2}",Best_F1,paper_test_label_oracle_no_PA,0,10,0,,,,,,False
GRASP,main,cicids,"{""source_samples"": 5, ""flow_evaluations"": 2}",precision,validation_only_1_percent_no_PA_control,0,10,0,,,,,,False
GRASP,main,cicids,"{""source_samples"": 5, ""flow_evaluations"": 2}",recall,validation_only_1_percent_no_PA_control,0,10,0,,,,,,False
GRASP,main,cicids,"{""source_samples"": 5, ""flow_evaluations"": 2}",f1,validation_only_1_percent_no_PA_control,0,10,0,,,,,,False
GRASP,main,cicids,"{""source_samples"": 5, ""flow_evaluations"": 5}",AP,paper_test_label_oracle_no_PA,0,10,0,,,,,,False
GRASP,main,cicids,"{""source_samples"": 5, ""flow_evaluations"": 5}",ROC,paper_test_label_oracle_no_PA,0,10,0,,,,,,False
GRASP,main,cicids,"{""source_samples"": 5, ""flow_evaluations"": 5}",Best_F1,paper_test_label_oracle_no_PA,0,10,0,,,,,,False
GRASP,main,cicids,"{""source_samples"": 5, ""flow_evaluations"": 5}",precision,validation_only_1_percent_no_PA_control,0,10,0,,,,,,False
GRASP,main,cicids,"{""source_samples"": 5, ""flow_evaluations"": 5}",recall,validation_only_1_percent_no_PA_control,0,10,0,,,,,,False
GRASP,main,cicids,"{""source_samples"": 5, ""flow_evaluations"": 5}",f1,validation_only_1_percent_no_PA_control,0,10,0,,,,,,False
GRASP,main,cicids,"{""source_samples"": 5, ""flow_evaluations"": 20}",AP,paper_test_label_oracle_no_PA,0,10,0,,,,,,False
GRASP,main,cicids,"{""source_samples"": 5, ""flow_evaluations"": 20}",ROC,paper_test_label_oracle_no_PA,0,10,0,,,,,,False
GRASP,main,cicids,"{""source_samples"": 5, ""flow_evaluations"": 20}",Best_F1,paper_test_label_oracle_no_PA,0,10,0,,,,,,False
GRASP,main,cicids,"{""source_samples"": 5, ""flow_evaluations"": 20}",precision,validation_only_1_percent_no_PA_control,0,10,0,,,,,,False
GRASP,main,cicids,"{""source_samples"": 5, ""flow_evaluations"": 20}",recall,validation_only_1_percent_no_PA_control,0,10,0,,,,,,False
GRASP,main,cicids,"{""source_samples"": 5, ""flow_evaluations"": 20}",f1,validation_only_1_percent_no_PA_control,0,10,0,,,,,,False
GRASP,main,cicids,"{""source_samples"": 5, ""flow_evaluations"": 50}",AP,paper_test_label_oracle_no_PA,0,10,0,,,,,,False
GRASP,main,cicids,"{""source_samples"": 5, ""flow_evaluations"": 50}",ROC,paper_test_label_oracle_no_PA,0,10,0,,,,,,False
GRASP,main,cicids,"{""source_samples"": 5, ""flow_evaluations"": 50}",Best_F1,paper_test_label_oracle_no_PA,0,10,0,,,,,,False
GRASP,main,cicids,"{""source_samples"": 5, ""flow_evaluations"": 50}",precision,validation_only_1_percent_no_PA_control,0,10,0,,,,,,False
GRASP,main,cicids,"{""source_samples"": 5, ""flow_evaluations"": 50}",recall,validation_only_1_percent_no_PA_control,0,10,0,,,,,,False
GRASP,main,cicids,"{""source_samples"": 5, ""flow_evaluations"": 50}",f1,validation_only_1_percent_no_PA_control,0,10,0,,,,,,False
GRASP,main,cicids,"{""source_samples"": 1, ""flow_evaluations"": 10}",AP,paper_test_label_oracle_no_PA,0,10,0,,,,,,False
GRASP,main,cicids,"{""source_samples"": 1, ""flow_evaluations"": 10}",ROC,paper_test_label_oracle_no_PA,0,10,0,,,,,,False
GRASP,main,cicids,"{""source_samples"": 1, ""flow_evaluations"": 10}",Best_F1,paper_test_label_oracle_no_PA,0,10,0,,,,,,False
GRASP,main,cicids,"{""source_samples"": 1, ""flow_evaluations"": 10}",precision,validation_only_1_percent_no_PA_control,0,10,0,,,,,,False
GRASP,main,cicids,"{""source_samples"": 1, ""flow_evaluations"": 10}",recall,validation_only_1_percent_no_PA_control,0,10,0,,,,,,False
GRASP,main,cicids,"{""source_samples"": 1, ""flow_evaluations"": 10}",f1,validation_only_1_percent_no_PA_control,0,10,0,,,,,,False
GRASP,main,cicids,"{""source_samples"": 2, ""flow_evaluations"": 10}",AP,paper_test_label_oracle_no_PA,0,10,0,,,,,,False
GRASP,main,cicids,"{""source_samples"": 2, ""flow_evaluations"": 10}",ROC,paper_test_label_oracle_no_PA,0,10,0,,,,,,False
GRASP,main,cicids,"{""source_samples"": 2, ""flow_evaluations"": 10}",Best_F1,paper_test_label_oracle_no_PA,0,10,0,,,,,,False
GRASP,main,cicids,"{""source_samples"": 2, ""flow_evaluations"": 10}",precision,validation_only_1_percent_no_PA_control,0,10,0,,,,,,False
GRASP,main,cicids,"{""source_samples"": 2, ""flow_evaluations"": 10}",recall,validation_only_1_percent_no_PA_control,0,10,0,,,,,,False
GRASP,main,cicids,"{""source_samples"": 2, ""flow_evaluations"": 10}",f1,validation_only_1_percent_no_PA_control,0,10,0,,,,,,False
GRASP,main,cicids,"{""source_samples"": 10, ""flow_evaluations"": 10}",AP,paper_test_label_oracle_no_PA,0,10,0,,,,,,False
GRASP,main,cicids,"{""source_samples"": 10, ""flow_evaluations"": 10}",ROC,paper_test_label_oracle_no_PA,0,10,0,,,,,,False
GRASP,main,cicids,"{""source_samples"": 10, ""flow_evaluations"": 10}",Best_F1,paper_test_label_oracle_no_PA,0,10,0,,,,,,False
GRASP,main,cicids,"{""source_samples"": 10, ""flow_evaluations"": 10}",precision,validation_only_1_percent_no_PA_control,0,10,0,,,,,,False
GRASP,main,cicids,"{""source_samples"": 10, ""flow_evaluations"": 10}",recall,validation_only_1_percent_no_PA_control,0,10,0,,,,,,False
GRASP,main,cicids,"{""source_samples"": 10, ""flow_evaluations"": 10}",f1,validation_only_1_percent_no_PA_control,0,10,0,,,,,,False
GRASP,main,cicids,"{""source_samples"": 20, ""flow_evaluations"": 10}",AP,paper_test_label_oracle_no_PA,0,10,0,,,,,,False
GRASP,main,cicids,"{""source_samples"": 20, ""flow_evaluations"": 10}",ROC,paper_test_label_oracle_no_PA,0,10,0,,,,,,False
GRASP,main,cicids,"{""source_samples"": 20, ""flow_evaluations"": 10}",Best_F1,paper_test_label_oracle_no_PA,0,10,0,,,,,,False
GRASP,main,cicids,"{""source_samples"": 20, ""flow_evaluations"": 10}",precision,validation_only_1_percent_no_PA_control,0,10,0,,,,,,False
GRASP,main,cicids,"{""source_samples"": 20, ""flow_evaluations"": 10}",recall,validation_only_1_percent_no_PA_control,0,10,0,,,,,,False
GRASP,main,cicids,"{""source_samples"": 20, ""flow_evaluations"": 10}",f1,validation_only_1_percent_no_PA_control,0,10,0,,,,,,False
GRASP,transformer,swan,"{""source_samples"": 5, ""flow_evaluations"": 10}",AP,paper_test_label_oracle_no_PA,0,10,0,,,,,,False
GRASP,transformer,swan,"{""source_samples"": 5, ""flow_evaluations"": 10}",ROC,paper_test_label_oracle_no_PA,0,10,0,,,,,,False
GRASP,transformer,swan,"{""source_samples"": 5, ""flow_evaluations"": 10}",Best_F1,paper_test_label_oracle_no_PA,0,10,0,,,,,,False
GRASP,transformer,swan,"{""source_samples"": 5, ""flow_evaluations"": 10}",precision,validation_only_1_percent_no_PA_control,0,10,0,,,,,,False
GRASP,transformer,swan,"{""source_samples"": 5, ""flow_evaluations"": 10}",recall,validation_only_1_percent_no_PA_control,0,10,0,,,,,,False
GRASP,transformer,swan,"{""source_samples"": 5, ""flow_evaluations"": 10}",f1,validation_only_1_percent_no_PA_control,0,10,0,,,,,,False
GRASP,transformer,smd,"{""source_samples"": 5, ""flow_evaluations"": 10}",AP,paper_test_label_oracle_no_PA,0,10,0,,,,,,False
GRASP,transformer,smd,"{""source_samples"": 5, ""flow_evaluations"": 10}",ROC,paper_test_label_oracle_no_PA,0,10,0,,,,,,False
GRASP,transformer,smd,"{""source_samples"": 5, ""flow_evaluations"": 10}",Best_F1,paper_test_label_oracle_no_PA,0,10,0,,,,,,False
GRASP,transformer,smd,"{""source_samples"": 5, ""flow_evaluations"": 10}",precision,validation_only_1_percent_no_PA_control,0,10,0,,,,,,False
GRASP,transformer,smd,"{""source_samples"": 5, ""flow_evaluations"": 10}",recall,validation_only_1_percent_no_PA_control,0,10,0,,,,,,False
GRASP,transformer,smd,"{""source_samples"": 5, ""flow_evaluations"": 10}",f1,validation_only_1_percent_no_PA_control,0,10,0,,,,,,False
GRASP,transformer,smap,"{""source_samples"": 5, ""flow_evaluations"": 10}",AP,paper_test_label_oracle_no_PA,0,10,0,,,,,,False
GRASP,transformer,smap,"{""source_samples"": 5, ""flow_evaluations"": 10}",ROC,paper_test_label_oracle_no_PA,0,10,0,,,,,,False
GRASP,transformer,smap,"{""source_samples"": 5, ""flow_evaluations"": 10}",Best_F1,paper_test_label_oracle_no_PA,0,10,0,,,,,,False
GRASP,transformer,smap,"{""source_samples"": 5, ""flow_evaluations"": 10}",precision,validation_only_1_percent_no_PA_control,0,10,0,,,,,,False
GRASP,transformer,smap,"{""source_samples"": 5, ""flow_evaluations"": 10}",recall,validation_only_1_percent_no_PA_control,0,10,0,,,,,,False
GRASP,transformer,smap,"{""source_samples"": 5, ""flow_evaluations"": 10}",f1,validation_only_1_percent_no_PA_control,0,10,0,,,,,,False
GRASP,transformer,cicids,"{""source_samples"": 5, ""flow_evaluations"": 10}",AP,paper_test_label_oracle_no_PA,0,10,0,,,,,,False
GRASP,transformer,cicids,"{""source_samples"": 5, ""flow_evaluations"": 10}",ROC,paper_test_label_oracle_no_PA,0,10,0,,,,,,False
GRASP,transformer,cicids,"{""source_samples"": 5, ""flow_evaluations"": 10}",Best_F1,paper_test_label_oracle_no_PA,0,10,0,,,,,,False
GRASP,transformer,cicids,"{""source_samples"": 5, ""flow_evaluations"": 10}",precision,validation_only_1_percent_no_PA_control,0,10,0,,,,,,False
GRASP,transformer,cicids,"{""source_samples"": 5, ""flow_evaluations"": 10}",recall,validation_only_1_percent_no_PA_control,0,10,0,,,,,,False
GRASP,transformer,cicids,"{""source_samples"": 5, ""flow_evaluations"": 10}",f1,validation_only_1_percent_no_PA_control,0,10,0,,,,,,False
GRASP,mean,swan,"{""source_samples"": 5, ""flow_evaluations"": 10}",AP,paper_test_label_oracle_no_PA,1,10,1,0.5082205856268546,,,,,False
GRASP,mean,swan,"{""source_samples"": 5, ""flow_evaluations"": 10}",ROC,paper_test_label_oracle_no_PA,1,10,1,0.6815555133772372,,,,,False
GRASP,mean,swan,"{""source_samples"": 5, ""flow_evaluations"": 10}",Best_F1,paper_test_label_oracle_no_PA,1,10,1,0.49500875233098257,,,,,False
GRASP,mean,swan,"{""source_samples"": 5, ""flow_evaluations"": 10}",precision,validation_only_1_percent_no_PA_control,1,10,1,0.3653125148308101,,,,,False
GRASP,mean,swan,"{""source_samples"": 5, ""flow_evaluations"": 10}",recall,validation_only_1_percent_no_PA_control,1,10,1,0.7659203980099503,,,,,False
GRASP,mean,swan,"{""source_samples"": 5, ""flow_evaluations"": 10}",f1,validation_only_1_percent_no_PA_control,1,10,1,0.4946820474920472,,,,,False
GRASP,mean,smd,"{""source_samples"": 5, ""flow_evaluations"": 10}",AP,paper_test_label_oracle_no_PA,0,10,0,,,,,,False
GRASP,mean,smd,"{""source_samples"": 5, ""flow_evaluations"": 10}",ROC,paper_test_label_oracle_no_PA,0,10,0,,,,,,False
GRASP,mean,smd,"{""source_samples"": 5, ""flow_evaluations"": 10}",Best_F1,paper_test_label_oracle_no_PA,0,10,0,,,,,,False
GRASP,mean,smd,"{""source_samples"": 5, ""flow_evaluations"": 10}",precision,validation_only_1_percent_no_PA_control,0,10,0,,,,,,False
GRASP,mean,smd,"{""source_samples"": 5, ""flow_evaluations"": 10}",recall,validation_only_1_percent_no_PA_control,0,10,0,,,,,,False
GRASP,mean,smd,"{""source_samples"": 5, ""flow_evaluations"": 10}",f1,validation_only_1_percent_no_PA_control,0,10,0,,,,,,False
GRASP,mean,smap,"{""source_samples"": 5, ""flow_evaluations"": 10}",AP,paper_test_label_oracle_no_PA,0,10,0,,,,,,False
GRASP,mean,smap,"{""source_samples"": 5, ""flow_evaluations"": 10}",ROC,paper_test_label_oracle_no_PA,0,10,0,,,,,,False
GRASP,mean,smap,"{""source_samples"": 5, ""flow_evaluations"": 10}",Best_F1,paper_test_label_oracle_no_PA,0,10,0,,,,,,False
GRASP,mean,smap,"{""source_samples"": 5, ""flow_evaluations"": 10}",precision,validation_only_1_percent_no_PA_control,0,10,0,,,,,,False
GRASP,mean,smap,"{""source_samples"": 5, ""flow_evaluations"": 10}",recall,validation_only_1_percent_no_PA_control,0,10,0,,,,,,False
GRASP,mean,smap,"{""source_samples"": 5, ""flow_evaluations"": 10}",f1,validation_only_1_percent_no_PA_control,0,10,0,,,,,,False
GRASP,mean,cicids,"{""source_samples"": 5, ""flow_evaluations"": 10}",AP,paper_test_label_oracle_no_PA,0,10,0,,,,,,False
GRASP,mean,cicids,"{""source_samples"": 5, ""flow_evaluations"": 10}",ROC,paper_test_label_oracle_no_PA,0,10,0,,,,,,False
GRASP,mean,cicids,"{""source_samples"": 5, ""flow_evaluations"": 10}",Best_F1,paper_test_label_oracle_no_PA,0,10,0,,,,,,False
GRASP,mean,cicids,"{""source_samples"": 5, ""flow_evaluations"": 10}",precision,validation_only_1_percent_no_PA_control,0,10,0,,,,,,False
GRASP,mean,cicids,"{""source_samples"": 5, ""flow_evaluations"": 10}",recall,validation_only_1_percent_no_PA_control,0,10,0,,,,,,False
GRASP,mean,cicids,"{""source_samples"": 5, ""flow_evaluations"": 10}",f1,validation_only_1_percent_no_PA_control,0,10,0,,,,,,False
GRASP,er,swan,"{""source_samples"": 5, ""flow_evaluations"": 10}",AP,paper_test_label_oracle_no_PA,1,10,1,0.5227724180914376,,,,,False
GRASP,er,swan,"{""source_samples"": 5, ""flow_evaluations"": 10}",ROC,paper_test_label_oracle_no_PA,1,10,1,0.6968221992158667,,,,,False
GRASP,er,swan,"{""source_samples"": 5, ""flow_evaluations"": 10}",Best_F1,paper_test_label_oracle_no_PA,1,10,1,0.5111948665456033,,,,,False
GRASP,er,swan,"{""source_samples"": 5, ""flow_evaluations"": 10}",precision,validation_only_1_percent_no_PA_control,1,10,1,0.37578054765896446,,,,,False
GRASP,er,swan,"{""source_samples"": 5, ""flow_evaluations"": 10}",recall,validation_only_1_percent_no_PA_control,1,10,1,0.7694527363184079,,,,,False
GRASP,er,swan,"{""source_samples"": 5, ""flow_evaluations"": 10}",f1,validation_only_1_percent_no_PA_control,1,10,1,0.5049545358081525,,,,,False
GRASP,er,smd,"{""source_samples"": 5, ""flow_evaluations"": 10}",AP,paper_test_label_oracle_no_PA,0,10,0,,,,,,False
GRASP,er,smd,"{""source_samples"": 5, ""flow_evaluations"": 10}",ROC,paper_test_label_oracle_no_PA,0,10,0,,,,,,False
GRASP,er,smd,"{""source_samples"": 5, ""flow_evaluations"": 10}",Best_F1,paper_test_label_oracle_no_PA,0,10,0,,,,,,False
GRASP,er,smd,"{""source_samples"": 5, ""flow_evaluations"": 10}",precision,validation_only_1_percent_no_PA_control,0,10,0,,,,,,False
GRASP,er,smd,"{""source_samples"": 5, ""flow_evaluations"": 10}",recall,validation_only_1_percent_no_PA_control,0,10,0,,,,,,False
GRASP,er,smd,"{""source_samples"": 5, ""flow_evaluations"": 10}",f1,validation_only_1_percent_no_PA_control,0,10,0,,,,,,False
GRASP,er,smap,"{""source_samples"": 5, ""flow_evaluations"": 10}",AP,paper_test_label_oracle_no_PA,0,10,0,,,,,,False
GRASP,er,smap,"{""source_samples"": 5, ""flow_evaluations"": 10}",ROC,paper_test_label_oracle_no_PA,0,10,0,,,,,,False
GRASP,er,smap,"{""source_samples"": 5, ""flow_evaluations"": 10}",Best_F1,paper_test_label_oracle_no_PA,0,10,0,,,,,,False
GRASP,er,smap,"{""source_samples"": 5, ""flow_evaluations"": 10}",precision,validation_only_1_percent_no_PA_control,0,10,0,,,,,,False
GRASP,er,smap,"{""source_samples"": 5, ""flow_evaluations"": 10}",recall,validation_only_1_percent_no_PA_control,0,10,0,,,,,,False
GRASP,er,smap,"{""source_samples"": 5, ""flow_evaluations"": 10}",f1,validation_only_1_percent_no_PA_control,0,10,0,,,,,,False
GRASP,er,cicids,"{""source_samples"": 5, ""flow_evaluations"": 10}",AP,paper_test_label_oracle_no_PA,0,10,0,,,,,,False
GRASP,er,cicids,"{""source_samples"": 5, ""flow_evaluations"": 10}",ROC,paper_test_label_oracle_no_PA,0,10,0,,,,,,False
GRASP,er,cicids,"{""source_samples"": 5, ""flow_evaluations"": 10}",Best_F1,paper_test_label_oracle_no_PA,0,10,0,,,,,,False
GRASP,er,cicids,"{""source_samples"": 5, ""flow_evaluations"": 10}",precision,validation_only_1_percent_no_PA_control,0,10,0,,,,,,False
GRASP,er,cicids,"{""source_samples"": 5, ""flow_evaluations"": 10}",recall,validation_only_1_percent_no_PA_control,0,10,0,,,,,,False
GRASP,er,cicids,"{""source_samples"": 5, ""flow_evaluations"": 10}",f1,validation_only_1_percent_no_PA_control,0,10,0,,,,,,False
GRASP,lin,swan,"{""source_samples"": 5, ""flow_evaluations"": 10}",AP,paper_test_label_oracle_no_PA,1,10,1,0.5294639469418696,,,,,False
GRASP,lin,swan,"{""source_samples"": 5, ""flow_evaluations"": 10}",ROC,paper_test_label_oracle_no_PA,1,10,1,0.7261230887949462,,,,,False
GRASP,lin,swan,"{""source_samples"": 5, ""flow_evaluations"": 10}",Best_F1,paper_test_label_oracle_no_PA,1,10,1,0.5434632072154923,,,,,False
GRASP,lin,swan,"{""source_samples"": 5, ""flow_evaluations"": 10}",precision,validation_only_1_percent_no_PA_control,1,10,1,0.39855344495332484,,,,,False
GRASP,lin,swan,"{""source_samples"": 5, ""flow_evaluations"": 10}",recall,validation_only_1_percent_no_PA_control,1,10,1,0.7922885572139303,,,,,False
GRASP,lin,swan,"{""source_samples"": 5, ""flow_evaluations"": 10}",f1,validation_only_1_percent_no_PA_control,1,10,1,0.5303295202890588,,,,,False
GRASP,lin,smd,"{""source_samples"": 5, ""flow_evaluations"": 10}",AP,paper_test_label_oracle_no_PA,0,10,0,,,,,,False
GRASP,lin,smd,"{""source_samples"": 5, ""flow_evaluations"": 10}",ROC,paper_test_label_oracle_no_PA,0,10,0,,,,,,False
GRASP,lin,smd,"{""source_samples"": 5, ""flow_evaluations"": 10}",Best_F1,paper_test_label_oracle_no_PA,0,10,0,,,,,,False
GRASP,lin,smd,"{""source_samples"": 5, ""flow_evaluations"": 10}",precision,validation_only_1_percent_no_PA_control,0,10,0,,,,,,False
GRASP,lin,smd,"{""source_samples"": 5, ""flow_evaluations"": 10}",recall,validation_only_1_percent_no_PA_control,0,10,0,,,,,,False
GRASP,lin,smd,"{""source_samples"": 5, ""flow_evaluations"": 10}",f1,validation_only_1_percent_no_PA_control,0,10,0,,,,,,False
GRASP,lin,smap,"{""source_samples"": 5, ""flow_evaluations"": 10}",AP,paper_test_label_oracle_no_PA,0,10,0,,,,,,False
GRASP,lin,smap,"{""source_samples"": 5, ""flow_evaluations"": 10}",ROC,paper_test_label_oracle_no_PA,0,10,0,,,,,,False
GRASP,lin,smap,"{""source_samples"": 5, ""flow_evaluations"": 10}",Best_F1,paper_test_label_oracle_no_PA,0,10,0,,,,,,False
GRASP,lin,smap,"{""source_samples"": 5, ""flow_evaluations"": 10}",precision,validation_only_1_percent_no_PA_control,0,10,0,,,,,,False
GRASP,lin,smap,"{""source_samples"": 5, ""flow_evaluations"": 10}",recall,validation_only_1_percent_no_PA_control,0,10,0,,,,,,False
GRASP,lin,smap,"{""source_samples"": 5, ""flow_evaluations"": 10}",f1,validation_only_1_percent_no_PA_control,0,10,0,,,,,,False
GRASP,lin,cicids,"{""source_samples"": 5, ""flow_evaluations"": 10}",AP,paper_test_label_oracle_no_PA,0,10,0,,,,,,False
GRASP,lin,cicids,"{""source_samples"": 5, ""flow_evaluations"": 10}",ROC,paper_test_label_oracle_no_PA,0,10,0,,,,,,False
GRASP,lin,cicids,"{""source_samples"": 5, ""flow_evaluations"": 10}",Best_F1,paper_test_label_oracle_no_PA,0,10,0,,,,,,False
GRASP,lin,cicids,"{""source_samples"": 5, ""flow_evaluations"": 10}",precision,validation_only_1_percent_no_PA_control,0,10,0,,,,,,False
GRASP,lin,cicids,"{""source_samples"": 5, ""flow_evaluations"": 10}",recall,validation_only_1_percent_no_PA_control,0,10,0,,,,,,False
GRASP,lin,cicids,"{""source_samples"": 5, ""flow_evaluations"": 10}",f1,validation_only_1_percent_no_PA_control,0,10,0,,,,,,False
GRASP,tau_0,swan,"{""source_samples"": 5, ""flow_evaluations"": 10}",AP,paper_test_label_oracle_no_PA,1,10,1,0.5213382119247435,,,,,False
GRASP,tau_0,swan,"{""source_samples"": 5, ""flow_evaluations"": 10}",ROC,paper_test_label_oracle_no_PA,1,10,1,0.7271889272328147,,,,,False
GRASP,tau_0,swan,"{""source_samples"": 5, ""flow_evaluations"": 10}",Best_F1,paper_test_label_oracle_no_PA,1,10,1,0.5429175574112106,,,,,False
GRASP,tau_0,swan,"{""source_samples"": 5, ""flow_evaluations"": 10}",precision,validation_only_1_percent_no_PA_control,1,10,1,0.395109023009276,,,,,False
GRASP,tau_0,swan,"{""source_samples"": 5, ""flow_evaluations"": 10}",recall,validation_only_1_percent_no_PA_control,1,10,1,0.8158706467661692,,,,,False
GRASP,tau_0,swan,"{""source_samples"": 5, ""flow_evaluations"": 10}",f1,validation_only_1_percent_no_PA_control,1,10,1,0.5323918513107703,,,,,False
GRASP,tau_0,smd,"{""source_samples"": 5, ""flow_evaluations"": 10}",AP,paper_test_label_oracle_no_PA,0,10,0,,,,,,False
GRASP,tau_0,smd,"{""source_samples"": 5, ""flow_evaluations"": 10}",ROC,paper_test_label_oracle_no_PA,0,10,0,,,,,,False
GRASP,tau_0,smd,"{""source_samples"": 5, ""flow_evaluations"": 10}",Best_F1,paper_test_label_oracle_no_PA,0,10,0,,,,,,False
GRASP,tau_0,smd,"{""source_samples"": 5, ""flow_evaluations"": 10}",precision,validation_only_1_percent_no_PA_control,0,10,0,,,,,,False
GRASP,tau_0,smd,"{""source_samples"": 5, ""flow_evaluations"": 10}",recall,validation_only_1_percent_no_PA_control,0,10,0,,,,,,False
GRASP,tau_0,smd,"{""source_samples"": 5, ""flow_evaluations"": 10}",f1,validation_only_1_percent_no_PA_control,0,10,0,,,,,,False
GRASP,tau_0,smap,"{""source_samples"": 5, ""flow_evaluations"": 10}",AP,paper_test_label_oracle_no_PA,0,10,0,,,,,,False
GRASP,tau_0,smap,"{""source_samples"": 5, ""flow_evaluations"": 10}",ROC,paper_test_label_oracle_no_PA,0,10,0,,,,,,False
GRASP,tau_0,smap,"{""source_samples"": 5, ""flow_evaluations"": 10}",Best_F1,paper_test_label_oracle_no_PA,0,10,0,,,,,,False
GRASP,tau_0,smap,"{""source_samples"": 5, ""flow_evaluations"": 10}",precision,validation_only_1_percent_no_PA_control,0,10,0,,,,,,False
GRASP,tau_0,smap,"{""source_samples"": 5, ""flow_evaluations"": 10}",recall,validation_only_1_percent_no_PA_control,0,10,0,,,,,,False
GRASP,tau_0,smap,"{""source_samples"": 5, ""flow_evaluations"": 10}",f1,validation_only_1_percent_no_PA_control,0,10,0,,,,,,False
GRASP,tau_0,cicids,"{""source_samples"": 5, ""flow_evaluations"": 10}",AP,paper_test_label_oracle_no_PA,0,10,0,,,,,,False
GRASP,tau_0,cicids,"{""source_samples"": 5, ""flow_evaluations"": 10}",ROC,paper_test_label_oracle_no_PA,0,10,0,,,,,,False
GRASP,tau_0,cicids,"{""source_samples"": 5, ""flow_evaluations"": 10}",Best_F1,paper_test_label_oracle_no_PA,0,10,0,,,,,,False
GRASP,tau_0,cicids,"{""source_samples"": 5, ""flow_evaluations"": 10}",precision,validation_only_1_percent_no_PA_control,0,10,0,,,,,,False
GRASP,tau_0,cicids,"{""source_samples"": 5, ""flow_evaluations"": 10}",recall,validation_only_1_percent_no_PA_control,0,10,0,,,,,,False
GRASP,tau_0,cicids,"{""source_samples"": 5, ""flow_evaluations"": 10}",f1,validation_only_1_percent_no_PA_control,0,10,0,,,,,,False
GRASP,tau_0p25,swan,"{""source_samples"": 5, ""flow_evaluations"": 10}",AP,paper_test_label_oracle_no_PA,0,10,0,,,,,,False
GRASP,tau_0p25,swan,"{""source_samples"": 5, ""flow_evaluations"": 10}",ROC,paper_test_label_oracle_no_PA,0,10,0,,,,,,False
GRASP,tau_0p25,swan,"{""source_samples"": 5, ""flow_evaluations"": 10}",Best_F1,paper_test_label_oracle_no_PA,0,10,0,,,,,,False
GRASP,tau_0p25,swan,"{""source_samples"": 5, ""flow_evaluations"": 10}",precision,validation_only_1_percent_no_PA_control,0,10,0,,,,,,False
GRASP,tau_0p25,swan,"{""source_samples"": 5, ""flow_evaluations"": 10}",recall,validation_only_1_percent_no_PA_control,0,10,0,,,,,,False
GRASP,tau_0p25,swan,"{""source_samples"": 5, ""flow_evaluations"": 10}",f1,validation_only_1_percent_no_PA_control,0,10,0,,,,,,False
GRASP,tau_0p25,smd,"{""source_samples"": 5, ""flow_evaluations"": 10}",AP,paper_test_label_oracle_no_PA,0,10,0,,,,,,False
GRASP,tau_0p25,smd,"{""source_samples"": 5, ""flow_evaluations"": 10}",ROC,paper_test_label_oracle_no_PA,0,10,0,,,,,,False
GRASP,tau_0p25,smd,"{""source_samples"": 5, ""flow_evaluations"": 10}",Best_F1,paper_test_label_oracle_no_PA,0,10,0,,,,,,False
GRASP,tau_0p25,smd,"{""source_samples"": 5, ""flow_evaluations"": 10}",precision,validation_only_1_percent_no_PA_control,0,10,0,,,,,,False
GRASP,tau_0p25,smd,"{""source_samples"": 5, ""flow_evaluations"": 10}",recall,validation_only_1_percent_no_PA_control,0,10,0,,,,,,False
GRASP,tau_0p25,smd,"{""source_samples"": 5, ""flow_evaluations"": 10}",f1,validation_only_1_percent_no_PA_control,0,10,0,,,,,,False
GRASP,tau_0p25,smap,"{""source_samples"": 5, ""flow_evaluations"": 10}",AP,paper_test_label_oracle_no_PA,0,10,0,,,,,,False
GRASP,tau_0p25,smap,"{""source_samples"": 5, ""flow_evaluations"": 10}",ROC,paper_test_label_oracle_no_PA,0,10,0,,,,,,False
GRASP,tau_0p25,smap,"{""source_samples"": 5, ""flow_evaluations"": 10}",Best_F1,paper_test_label_oracle_no_PA,0,10,0,,,,,,False
GRASP,tau_0p25,smap,"{""source_samples"": 5, ""flow_evaluations"": 10}",precision,validation_only_1_percent_no_PA_control,0,10,0,,,,,,False
GRASP,tau_0p25,smap,"{""source_samples"": 5, ""flow_evaluations"": 10}",recall,validation_only_1_percent_no_PA_control,0,10,0,,,,,,False
GRASP,tau_0p25,smap,"{""source_samples"": 5, ""flow_evaluations"": 10}",f1,validation_only_1_percent_no_PA_control,0,10,0,,,,,,False
GRASP,tau_0p25,cicids,"{""source_samples"": 5, ""flow_evaluations"": 10}",AP,paper_test_label_oracle_no_PA,0,10,0,,,,,,False
GRASP,tau_0p25,cicids,"{""source_samples"": 5, ""flow_evaluations"": 10}",ROC,paper_test_label_oracle_no_PA,0,10,0,,,,,,False
GRASP,tau_0p25,cicids,"{""source_samples"": 5, ""flow_evaluations"": 10}",Best_F1,paper_test_label_oracle_no_PA,0,10,0,,,,,,False
GRASP,tau_0p25,cicids,"{""source_samples"": 5, ""flow_evaluations"": 10}",precision,validation_only_1_percent_no_PA_control,0,10,0,,,,,,False
GRASP,tau_0p25,cicids,"{""source_samples"": 5, ""flow_evaluations"": 10}",recall,validation_only_1_percent_no_PA_control,0,10,0,,,,,,False
GRASP,tau_0p25,cicids,"{""source_samples"": 5, ""flow_evaluations"": 10}",f1,validation_only_1_percent_no_PA_control,0,10,0,,,,,,False
GRASP,tau_0p5,swan,"{""source_samples"": 5, ""flow_evaluations"": 10}",AP,paper_test_label_oracle_no_PA,1,10,1,0.5365253965958705,,,,,False
GRASP,tau_0p5,swan,"{""source_samples"": 5, ""flow_evaluations"": 10}",ROC,paper_test_label_oracle_no_PA,1,10,1,0.7228386391740718,,,,,False
GRASP,tau_0p5,swan,"{""source_samples"": 5, ""flow_evaluations"": 10}",Best_F1,paper_test_label_oracle_no_PA,1,10,1,0.5316586268380964,,,,,False
GRASP,tau_0p5,swan,"{""source_samples"": 5, ""flow_evaluations"": 10}",precision,validation_only_1_percent_no_PA_control,1,10,1,0.38857882003497257,,,,,False
GRASP,tau_0p5,swan,"{""source_samples"": 5, ""flow_evaluations"": 10}",recall,validation_only_1_percent_no_PA_control,1,10,1,0.8070646766169154,,,,,False
GRASP,tau_0p5,swan,"{""source_samples"": 5, ""flow_evaluations"": 10}",f1,validation_only_1_percent_no_PA_control,1,10,1,0.5245848626449141,,,,,False
GRASP,tau_0p5,smd,"{""source_samples"": 5, ""flow_evaluations"": 10}",AP,paper_test_label_oracle_no_PA,0,10,0,,,,,,False
GRASP,tau_0p5,smd,"{""source_samples"": 5, ""flow_evaluations"": 10}",ROC,paper_test_label_oracle_no_PA,0,10,0,,,,,,False
GRASP,tau_0p5,smd,"{""source_samples"": 5, ""flow_evaluations"": 10}",Best_F1,paper_test_label_oracle_no_PA,0,10,0,,,,,,False
GRASP,tau_0p5,smd,"{""source_samples"": 5, ""flow_evaluations"": 10}",precision,validation_only_1_percent_no_PA_control,0,10,0,,,,,,False
GRASP,tau_0p5,smd,"{""source_samples"": 5, ""flow_evaluations"": 10}",recall,validation_only_1_percent_no_PA_control,0,10,0,,,,,,False
GRASP,tau_0p5,smd,"{""source_samples"": 5, ""flow_evaluations"": 10}",f1,validation_only_1_percent_no_PA_control,0,10,0,,,,,,False
GRASP,tau_0p5,smap,"{""source_samples"": 5, ""flow_evaluations"": 10}",AP,paper_test_label_oracle_no_PA,0,10,0,,,,,,False
GRASP,tau_0p5,smap,"{""source_samples"": 5, ""flow_evaluations"": 10}",ROC,paper_test_label_oracle_no_PA,0,10,0,,,,,,False
GRASP,tau_0p5,smap,"{""source_samples"": 5, ""flow_evaluations"": 10}",Best_F1,paper_test_label_oracle_no_PA,0,10,0,,,,,,False
GRASP,tau_0p5,smap,"{""source_samples"": 5, ""flow_evaluations"": 10}",precision,validation_only_1_percent_no_PA_control,0,10,0,,,,,,False
GRASP,tau_0p5,smap,"{""source_samples"": 5, ""flow_evaluations"": 10}",recall,validation_only_1_percent_no_PA_control,0,10,0,,,,,,False
GRASP,tau_0p5,smap,"{""source_samples"": 5, ""flow_evaluations"": 10}",f1,validation_only_1_percent_no_PA_control,0,10,0,,,,,,False
GRASP,tau_0p5,cicids,"{""source_samples"": 5, ""flow_evaluations"": 10}",AP,paper_test_label_oracle_no_PA,0,10,0,,,,,,False
GRASP,tau_0p5,cicids,"{""source_samples"": 5, ""flow_evaluations"": 10}",ROC,paper_test_label_oracle_no_PA,0,10,0,,,,,,False
GRASP,tau_0p5,cicids,"{""source_samples"": 5, ""flow_evaluations"": 10}",Best_F1,paper_test_label_oracle_no_PA,0,10,0,,,,,,False
GRASP,tau_0p5,cicids,"{""source_samples"": 5, ""flow_evaluations"": 10}",precision,validation_only_1_percent_no_PA_control,0,10,0,,,,,,False
GRASP,tau_0p5,cicids,"{""source_samples"": 5, ""flow_evaluations"": 10}",recall,validation_only_1_percent_no_PA_control,0,10,0,,,,,,False
GRASP,tau_0p5,cicids,"{""source_samples"": 5, ""flow_evaluations"": 10}",f1,validation_only_1_percent_no_PA_control,0,10,0,,,,,,False
GRASP,tau_1,swan,"{""source_samples"": 5, ""flow_evaluations"": 10}",AP,paper_test_label_oracle_no_PA,1,10,1,0.5365589752038928,,,,,False
GRASP,tau_1,swan,"{""source_samples"": 5, ""flow_evaluations"": 10}",ROC,paper_test_label_oracle_no_PA,1,10,1,0.7307928493371294,,,,,False
GRASP,tau_1,swan,"{""source_samples"": 5, ""flow_evaluations"": 10}",Best_F1,paper_test_label_oracle_no_PA,1,10,1,0.5413884865520378,,,,,False
GRASP,tau_1,swan,"{""source_samples"": 5, ""flow_evaluations"": 10}",precision,validation_only_1_percent_no_PA_control,1,10,1,0.3726746413520072,,,,,False
GRASP,tau_1,swan,"{""source_samples"": 5, ""flow_evaluations"": 10}",recall,validation_only_1_percent_no_PA_control,1,10,1,0.871094527363184,,,,,False
GRASP,tau_1,swan,"{""source_samples"": 5, ""flow_evaluations"": 10}",f1,validation_only_1_percent_no_PA_control,1,10,1,0.5220178289257923,,,,,False
GRASP,tau_1,smd,"{""source_samples"": 5, ""flow_evaluations"": 10}",AP,paper_test_label_oracle_no_PA,0,10,0,,,,,,False
GRASP,tau_1,smd,"{""source_samples"": 5, ""flow_evaluations"": 10}",ROC,paper_test_label_oracle_no_PA,0,10,0,,,,,,False
GRASP,tau_1,smd,"{""source_samples"": 5, ""flow_evaluations"": 10}",Best_F1,paper_test_label_oracle_no_PA,0,10,0,,,,,,False
GRASP,tau_1,smd,"{""source_samples"": 5, ""flow_evaluations"": 10}",precision,validation_only_1_percent_no_PA_control,0,10,0,,,,,,False
GRASP,tau_1,smd,"{""source_samples"": 5, ""flow_evaluations"": 10}",recall,validation_only_1_percent_no_PA_control,0,10,0,,,,,,False
GRASP,tau_1,smd,"{""source_samples"": 5, ""flow_evaluations"": 10}",f1,validation_only_1_percent_no_PA_control,0,10,0,,,,,,False
GRASP,tau_1,smap,"{""source_samples"": 5, ""flow_evaluations"": 10}",AP,paper_test_label_oracle_no_PA,0,10,0,,,,,,False
GRASP,tau_1,smap,"{""source_samples"": 5, ""flow_evaluations"": 10}",ROC,paper_test_label_oracle_no_PA,0,10,0,,,,,,False
GRASP,tau_1,smap,"{""source_samples"": 5, ""flow_evaluations"": 10}",Best_F1,paper_test_label_oracle_no_PA,0,10,0,,,,,,False
GRASP,tau_1,smap,"{""source_samples"": 5, ""flow_evaluations"": 10}",precision,validation_only_1_percent_no_PA_control,0,10,0,,,,,,False
GRASP,tau_1,smap,"{""source_samples"": 5, ""flow_evaluations"": 10}",recall,validation_only_1_percent_no_PA_control,0,10,0,,,,,,False
GRASP,tau_1,smap,"{""source_samples"": 5, ""flow_evaluations"": 10}",f1,validation_only_1_percent_no_PA_control,0,10,0,,,,,,False
GRASP,tau_1,cicids,"{""source_samples"": 5, ""flow_evaluations"": 10}",AP,paper_test_label_oracle_no_PA,0,10,0,,,,,,False
GRASP,tau_1,cicids,"{""source_samples"": 5, ""flow_evaluations"": 10}",ROC,paper_test_label_oracle_no_PA,0,10,0,,,,,,False
GRASP,tau_1,cicids,"{""source_samples"": 5, ""flow_evaluations"": 10}",Best_F1,paper_test_label_oracle_no_PA,0,10,0,,,,,,False
GRASP,tau_1,cicids,"{""source_samples"": 5, ""flow_evaluations"": 10}",precision,validation_only_1_percent_no_PA_control,0,10,0,,,,,,False
GRASP,tau_1,cicids,"{""source_samples"": 5, ""flow_evaluations"": 10}",recall,validation_only_1_percent_no_PA_control,0,10,0,,,,,,False
GRASP,tau_1,cicids,"{""source_samples"": 5, ""flow_evaluations"": 10}",f1,validation_only_1_percent_no_PA_control,0,10,0,,,,,,False
GRASP,tau_4,swan,"{""source_samples"": 5, ""flow_evaluations"": 10}",AP,paper_test_label_oracle_no_PA,1,10,1,0.5418178422085403,,,,,False
GRASP,tau_4,swan,"{""source_samples"": 5, ""flow_evaluations"": 10}",ROC,paper_test_label_oracle_no_PA,1,10,1,0.6992138210680701,,,,,False
GRASP,tau_4,swan,"{""source_samples"": 5, ""flow_evaluations"": 10}",Best_F1,paper_test_label_oracle_no_PA,1,10,1,0.5062031753804431,,,,,False
GRASP,tau_4,swan,"{""source_samples"": 5, ""flow_evaluations"": 10}",precision,validation_only_1_percent_no_PA_control,1,10,1,0.37296857423230656,,,,,False
GRASP,tau_4,swan,"{""source_samples"": 5, ""flow_evaluations"": 10}",recall,validation_only_1_percent_no_PA_control,1,10,1,0.775273631840796,,,,,False
GRASP,tau_4,swan,"{""source_samples"": 5, ""flow_evaluations"": 10}",f1,validation_only_1_percent_no_PA_control,1,10,1,0.5036440910780369,,,,,False
GRASP,tau_4,smd,"{""source_samples"": 5, ""flow_evaluations"": 10}",AP,paper_test_label_oracle_no_PA,0,10,0,,,,,,False
GRASP,tau_4,smd,"{""source_samples"": 5, ""flow_evaluations"": 10}",ROC,paper_test_label_oracle_no_PA,0,10,0,,,,,,False
GRASP,tau_4,smd,"{""source_samples"": 5, ""flow_evaluations"": 10}",Best_F1,paper_test_label_oracle_no_PA,0,10,0,,,,,,False
GRASP,tau_4,smd,"{""source_samples"": 5, ""flow_evaluations"": 10}",precision,validation_only_1_percent_no_PA_control,0,10,0,,,,,,False
GRASP,tau_4,smd,"{""source_samples"": 5, ""flow_evaluations"": 10}",recall,validation_only_1_percent_no_PA_control,0,10,0,,,,,,False
GRASP,tau_4,smd,"{""source_samples"": 5, ""flow_evaluations"": 10}",f1,validation_only_1_percent_no_PA_control,0,10,0,,,,,,False
GRASP,tau_4,smap,"{""source_samples"": 5, ""flow_evaluations"": 10}",AP,paper_test_label_oracle_no_PA,0,10,0,,,,,,False
GRASP,tau_4,smap,"{""source_samples"": 5, ""flow_evaluations"": 10}",ROC,paper_test_label_oracle_no_PA,0,10,0,,,,,,False
GRASP,tau_4,smap,"{""source_samples"": 5, ""flow_evaluations"": 10}",Best_F1,paper_test_label_oracle_no_PA,0,10,0,,,,,,False
GRASP,tau_4,smap,"{""source_samples"": 5, ""flow_evaluations"": 10}",precision,validation_only_1_percent_no_PA_control,0,10,0,,,,,,False
GRASP,tau_4,smap,"{""source_samples"": 5, ""flow_evaluations"": 10}",recall,validation_only_1_percent_no_PA_control,0,10,0,,,,,,False
GRASP,tau_4,smap,"{""source_samples"": 5, ""flow_evaluations"": 10}",f1,validation_only_1_percent_no_PA_control,0,10,0,,,,,,False
GRASP,tau_4,cicids,"{""source_samples"": 5, ""flow_evaluations"": 10}",AP,paper_test_label_oracle_no_PA,0,10,0,,,,,,False
GRASP,tau_4,cicids,"{""source_samples"": 5, ""flow_evaluations"": 10}",ROC,paper_test_label_oracle_no_PA,0,10,0,,,,,,False
GRASP,tau_4,cicids,"{""source_samples"": 5, ""flow_evaluations"": 10}",Best_F1,paper_test_label_oracle_no_PA,0,10,0,,,,,,False
GRASP,tau_4,cicids,"{""source_samples"": 5, ""flow_evaluations"": 10}",precision,validation_only_1_percent_no_PA_control,0,10,0,,,,,,False
GRASP,tau_4,cicids,"{""source_samples"": 5, ""flow_evaluations"": 10}",recall,validation_only_1_percent_no_PA_control,0,10,0,,,,,,False
GRASP,tau_4,cicids,"{""source_samples"": 5, ""flow_evaluations"": 10}",f1,validation_only_1_percent_no_PA_control,0,10,0,,,,,,False
GRASP,tau_8,swan,"{""source_samples"": 5, ""flow_evaluations"": 10}",AP,paper_test_label_oracle_no_PA,1,10,1,0.4943702816271116,,,,,False
GRASP,tau_8,swan,"{""source_samples"": 5, ""flow_evaluations"": 10}",ROC,paper_test_label_oracle_no_PA,1,10,1,0.6732290560684056,,,,,False
GRASP,tau_8,swan,"{""source_samples"": 5, ""flow_evaluations"": 10}",Best_F1,paper_test_label_oracle_no_PA,1,10,1,0.49330780934611074,,,,,False
GRASP,tau_8,swan,"{""source_samples"": 5, ""flow_evaluations"": 10}",precision,validation_only_1_percent_no_PA_control,1,10,1,0.37649302153129055,,,,,False
GRASP,tau_8,swan,"{""source_samples"": 5, ""flow_evaluations"": 10}",recall,validation_only_1_percent_no_PA_control,1,10,1,0.7072636815920398,,,,,False
GRASP,tau_8,swan,"{""source_samples"": 5, ""flow_evaluations"": 10}",f1,validation_only_1_percent_no_PA_control,1,10,1,0.49140151056879655,,,,,False
GRASP,tau_8,smd,"{""source_samples"": 5, ""flow_evaluations"": 10}",AP,paper_test_label_oracle_no_PA,0,10,0,,,,,,False
GRASP,tau_8,smd,"{""source_samples"": 5, ""flow_evaluations"": 10}",ROC,paper_test_label_oracle_no_PA,0,10,0,,,,,,False
GRASP,tau_8,smd,"{""source_samples"": 5, ""flow_evaluations"": 10}",Best_F1,paper_test_label_oracle_no_PA,0,10,0,,,,,,False
GRASP,tau_8,smd,"{""source_samples"": 5, ""flow_evaluations"": 10}",precision,validation_only_1_percent_no_PA_control,0,10,0,,,,,,False
GRASP,tau_8,smd,"{""source_samples"": 5, ""flow_evaluations"": 10}",recall,validation_only_1_percent_no_PA_control,0,10,0,,,,,,False
GRASP,tau_8,smd,"{""source_samples"": 5, ""flow_evaluations"": 10}",f1,validation_only_1_percent_no_PA_control,0,10,0,,,,,,False
GRASP,tau_8,smap,"{""source_samples"": 5, ""flow_evaluations"": 10}",AP,paper_test_label_oracle_no_PA,0,10,0,,,,,,False
GRASP,tau_8,smap,"{""source_samples"": 5, ""flow_evaluations"": 10}",ROC,paper_test_label_oracle_no_PA,0,10,0,,,,,,False
GRASP,tau_8,smap,"{""source_samples"": 5, ""flow_evaluations"": 10}",Best_F1,paper_test_label_oracle_no_PA,0,10,0,,,,,,False
GRASP,tau_8,smap,"{""source_samples"": 5, ""flow_evaluations"": 10}",precision,validation_only_1_percent_no_PA_control,0,10,0,,,,,,False
GRASP,tau_8,smap,"{""source_samples"": 5, ""flow_evaluations"": 10}",recall,validation_only_1_percent_no_PA_control,0,10,0,,,,,,False
GRASP,tau_8,smap,"{""source_samples"": 5, ""flow_evaluations"": 10}",f1,validation_only_1_percent_no_PA_control,0,10,0,,,,,,False
GRASP,tau_8,cicids,"{""source_samples"": 5, ""flow_evaluations"": 10}",AP,paper_test_label_oracle_no_PA,0,10,0,,,,,,False
GRASP,tau_8,cicids,"{""source_samples"": 5, ""flow_evaluations"": 10}",ROC,paper_test_label_oracle_no_PA,0,10,0,,,,,,False
GRASP,tau_8,cicids,"{""source_samples"": 5, ""flow_evaluations"": 10}",Best_F1,paper_test_label_oracle_no_PA,0,10,0,,,,,,False
GRASP,tau_8,cicids,"{""source_samples"": 5, ""flow_evaluations"": 10}",precision,validation_only_1_percent_no_PA_control,0,10,0,,,,,,False
GRASP,tau_8,cicids,"{""source_samples"": 5, ""flow_evaluations"": 10}",recall,validation_only_1_percent_no_PA_control,0,10,0,,,,,,False
GRASP,tau_8,cicids,"{""source_samples"": 5, ""flow_evaluations"": 10}",f1,validation_only_1_percent_no_PA_control,0,10,0,,,,,,False
