id,method,dataset,task,table,seed,missing_value,w_eig,epochs,batch_size,num_workers,full_samples,required_optimizer_updates,metric,evaluator_repeats,evaluator_updates_per_repeat,paper_mean,paper_reported_plus_minus,status,model_config,artifact_directory
spectral_table5__spectral_flow__pendulum_eig0p0__seed10,spectral_flow,pendulum,physics_informed_generation,5,10,0.0,0.0,600,64,4,2000,19200,cross_correlation,5,0,0.0029,0.0008,pending_full_gpu_training,configs/models/fm_spectral_table5__spectral_flow__pendulum_eig0p0__seed10.json,F:\aicoding\IIA_Data\experiments\spectral_table45_original_v1\spectral_table5__spectral_flow__pendulum_eig0p0__seed10
spectral_table5__spectral_flow__pendulum_eig1p0__seed10,spectral_flow,pendulum,physics_informed_generation,5,10,0.0,1.0,600,64,4,2000,19200,cross_correlation,5,0,0.0005,0.0004,pending_full_gpu_training,configs/models/fm_spectral_table5__spectral_flow__pendulum_eig1p0__seed10.json,F:\aicoding\IIA_Data\experiments\spectral_table45_original_v1\spectral_table5__spectral_flow__pendulum_eig1p0__seed10
spectral_table5__kovae__pendulum_eig0p0__seed10,kovae,pendulum,physics_informed_generation,5,10,0.0,0.0,600,64,4,2000,19200,cross_correlation,5,0,0.004,0.0005,pending_full_gpu_training,configs/models/fm_spectral_table5__kovae__pendulum_eig0p0__seed10.json,F:\aicoding\IIA_Data\experiments\spectral_table45_original_v1\spectral_table5__kovae__pendulum_eig0p0__seed10
spectral_table5__kovae__pendulum_eig1p0__seed10,kovae,pendulum,physics_informed_generation,5,10,0.0,1.0,600,64,4,2000,19200,cross_correlation,5,0,0.003,0.0004,pending_full_gpu_training,configs/models/fm_spectral_table5__kovae__pendulum_eig1p0__seed10.json,F:\aicoding\IIA_Data\experiments\spectral_table45_original_v1\spectral_table5__kovae__pendulum_eig1p0__seed10
spectral_table4__spectral_flow__regular__seed10,spectral_flow,stock,irregular_time_series_generation,4,10,0.0,,600,64,4,3661,34800,discriminative,10,2000,0.009,0.008,pending_full_gpu_training,configs/models/fm_spectral_table4__spectral_flow__regular__seed10.json,F:\aicoding\IIA_Data\experiments\spectral_table45_original_v1\spectral_table4__spectral_flow__regular__seed10
spectral_table4__spectral_flow__interpolate_0p3__seed10,spectral_flow,stock,irregular_time_series_generation,4,10,0.3,,600,64,0,3662,34800,discriminative,10,2000,0.02,0.011,pending_full_gpu_training,configs/models/fm_spectral_table4__spectral_flow__interpolate_0p3__seed10.json,F:\aicoding\IIA_Data\experiments\spectral_table45_original_v1\spectral_table4__spectral_flow__interpolate_0p3__seed10
spectral_table4__spectral_flow__interpolate_0p5__seed10,spectral_flow,stock,irregular_time_series_generation,4,10,0.5,,600,64,0,3662,34800,discriminative,10,2000,0.019,0.008,pending_full_gpu_training,configs/models/fm_spectral_table4__spectral_flow__interpolate_0p5__seed10.json,F:\aicoding\IIA_Data\experiments\spectral_table45_original_v1\spectral_table4__spectral_flow__interpolate_0p5__seed10
spectral_table4__spectral_flow__interpolate_0p7__seed10,spectral_flow,stock,irregular_time_series_generation,4,10,0.7,,600,64,0,3662,34800,discriminative,10,2000,0.015,0.007,pending_full_gpu_training,configs/models/fm_spectral_table4__spectral_flow__interpolate_0p7__seed10.json,F:\aicoding\IIA_Data\experiments\spectral_table45_original_v1\spectral_table4__spectral_flow__interpolate_0p7__seed10
spectral_table4__spectral_flow__joint_0p3__seed10,spectral_flow,stock,irregular_time_series_generation,4,10,0.3,,600,64,0,2556,24000,discriminative,10,2000,0.049,0.017,pending_full_gpu_training,configs/models/fm_spectral_table4__spectral_flow__joint_0p3__seed10.json,F:\aicoding\IIA_Data\experiments\spectral_table45_original_v1\spectral_table4__spectral_flow__joint_0p3__seed10
spectral_table4__spectral_flow__joint_0p5__seed10,spectral_flow,stock,irregular_time_series_generation,4,10,0.5,,600,64,0,1819,17400,discriminative,10,2000,0.044,0.017,pending_full_gpu_training,configs/models/fm_spectral_table4__spectral_flow__joint_0p5__seed10.json,F:\aicoding\IIA_Data\experiments\spectral_table45_original_v1\spectral_table4__spectral_flow__joint_0p5__seed10
spectral_table4__spectral_flow__joint_0p7__seed10,spectral_flow,stock,irregular_time_series_generation,4,10,0.7,,600,64,0,1082,10200,discriminative,10,2000,0.138,0.137,pending_full_gpu_training,configs/models/fm_spectral_table4__spectral_flow__joint_0p7__seed10.json,F:\aicoding\IIA_Data\experiments\spectral_table45_original_v1\spectral_table4__spectral_flow__joint_0p7__seed10
spectral_table4__kovae__regular__seed10,kovae,stock,irregular_time_series_generation,4,10,0.0,,600,64,4,3661,34800,discriminative,10,2000,0.021,0.022,pending_full_gpu_training,configs/models/fm_spectral_table4__kovae__regular__seed10.json,F:\aicoding\IIA_Data\experiments\spectral_table45_original_v1\spectral_table4__kovae__regular__seed10
spectral_table4__kovae__interpolate_0p3__seed10,kovae,stock,irregular_time_series_generation,4,10,0.3,,600,64,0,3662,34800,discriminative,10,2000,0.109,0.051,pending_full_gpu_training,configs/models/fm_spectral_table4__kovae__interpolate_0p3__seed10.json,F:\aicoding\IIA_Data\experiments\spectral_table45_original_v1\spectral_table4__kovae__interpolate_0p3__seed10
spectral_table4__kovae__interpolate_0p5__seed10,kovae,stock,irregular_time_series_generation,4,10,0.5,,600,64,0,3662,34800,discriminative,10,2000,0.067,0.038,pending_full_gpu_training,configs/models/fm_spectral_table4__kovae__interpolate_0p5__seed10.json,F:\aicoding\IIA_Data\experiments\spectral_table45_original_v1\spectral_table4__kovae__interpolate_0p5__seed10
spectral_table4__kovae__interpolate_0p7__seed10,kovae,stock,irregular_time_series_generation,4,10,0.7,,600,64,0,3662,34800,discriminative,10,2000,0.049,0.052,pending_full_gpu_training,configs/models/fm_spectral_table4__kovae__interpolate_0p7__seed10.json,F:\aicoding\IIA_Data\experiments\spectral_table45_original_v1\spectral_table4__kovae__interpolate_0p7__seed10
spectral_table4__kovae__joint_0p3__seed10,kovae,stock,irregular_time_series_generation,4,10,0.3,,600,64,0,2556,24000,discriminative,10,2000,0.227,0.096,pending_full_gpu_training,configs/models/fm_spectral_table4__kovae__joint_0p3__seed10.json,F:\aicoding\IIA_Data\experiments\spectral_table45_original_v1\spectral_table4__kovae__joint_0p3__seed10
spectral_table4__kovae__joint_0p5__seed10,kovae,stock,irregular_time_series_generation,4,10,0.5,,600,64,0,1819,17400,discriminative,10,2000,0.211,0.078,pending_full_gpu_training,configs/models/fm_spectral_table4__kovae__joint_0p5__seed10.json,F:\aicoding\IIA_Data\experiments\spectral_table45_original_v1\spectral_table4__kovae__joint_0p5__seed10
spectral_table4__kovae__joint_0p7__seed10,kovae,stock,irregular_time_series_generation,4,10,0.7,,600,64,0,1082,10200,discriminative,10,2000,0.187,0.075,pending_full_gpu_training,configs/models/fm_spectral_table4__kovae__joint_0p7__seed10.json,F:\aicoding\IIA_Data\experiments\spectral_table45_original_v1\spectral_table4__kovae__joint_0p7__seed10
