algorithm,dataset,track,pattern,missing_ratio,configured_missing_ratio,fold,seed,metric,value,run_id,training_seconds,evaluation_seconds,eval_count,test_cases,num_samples,epochs,config,config_sha256,result,result_sha256,processed_sha256,checkpoint_sha256,environment
csdi,physionet2012,author_protocol,paper_mask,0.1,0.1,0,1,mae,0.21585868200413091,csdi_physio_original_fold0_missing0.1,1890.4530000002123,3191.625,25542.0,800,100,200,configs/experiments/fm_csdi_physio_original_fold0.json,aab5cb8ce76fe14e400a6b9c21bf366d01fa8f56d406afa8c112b1e472132f1a,experiments/runs/flow_matching_campaign/csdi_original_fold0_missing0.1/result.json,c40a1c36d3573b9ba308f5c363169657f21d474389bfe27953a14d902ba2c1a2,c501f37244f588ac80b75bf583235dc91671d62dcad37373304376b031a7075d,ed9afdcb3bc9b6e0f359d878a213ebf0442caa3d692a55a02b725d4d130b793a,"{""python"": ""3.10.21 (main, Aug 25 2026, 13:58:42) [MSC v.1944 64 bit (AMD64)]"", ""torch"": ""2.2.1+cu121"", ""numpy"": ""1.23.5"", ""cuda"": ""12.1"", ""gpu"": ""NVIDIA GeForce RTX 3090""}"
csdi,physionet2012,author_protocol,paper_mask,0.1,0.1,0,1,rmse,0.47002475293162227,csdi_physio_original_fold0_missing0.1,1890.4530000002123,3191.625,25542.0,800,100,200,configs/experiments/fm_csdi_physio_original_fold0.json,aab5cb8ce76fe14e400a6b9c21bf366d01fa8f56d406afa8c112b1e472132f1a,experiments/runs/flow_matching_campaign/csdi_original_fold0_missing0.1/result.json,c40a1c36d3573b9ba308f5c363169657f21d474389bfe27953a14d902ba2c1a2,c501f37244f588ac80b75bf583235dc91671d62dcad37373304376b031a7075d,ed9afdcb3bc9b6e0f359d878a213ebf0442caa3d692a55a02b725d4d130b793a,"{""python"": ""3.10.21 (main, Aug 25 2026, 13:58:42) [MSC v.1944 64 bit (AMD64)]"", ""torch"": ""2.2.1+cu121"", ""numpy"": ""1.23.5"", ""cuda"": ""12.1"", ""gpu"": ""NVIDIA GeForce RTX 3090""}"
csdi,physionet2012,author_protocol,paper_mask,0.1,0.1,0,1,normalized_crps,0.23484164779231073,csdi_physio_original_fold0_missing0.1,1890.4530000002123,3191.625,25542.0,800,100,200,configs/experiments/fm_csdi_physio_original_fold0.json,aab5cb8ce76fe14e400a6b9c21bf366d01fa8f56d406afa8c112b1e472132f1a,experiments/runs/flow_matching_campaign/csdi_original_fold0_missing0.1/result.json,c40a1c36d3573b9ba308f5c363169657f21d474389bfe27953a14d902ba2c1a2,c501f37244f588ac80b75bf583235dc91671d62dcad37373304376b031a7075d,ed9afdcb3bc9b6e0f359d878a213ebf0442caa3d692a55a02b725d4d130b793a,"{""python"": ""3.10.21 (main, Aug 25 2026, 13:58:42) [MSC v.1944 64 bit (AMD64)]"", ""torch"": ""2.2.1+cu121"", ""numpy"": ""1.23.5"", ""cuda"": ""12.1"", ""gpu"": ""NVIDIA GeForce RTX 3090""}"
cfmi,physionet2012,author_protocol,paper_mask,0.1,0.1,0,,mae,0.2391107818582754,cfmi_physio_original_fold0_missing0.1,1728.9529999999795,6126.0470000000205,,,100,200,configs/experiments/fm_campaign_jobs/cfmi_physio_fold0_missing0.1.json,caf42790a5a13e01543b9a352ac625e21999cf9ffc8d9ca1aff225f29a60a5a7,experiments/runs/flow_matching_campaign/cfmi_original_fold0_missing0.1/result.json,8519bc6efc42f7f8f26dbe461fd47a16103a68b978b93ded95423594583ca495,,,"{""python"": ""3.10.21 (main, Aug 25 2026, 13:58:42) [MSC v.1944 64 bit (AMD64)]"", ""torch"": ""2.2.1+cu121"", ""numpy"": ""1.23.5"", ""cuda"": ""12.1"", ""gpu"": ""NVIDIA GeForce RTX 3090""}"
cfmi,physionet2012,author_protocol,paper_mask,0.1,0.1,0,,rmse,0.7311489802414491,cfmi_physio_original_fold0_missing0.1,1728.9529999999795,6126.0470000000205,,,100,200,configs/experiments/fm_campaign_jobs/cfmi_physio_fold0_missing0.1.json,caf42790a5a13e01543b9a352ac625e21999cf9ffc8d9ca1aff225f29a60a5a7,experiments/runs/flow_matching_campaign/cfmi_original_fold0_missing0.1/result.json,8519bc6efc42f7f8f26dbe461fd47a16103a68b978b93ded95423594583ca495,,,"{""python"": ""3.10.21 (main, Aug 25 2026, 13:58:42) [MSC v.1944 64 bit (AMD64)]"", ""torch"": ""2.2.1+cu121"", ""numpy"": ""1.23.5"", ""cuda"": ""12.1"", ""gpu"": ""NVIDIA GeForce RTX 3090""}"
cfmi,physionet2012,author_protocol,paper_mask,0.1,0.1,0,,crps,0.2522460800013995,cfmi_physio_original_fold0_missing0.1,1728.9529999999795,6126.0470000000205,,,100,200,configs/experiments/fm_campaign_jobs/cfmi_physio_fold0_missing0.1.json,caf42790a5a13e01543b9a352ac625e21999cf9ffc8d9ca1aff225f29a60a5a7,experiments/runs/flow_matching_campaign/cfmi_original_fold0_missing0.1/result.json,8519bc6efc42f7f8f26dbe461fd47a16103a68b978b93ded95423594583ca495,,,"{""python"": ""3.10.21 (main, Aug 25 2026, 13:58:42) [MSC v.1944 64 bit (AMD64)]"", ""torch"": ""2.2.1+cu121"", ""numpy"": ""1.23.5"", ""cuda"": ""12.1"", ""gpu"": ""NVIDIA GeForce RTX 3090""}"
cfmi,physionet2012,author_protocol,paper_mask,0.1,0.1,0,,normalized_crps,0.2533353265886231,cfmi_physio_original_fold0_missing0.1,1728.9529999999795,6126.0470000000205,,,100,200,configs/experiments/fm_campaign_jobs/cfmi_physio_fold0_missing0.1.json,caf42790a5a13e01543b9a352ac625e21999cf9ffc8d9ca1aff225f29a60a5a7,experiments/runs/flow_matching_campaign/cfmi_original_fold0_missing0.1/result.json,8519bc6efc42f7f8f26dbe461fd47a16103a68b978b93ded95423594583ca495,,,"{""python"": ""3.10.21 (main, Aug 25 2026, 13:58:42) [MSC v.1944 64 bit (AMD64)]"", ""torch"": ""2.2.1+cu121"", ""numpy"": ""1.23.5"", ""cuda"": ""12.1"", ""gpu"": ""NVIDIA GeForce RTX 3090""}"
csdi,physionet2012,author_protocol,paper_mask,0.5,0.5,0,1,mae,0.2989729390395649,csdi_physio_original_fold0_missing0.5,0.030999999959021807,3181.1410000000615,129237.0,800,100,200,configs/experiments/fm_campaign_jobs/csdi_physio_fold0_missing0.5.json,61c5d50d35670e0502324edf82cc29588ee8d4e244525c99f1675dc7ca715779,experiments/runs/flow_matching_campaign/csdi_original_fold0_missing0.5/result.json,949f0687acf90be602328d7b3d1a26e9f91b16b850468403653d7010669ed21b,e48237b4e251dc57414f7cb8527f509b5c90eab634503b1bafc2867ead1dceb1,ed9afdcb3bc9b6e0f359d878a213ebf0442caa3d692a55a02b725d4d130b793a,"{""python"": ""3.10.21 (main, Aug 25 2026, 13:58:42) [MSC v.1944 64 bit (AMD64)]"", ""torch"": ""2.2.1+cu121"", ""numpy"": ""1.23.5"", ""cuda"": ""12.1"", ""gpu"": ""NVIDIA GeForce RTX 3090""}"
csdi,physionet2012,author_protocol,paper_mask,0.5,0.5,0,1,rmse,0.5866468554969296,csdi_physio_original_fold0_missing0.5,0.030999999959021807,3181.1410000000615,129237.0,800,100,200,configs/experiments/fm_campaign_jobs/csdi_physio_fold0_missing0.5.json,61c5d50d35670e0502324edf82cc29588ee8d4e244525c99f1675dc7ca715779,experiments/runs/flow_matching_campaign/csdi_original_fold0_missing0.5/result.json,949f0687acf90be602328d7b3d1a26e9f91b16b850468403653d7010669ed21b,e48237b4e251dc57414f7cb8527f509b5c90eab634503b1bafc2867ead1dceb1,ed9afdcb3bc9b6e0f359d878a213ebf0442caa3d692a55a02b725d4d130b793a,"{""python"": ""3.10.21 (main, Aug 25 2026, 13:58:42) [MSC v.1944 64 bit (AMD64)]"", ""torch"": ""2.2.1+cu121"", ""numpy"": ""1.23.5"", ""cuda"": ""12.1"", ""gpu"": ""NVIDIA GeForce RTX 3090""}"
csdi,physionet2012,author_protocol,paper_mask,0.5,0.5,0,1,normalized_crps,0.32658976899755393,csdi_physio_original_fold0_missing0.5,0.030999999959021807,3181.1410000000615,129237.0,800,100,200,configs/experiments/fm_campaign_jobs/csdi_physio_fold0_missing0.5.json,61c5d50d35670e0502324edf82cc29588ee8d4e244525c99f1675dc7ca715779,experiments/runs/flow_matching_campaign/csdi_original_fold0_missing0.5/result.json,949f0687acf90be602328d7b3d1a26e9f91b16b850468403653d7010669ed21b,e48237b4e251dc57414f7cb8527f509b5c90eab634503b1bafc2867ead1dceb1,ed9afdcb3bc9b6e0f359d878a213ebf0442caa3d692a55a02b725d4d130b793a,"{""python"": ""3.10.21 (main, Aug 25 2026, 13:58:42) [MSC v.1944 64 bit (AMD64)]"", ""torch"": ""2.2.1+cu121"", ""numpy"": ""1.23.5"", ""cuda"": ""12.1"", ""gpu"": ""NVIDIA GeForce RTX 3090""}"
cfmi,physionet2012,author_protocol,paper_mask,0.5,0.5,0,,mae,0.33092951094903084,cfmi_physio_original_fold0_missing0.5,0.0,9091.79700000002,,,100,200,configs/experiments/fm_campaign_jobs/cfmi_physio_fold0_missing0.5.json,5d2fefdb0282e220619e7f46c056187676d03cb1da0ea94dd7168a50045f8be0,experiments/runs/flow_matching_campaign/cfmi_original_fold0_missing0.5/result.json,fbb7dc9fdcc5d8e838084a8197bb481ec0cf6f07cc1c478309bb08ef50ad1cc1,,,"{""python"": ""3.10.21 (main, Aug 25 2026, 13:58:42) [MSC v.1944 64 bit (AMD64)]"", ""torch"": ""2.2.1+cu121"", ""numpy"": ""1.23.5"", ""cuda"": ""12.1"", ""gpu"": ""NVIDIA GeForce RTX 3090""}"
cfmi,physionet2012,author_protocol,paper_mask,0.5,0.5,0,,rmse,0.7210774657499462,cfmi_physio_original_fold0_missing0.5,0.0,9091.79700000002,,,100,200,configs/experiments/fm_campaign_jobs/cfmi_physio_fold0_missing0.5.json,5d2fefdb0282e220619e7f46c056187676d03cb1da0ea94dd7168a50045f8be0,experiments/runs/flow_matching_campaign/cfmi_original_fold0_missing0.5/result.json,fbb7dc9fdcc5d8e838084a8197bb481ec0cf6f07cc1c478309bb08ef50ad1cc1,,,"{""python"": ""3.10.21 (main, Aug 25 2026, 13:58:42) [MSC v.1944 64 bit (AMD64)]"", ""torch"": ""2.2.1+cu121"", ""numpy"": ""1.23.5"", ""cuda"": ""12.1"", ""gpu"": ""NVIDIA GeForce RTX 3090""}"
cfmi,physionet2012,author_protocol,paper_mask,0.5,0.5,0,,crps,0.36141768846304323,cfmi_physio_original_fold0_missing0.5,0.0,9091.79700000002,,,100,200,configs/experiments/fm_campaign_jobs/cfmi_physio_fold0_missing0.5.json,5d2fefdb0282e220619e7f46c056187676d03cb1da0ea94dd7168a50045f8be0,experiments/runs/flow_matching_campaign/cfmi_original_fold0_missing0.5/result.json,fbb7dc9fdcc5d8e838084a8197bb481ec0cf6f07cc1c478309bb08ef50ad1cc1,,,"{""python"": ""3.10.21 (main, Aug 25 2026, 13:58:42) [MSC v.1944 64 bit (AMD64)]"", ""torch"": ""2.2.1+cu121"", ""numpy"": ""1.23.5"", ""cuda"": ""12.1"", ""gpu"": ""NVIDIA GeForce RTX 3090""}"
cfmi,physionet2012,author_protocol,paper_mask,0.5,0.5,0,,normalized_crps,0.3457570815495493,cfmi_physio_original_fold0_missing0.5,0.0,9091.79700000002,,,100,200,configs/experiments/fm_campaign_jobs/cfmi_physio_fold0_missing0.5.json,5d2fefdb0282e220619e7f46c056187676d03cb1da0ea94dd7168a50045f8be0,experiments/runs/flow_matching_campaign/cfmi_original_fold0_missing0.5/result.json,fbb7dc9fdcc5d8e838084a8197bb481ec0cf6f07cc1c478309bb08ef50ad1cc1,,,"{""python"": ""3.10.21 (main, Aug 25 2026, 13:58:42) [MSC v.1944 64 bit (AMD64)]"", ""torch"": ""2.2.1+cu121"", ""numpy"": ""1.23.5"", ""cuda"": ""12.1"", ""gpu"": ""NVIDIA GeForce RTX 3090""}"
csdi,physionet2012,author_protocol,paper_mask,0.9,0.9,0,1,mae,0.4719382671527821,csdi_physio_original_fold0_missing0.9,0.030999999959021807,3396.094000000041,232634.0,800,100,200,configs/experiments/fm_campaign_jobs/csdi_physio_fold0_missing0.9.json,d02671f9e49c4ab43d723363eca0c67c1203d9f9b622e6f6b1ff91894e57d981,experiments/runs/flow_matching_campaign/csdi_original_fold0_missing0.9/result.json,5596befa7dbb369c24d07caa0eef7039f11f05a2c1849931392c6fcc20cc049a,f2fe9ada94389477f6d8966dae889a3fe3c691c79aa002f3d2665699df79b1f0,ed9afdcb3bc9b6e0f359d878a213ebf0442caa3d692a55a02b725d4d130b793a,"{""python"": ""3.10.21 (main, Aug 25 2026, 13:58:42) [MSC v.1944 64 bit (AMD64)]"", ""torch"": ""2.2.1+cu121"", ""numpy"": ""1.23.5"", ""cuda"": ""12.1"", ""gpu"": ""NVIDIA GeForce RTX 3090""}"
csdi,physionet2012,author_protocol,paper_mask,0.9,0.9,0,1,rmse,0.7789593768675954,csdi_physio_original_fold0_missing0.9,0.030999999959021807,3396.094000000041,232634.0,800,100,200,configs/experiments/fm_campaign_jobs/csdi_physio_fold0_missing0.9.json,d02671f9e49c4ab43d723363eca0c67c1203d9f9b622e6f6b1ff91894e57d981,experiments/runs/flow_matching_campaign/csdi_original_fold0_missing0.9/result.json,5596befa7dbb369c24d07caa0eef7039f11f05a2c1849931392c6fcc20cc049a,f2fe9ada94389477f6d8966dae889a3fe3c691c79aa002f3d2665699df79b1f0,ed9afdcb3bc9b6e0f359d878a213ebf0442caa3d692a55a02b725d4d130b793a,"{""python"": ""3.10.21 (main, Aug 25 2026, 13:58:42) [MSC v.1944 64 bit (AMD64)]"", ""torch"": ""2.2.1+cu121"", ""numpy"": ""1.23.5"", ""cuda"": ""12.1"", ""gpu"": ""NVIDIA GeForce RTX 3090""}"
csdi,physionet2012,author_protocol,paper_mask,0.9,0.9,0,1,normalized_crps,0.513559007020176,csdi_physio_original_fold0_missing0.9,0.030999999959021807,3396.094000000041,232634.0,800,100,200,configs/experiments/fm_campaign_jobs/csdi_physio_fold0_missing0.9.json,d02671f9e49c4ab43d723363eca0c67c1203d9f9b622e6f6b1ff91894e57d981,experiments/runs/flow_matching_campaign/csdi_original_fold0_missing0.9/result.json,5596befa7dbb369c24d07caa0eef7039f11f05a2c1849931392c6fcc20cc049a,f2fe9ada94389477f6d8966dae889a3fe3c691c79aa002f3d2665699df79b1f0,ed9afdcb3bc9b6e0f359d878a213ebf0442caa3d692a55a02b725d4d130b793a,"{""python"": ""3.10.21 (main, Aug 25 2026, 13:58:42) [MSC v.1944 64 bit (AMD64)]"", ""torch"": ""2.2.1+cu121"", ""numpy"": ""1.23.5"", ""cuda"": ""12.1"", ""gpu"": ""NVIDIA GeForce RTX 3090""}"
cfmi,physionet2012,author_protocol,paper_mask,0.9,0.9,0,,mae,0.5553408204080243,cfmi_physio_original_fold0_missing0.9,0.0,6463.34300000011,,,100,200,configs/experiments/fm_campaign_jobs/cfmi_physio_fold0_missing0.9.json,fa007bbbea3270d771f942514674e40d3fa4225f8d6b08a73a809fd6f5af19fa,experiments/runs/flow_matching_campaign/cfmi_original_fold0_missing0.9/result.json,2f88d93294dfd8497e357808272096df6e7b9556dcd6e32fbb0619bb9d1cff27,,,"{""python"": ""3.10.21 (main, Aug 25 2026, 13:58:42) [MSC v.1944 64 bit (AMD64)]"", ""torch"": ""2.2.1+cu121"", ""numpy"": ""1.23.5"", ""cuda"": ""12.1"", ""gpu"": ""NVIDIA GeForce RTX 3090""}"
cfmi,physionet2012,author_protocol,paper_mask,0.9,0.9,0,,rmse,0.9215302756469846,cfmi_physio_original_fold0_missing0.9,0.0,6463.34300000011,,,100,200,configs/experiments/fm_campaign_jobs/cfmi_physio_fold0_missing0.9.json,fa007bbbea3270d771f942514674e40d3fa4225f8d6b08a73a809fd6f5af19fa,experiments/runs/flow_matching_campaign/cfmi_original_fold0_missing0.9/result.json,2f88d93294dfd8497e357808272096df6e7b9556dcd6e32fbb0619bb9d1cff27,,,"{""python"": ""3.10.21 (main, Aug 25 2026, 13:58:42) [MSC v.1944 64 bit (AMD64)]"", ""torch"": ""2.2.1+cu121"", ""numpy"": ""1.23.5"", ""cuda"": ""12.1"", ""gpu"": ""NVIDIA GeForce RTX 3090""}"
cfmi,physionet2012,author_protocol,paper_mask,0.9,0.9,0,,crps,0.5934461312776914,cfmi_physio_original_fold0_missing0.9,0.0,6463.34300000011,,,100,200,configs/experiments/fm_campaign_jobs/cfmi_physio_fold0_missing0.9.json,fa007bbbea3270d771f942514674e40d3fa4225f8d6b08a73a809fd6f5af19fa,experiments/runs/flow_matching_campaign/cfmi_original_fold0_missing0.9/result.json,2f88d93294dfd8497e357808272096df6e7b9556dcd6e32fbb0619bb9d1cff27,,,"{""python"": ""3.10.21 (main, Aug 25 2026, 13:58:42) [MSC v.1944 64 bit (AMD64)]"", ""torch"": ""2.2.1+cu121"", ""numpy"": ""1.23.5"", ""cuda"": ""12.1"", ""gpu"": ""NVIDIA GeForce RTX 3090""}"
cfmi,physionet2012,author_protocol,paper_mask,0.9,0.9,0,,normalized_crps,0.5773723559567534,cfmi_physio_original_fold0_missing0.9,0.0,6463.34300000011,,,100,200,configs/experiments/fm_campaign_jobs/cfmi_physio_fold0_missing0.9.json,fa007bbbea3270d771f942514674e40d3fa4225f8d6b08a73a809fd6f5af19fa,experiments/runs/flow_matching_campaign/cfmi_original_fold0_missing0.9/result.json,2f88d93294dfd8497e357808272096df6e7b9556dcd6e32fbb0619bb9d1cff27,,,"{""python"": ""3.10.21 (main, Aug 25 2026, 13:58:42) [MSC v.1944 64 bit (AMD64)]"", ""torch"": ""2.2.1+cu121"", ""numpy"": ""1.23.5"", ""cuda"": ""12.1"", ""gpu"": ""NVIDIA GeForce RTX 3090""}"
csdi,physionet2012,author_protocol,paper_mask,0.1,0.1,1,1,mae,0.21852382099736373,csdi_physio_original_fold1_missing0.1,1938.905999999959,3373.8279999999795,26068.0,800,100,200,configs/experiments/fm_campaign_jobs/csdi_physio_fold1_missing0.1.json,55e7382fe613dc24ad11fd566844b4723713a6b6c9dc24c71e1786dd87389c5e,experiments/runs/flow_matching_campaign/csdi_original_fold1_missing0.1/result.json,c0be2549f4f2aa0cf8342434cc9c85d29be0178e468918c235b7d6e439216b73,9c726b5647166d00e34e8824bfc78b93e96b5bfb8f6af288411f3a64adf8f90a,8439b94ced293876a807ef567bd14b726997d8cef5d4e6a0e5dfb05adf1ee84c,"{""python"": ""3.10.21 (main, Aug 25 2026, 13:58:42) [MSC v.1944 64 bit (AMD64)]"", ""torch"": ""2.2.1+cu121"", ""numpy"": ""1.23.5"", ""cuda"": ""12.1"", ""gpu"": ""NVIDIA GeForce RTX 3090""}"
csdi,physionet2012,author_protocol,paper_mask,0.1,0.1,1,1,rmse,0.4545831457072853,csdi_physio_original_fold1_missing0.1,1938.905999999959,3373.8279999999795,26068.0,800,100,200,configs/experiments/fm_campaign_jobs/csdi_physio_fold1_missing0.1.json,55e7382fe613dc24ad11fd566844b4723713a6b6c9dc24c71e1786dd87389c5e,experiments/runs/flow_matching_campaign/csdi_original_fold1_missing0.1/result.json,c0be2549f4f2aa0cf8342434cc9c85d29be0178e468918c235b7d6e439216b73,9c726b5647166d00e34e8824bfc78b93e96b5bfb8f6af288411f3a64adf8f90a,8439b94ced293876a807ef567bd14b726997d8cef5d4e6a0e5dfb05adf1ee84c,"{""python"": ""3.10.21 (main, Aug 25 2026, 13:58:42) [MSC v.1944 64 bit (AMD64)]"", ""torch"": ""2.2.1+cu121"", ""numpy"": ""1.23.5"", ""cuda"": ""12.1"", ""gpu"": ""NVIDIA GeForce RTX 3090""}"
csdi,physionet2012,author_protocol,paper_mask,0.1,0.1,1,1,normalized_crps,0.23959202581414013,csdi_physio_original_fold1_missing0.1,1938.905999999959,3373.8279999999795,26068.0,800,100,200,configs/experiments/fm_campaign_jobs/csdi_physio_fold1_missing0.1.json,55e7382fe613dc24ad11fd566844b4723713a6b6c9dc24c71e1786dd87389c5e,experiments/runs/flow_matching_campaign/csdi_original_fold1_missing0.1/result.json,c0be2549f4f2aa0cf8342434cc9c85d29be0178e468918c235b7d6e439216b73,9c726b5647166d00e34e8824bfc78b93e96b5bfb8f6af288411f3a64adf8f90a,8439b94ced293876a807ef567bd14b726997d8cef5d4e6a0e5dfb05adf1ee84c,"{""python"": ""3.10.21 (main, Aug 25 2026, 13:58:42) [MSC v.1944 64 bit (AMD64)]"", ""torch"": ""2.2.1+cu121"", ""numpy"": ""1.23.5"", ""cuda"": ""12.1"", ""gpu"": ""NVIDIA GeForce RTX 3090""}"
cfmi,physionet2012,author_protocol,paper_mask,0.1,0.1,1,,mae,0.2359755983307996,cfmi_physio_original_fold1_missing0.1,1755.96800000011,6473.0,,,100,200,configs/experiments/fm_campaign_jobs/cfmi_physio_fold1_missing0.1.json,72a252f29fd28882b981f14c287a47c1e1cf491ee79e772c7f6320e0a7e3d5c6,experiments/runs/flow_matching_campaign/cfmi_original_fold1_missing0.1/result.json,42367c969f604497a5e2c045c5f9fdf15a620418a00c1a4c50b2e1903f24286c,,,"{""python"": ""3.10.21 (main, Aug 25 2026, 13:58:42) [MSC v.1944 64 bit (AMD64)]"", ""torch"": ""2.2.1+cu121"", ""numpy"": ""1.23.5"", ""cuda"": ""12.1"", ""gpu"": ""NVIDIA GeForce RTX 3090""}"
cfmi,physionet2012,author_protocol,paper_mask,0.1,0.1,1,,rmse,0.4878723241395202,cfmi_physio_original_fold1_missing0.1,1755.96800000011,6473.0,,,100,200,configs/experiments/fm_campaign_jobs/cfmi_physio_fold1_missing0.1.json,72a252f29fd28882b981f14c287a47c1e1cf491ee79e772c7f6320e0a7e3d5c6,experiments/runs/flow_matching_campaign/cfmi_original_fold1_missing0.1/result.json,42367c969f604497a5e2c045c5f9fdf15a620418a00c1a4c50b2e1903f24286c,,,"{""python"": ""3.10.21 (main, Aug 25 2026, 13:58:42) [MSC v.1944 64 bit (AMD64)]"", ""torch"": ""2.2.1+cu121"", ""numpy"": ""1.23.5"", ""cuda"": ""12.1"", ""gpu"": ""NVIDIA GeForce RTX 3090""}"
cfmi,physionet2012,author_protocol,paper_mask,0.1,0.1,1,,crps,0.21551436443810615,cfmi_physio_original_fold1_missing0.1,1755.96800000011,6473.0,,,100,200,configs/experiments/fm_campaign_jobs/cfmi_physio_fold1_missing0.1.json,72a252f29fd28882b981f14c287a47c1e1cf491ee79e772c7f6320e0a7e3d5c6,experiments/runs/flow_matching_campaign/cfmi_original_fold1_missing0.1/result.json,42367c969f604497a5e2c045c5f9fdf15a620418a00c1a4c50b2e1903f24286c,,,"{""python"": ""3.10.21 (main, Aug 25 2026, 13:58:42) [MSC v.1944 64 bit (AMD64)]"", ""torch"": ""2.2.1+cu121"", ""numpy"": ""1.23.5"", ""cuda"": ""12.1"", ""gpu"": ""NVIDIA GeForce RTX 3090""}"
cfmi,physionet2012,author_protocol,paper_mask,0.1,0.1,1,,normalized_crps,0.25193205487410386,cfmi_physio_original_fold1_missing0.1,1755.96800000011,6473.0,,,100,200,configs/experiments/fm_campaign_jobs/cfmi_physio_fold1_missing0.1.json,72a252f29fd28882b981f14c287a47c1e1cf491ee79e772c7f6320e0a7e3d5c6,experiments/runs/flow_matching_campaign/cfmi_original_fold1_missing0.1/result.json,42367c969f604497a5e2c045c5f9fdf15a620418a00c1a4c50b2e1903f24286c,,,"{""python"": ""3.10.21 (main, Aug 25 2026, 13:58:42) [MSC v.1944 64 bit (AMD64)]"", ""torch"": ""2.2.1+cu121"", ""numpy"": ""1.23.5"", ""cuda"": ""12.1"", ""gpu"": ""NVIDIA GeForce RTX 3090""}"
csdi,physionet2012,author_protocol,paper_mask,0.5,0.5,1,1,mae,0.304667262889044,csdi_physio_original_fold1_missing0.5,0.03100000019185245,3265.8279999999795,131938.0,800,100,200,configs/experiments/fm_campaign_jobs/csdi_physio_fold1_missing0.5.json,e81e8c97ccba16638dc1bd4a1c36a13b096aa64d8b9d1923d7ff159e02695568,experiments/runs/flow_matching_campaign/csdi_original_fold1_missing0.5/result.json,b532da99d0020a651944e82bf6de3d1894d3cd0713f2c4fd48652d105d4b0837,760291beb8a73c35e240e59d9b38669315d61fc083c679238857e652c3443784,8439b94ced293876a807ef567bd14b726997d8cef5d4e6a0e5dfb05adf1ee84c,"{""python"": ""3.10.21 (main, Aug 25 2026, 13:58:42) [MSC v.1944 64 bit (AMD64)]"", ""torch"": ""2.2.1+cu121"", ""numpy"": ""1.23.5"", ""cuda"": ""12.1"", ""gpu"": ""NVIDIA GeForce RTX 3090""}"
csdi,physionet2012,author_protocol,paper_mask,0.5,0.5,1,1,rmse,0.5737449488906318,csdi_physio_original_fold1_missing0.5,0.03100000019185245,3265.8279999999795,131938.0,800,100,200,configs/experiments/fm_campaign_jobs/csdi_physio_fold1_missing0.5.json,e81e8c97ccba16638dc1bd4a1c36a13b096aa64d8b9d1923d7ff159e02695568,experiments/runs/flow_matching_campaign/csdi_original_fold1_missing0.5/result.json,b532da99d0020a651944e82bf6de3d1894d3cd0713f2c4fd48652d105d4b0837,760291beb8a73c35e240e59d9b38669315d61fc083c679238857e652c3443784,8439b94ced293876a807ef567bd14b726997d8cef5d4e6a0e5dfb05adf1ee84c,"{""python"": ""3.10.21 (main, Aug 25 2026, 13:58:42) [MSC v.1944 64 bit (AMD64)]"", ""torch"": ""2.2.1+cu121"", ""numpy"": ""1.23.5"", ""cuda"": ""12.1"", ""gpu"": ""NVIDIA GeForce RTX 3090""}"
csdi,physionet2012,author_protocol,paper_mask,0.5,0.5,1,1,normalized_crps,0.33395473079449456,csdi_physio_original_fold1_missing0.5,0.03100000019185245,3265.8279999999795,131938.0,800,100,200,configs/experiments/fm_campaign_jobs/csdi_physio_fold1_missing0.5.json,e81e8c97ccba16638dc1bd4a1c36a13b096aa64d8b9d1923d7ff159e02695568,experiments/runs/flow_matching_campaign/csdi_original_fold1_missing0.5/result.json,b532da99d0020a651944e82bf6de3d1894d3cd0713f2c4fd48652d105d4b0837,760291beb8a73c35e240e59d9b38669315d61fc083c679238857e652c3443784,8439b94ced293876a807ef567bd14b726997d8cef5d4e6a0e5dfb05adf1ee84c,"{""python"": ""3.10.21 (main, Aug 25 2026, 13:58:42) [MSC v.1944 64 bit (AMD64)]"", ""torch"": ""2.2.1+cu121"", ""numpy"": ""1.23.5"", ""cuda"": ""12.1"", ""gpu"": ""NVIDIA GeForce RTX 3090""}"
cfmi,physionet2012,author_protocol,paper_mask,0.5,0.5,1,,mae,0.32951535206797394,cfmi_physio_original_fold1_missing0.5,0.0,6198.5160000000615,,,100,200,configs/experiments/fm_campaign_jobs/cfmi_physio_fold1_missing0.5.json,92d11879a3c9568b5299beb6caecdf25d8feedac5c0cc0df353115846db931b7,experiments/runs/flow_matching_campaign/cfmi_original_fold1_missing0.5/result.json,7d3b27737266e4138dbab7d9852610afe5e89a2c3d10c50a73c8d23f0b294aa4,,,"{""python"": ""3.10.21 (main, Aug 25 2026, 13:58:42) [MSC v.1944 64 bit (AMD64)]"", ""torch"": ""2.2.1+cu121"", ""numpy"": ""1.23.5"", ""cuda"": ""12.1"", ""gpu"": ""NVIDIA GeForce RTX 3090""}"
cfmi,physionet2012,author_protocol,paper_mask,0.5,0.5,1,,rmse,0.6599380240808481,cfmi_physio_original_fold1_missing0.5,0.0,6198.5160000000615,,,100,200,configs/experiments/fm_campaign_jobs/cfmi_physio_fold1_missing0.5.json,92d11879a3c9568b5299beb6caecdf25d8feedac5c0cc0df353115846db931b7,experiments/runs/flow_matching_campaign/cfmi_original_fold1_missing0.5/result.json,7d3b27737266e4138dbab7d9852610afe5e89a2c3d10c50a73c8d23f0b294aa4,,,"{""python"": ""3.10.21 (main, Aug 25 2026, 13:58:42) [MSC v.1944 64 bit (AMD64)]"", ""torch"": ""2.2.1+cu121"", ""numpy"": ""1.23.5"", ""cuda"": ""12.1"", ""gpu"": ""NVIDIA GeForce RTX 3090""}"
cfmi,physionet2012,author_protocol,paper_mask,0.5,0.5,1,,crps,0.2961905412810276,cfmi_physio_original_fold1_missing0.5,0.0,6198.5160000000615,,,100,200,configs/experiments/fm_campaign_jobs/cfmi_physio_fold1_missing0.5.json,92d11879a3c9568b5299beb6caecdf25d8feedac5c0cc0df353115846db931b7,experiments/runs/flow_matching_campaign/cfmi_original_fold1_missing0.5/result.json,7d3b27737266e4138dbab7d9852610afe5e89a2c3d10c50a73c8d23f0b294aa4,,,"{""python"": ""3.10.21 (main, Aug 25 2026, 13:58:42) [MSC v.1944 64 bit (AMD64)]"", ""torch"": ""2.2.1+cu121"", ""numpy"": ""1.23.5"", ""cuda"": ""12.1"", ""gpu"": ""NVIDIA GeForce RTX 3090""}"
cfmi,physionet2012,author_protocol,paper_mask,0.5,0.5,1,,normalized_crps,0.34761559612101,cfmi_physio_original_fold1_missing0.5,0.0,6198.5160000000615,,,100,200,configs/experiments/fm_campaign_jobs/cfmi_physio_fold1_missing0.5.json,92d11879a3c9568b5299beb6caecdf25d8feedac5c0cc0df353115846db931b7,experiments/runs/flow_matching_campaign/cfmi_original_fold1_missing0.5/result.json,7d3b27737266e4138dbab7d9852610afe5e89a2c3d10c50a73c8d23f0b294aa4,,,"{""python"": ""3.10.21 (main, Aug 25 2026, 13:58:42) [MSC v.1944 64 bit (AMD64)]"", ""torch"": ""2.2.1+cu121"", ""numpy"": ""1.23.5"", ""cuda"": ""12.1"", ""gpu"": ""NVIDIA GeForce RTX 3090""}"
csdi,physionet2012,author_protocol,paper_mask,0.9,0.9,1,1,mae,0.4757182570575256,csdi_physio_original_fold1_missing0.9,0.015999999828636646,3227.1090000001714,237477.0,800,100,200,configs/experiments/fm_campaign_jobs/csdi_physio_fold1_missing0.9.json,d990a566dc65bca82f55f61bd58b60807d53fb66ae763b80581ab3cf32475720,experiments/runs/flow_matching_campaign/csdi_original_fold1_missing0.9/result.json,77206d8c940cca5c69f345ab3ee976adca7f31b0340fd72e364433c35a090cfa,b1f4a86121d459dc9c695f8c4846548ba3636dabcd5efdbce8fc5dc60809809d,8439b94ced293876a807ef567bd14b726997d8cef5d4e6a0e5dfb05adf1ee84c,"{""python"": ""3.10.21 (main, Aug 25 2026, 13:58:42) [MSC v.1944 64 bit (AMD64)]"", ""torch"": ""2.2.1+cu121"", ""numpy"": ""1.23.5"", ""cuda"": ""12.1"", ""gpu"": ""NVIDIA GeForce RTX 3090""}"
csdi,physionet2012,author_protocol,paper_mask,0.9,0.9,1,1,rmse,0.7617058101670081,csdi_physio_original_fold1_missing0.9,0.015999999828636646,3227.1090000001714,237477.0,800,100,200,configs/experiments/fm_campaign_jobs/csdi_physio_fold1_missing0.9.json,d990a566dc65bca82f55f61bd58b60807d53fb66ae763b80581ab3cf32475720,experiments/runs/flow_matching_campaign/csdi_original_fold1_missing0.9/result.json,77206d8c940cca5c69f345ab3ee976adca7f31b0340fd72e364433c35a090cfa,b1f4a86121d459dc9c695f8c4846548ba3636dabcd5efdbce8fc5dc60809809d,8439b94ced293876a807ef567bd14b726997d8cef5d4e6a0e5dfb05adf1ee84c,"{""python"": ""3.10.21 (main, Aug 25 2026, 13:58:42) [MSC v.1944 64 bit (AMD64)]"", ""torch"": ""2.2.1+cu121"", ""numpy"": ""1.23.5"", ""cuda"": ""12.1"", ""gpu"": ""NVIDIA GeForce RTX 3090""}"
csdi,physionet2012,author_protocol,paper_mask,0.9,0.9,1,1,normalized_crps,0.5165139352148411,csdi_physio_original_fold1_missing0.9,0.015999999828636646,3227.1090000001714,237477.0,800,100,200,configs/experiments/fm_campaign_jobs/csdi_physio_fold1_missing0.9.json,d990a566dc65bca82f55f61bd58b60807d53fb66ae763b80581ab3cf32475720,experiments/runs/flow_matching_campaign/csdi_original_fold1_missing0.9/result.json,77206d8c940cca5c69f345ab3ee976adca7f31b0340fd72e364433c35a090cfa,b1f4a86121d459dc9c695f8c4846548ba3636dabcd5efdbce8fc5dc60809809d,8439b94ced293876a807ef567bd14b726997d8cef5d4e6a0e5dfb05adf1ee84c,"{""python"": ""3.10.21 (main, Aug 25 2026, 13:58:42) [MSC v.1944 64 bit (AMD64)]"", ""torch"": ""2.2.1+cu121"", ""numpy"": ""1.23.5"", ""cuda"": ""12.1"", ""gpu"": ""NVIDIA GeForce RTX 3090""}"
cfmi,physionet2012,author_protocol,paper_mask,0.9,0.9,1,,mae,0.5254633047844064,cfmi_physio_original_fold1_missing0.9,0.0,6311.4220000000205,,,100,200,configs/experiments/fm_campaign_jobs/cfmi_physio_fold1_missing0.9.json,b8be87c611e5210b4040d86f6ee6812e216c44fe980606ade6eea3095bd91232,experiments/runs/flow_matching_campaign/cfmi_original_fold1_missing0.9/result.json,83b97dd5103115486bd1b169e2f330b387970f1a9d6e08ed03a509fe1b470b61,,,"{""python"": ""3.10.21 (main, Aug 25 2026, 13:58:42) [MSC v.1944 64 bit (AMD64)]"", ""torch"": ""2.2.1+cu121"", ""numpy"": ""1.23.5"", ""cuda"": ""12.1"", ""gpu"": ""NVIDIA GeForce RTX 3090""}"
cfmi,physionet2012,author_protocol,paper_mask,0.9,0.9,1,,rmse,0.8595144953542438,cfmi_physio_original_fold1_missing0.9,0.0,6311.4220000000205,,,100,200,configs/experiments/fm_campaign_jobs/cfmi_physio_fold1_missing0.9.json,b8be87c611e5210b4040d86f6ee6812e216c44fe980606ade6eea3095bd91232,experiments/runs/flow_matching_campaign/cfmi_original_fold1_missing0.9/result.json,83b97dd5103115486bd1b169e2f330b387970f1a9d6e08ed03a509fe1b470b61,,,"{""python"": ""3.10.21 (main, Aug 25 2026, 13:58:42) [MSC v.1944 64 bit (AMD64)]"", ""torch"": ""2.2.1+cu121"", ""numpy"": ""1.23.5"", ""cuda"": ""12.1"", ""gpu"": ""NVIDIA GeForce RTX 3090""}"
cfmi,physionet2012,author_protocol,paper_mask,0.9,0.9,1,,crps,0.4258016283301624,cfmi_physio_original_fold1_missing0.9,0.0,6311.4220000000205,,,100,200,configs/experiments/fm_campaign_jobs/cfmi_physio_fold1_missing0.9.json,b8be87c611e5210b4040d86f6ee6812e216c44fe980606ade6eea3095bd91232,experiments/runs/flow_matching_campaign/cfmi_original_fold1_missing0.9/result.json,83b97dd5103115486bd1b169e2f330b387970f1a9d6e08ed03a509fe1b470b61,,,"{""python"": ""3.10.21 (main, Aug 25 2026, 13:58:42) [MSC v.1944 64 bit (AMD64)]"", ""torch"": ""2.2.1+cu121"", ""numpy"": ""1.23.5"", ""cuda"": ""12.1"", ""gpu"": ""NVIDIA GeForce RTX 3090""}"
cfmi,physionet2012,author_protocol,paper_mask,0.9,0.9,1,,normalized_crps,0.5532966251115259,cfmi_physio_original_fold1_missing0.9,0.0,6311.4220000000205,,,100,200,configs/experiments/fm_campaign_jobs/cfmi_physio_fold1_missing0.9.json,b8be87c611e5210b4040d86f6ee6812e216c44fe980606ade6eea3095bd91232,experiments/runs/flow_matching_campaign/cfmi_original_fold1_missing0.9/result.json,83b97dd5103115486bd1b169e2f330b387970f1a9d6e08ed03a509fe1b470b61,,,"{""python"": ""3.10.21 (main, Aug 25 2026, 13:58:42) [MSC v.1944 64 bit (AMD64)]"", ""torch"": ""2.2.1+cu121"", ""numpy"": ""1.23.5"", ""cuda"": ""12.1"", ""gpu"": ""NVIDIA GeForce RTX 3090""}"
csdi,physionet2012,author_protocol,paper_mask,0.1,0.1,2,1,mae,0.21937888617295712,csdi_physio_original_fold2_missing0.1,1818.2659999998286,3193.062000000151,25810.0,800,100,200,configs/experiments/fm_campaign_jobs/csdi_physio_fold2_missing0.1.json,94ec1cfc9d042037f7e624e0e516988b06cfe2a480cb298fbe93fd27dafa6b7b,experiments/runs/flow_matching_campaign/csdi_original_fold2_missing0.1/result.json,1c1e91a83460c4c851f136f9e5ab5edf5f6201cd812136b4dd2bc4ec17ee3aaf,b6b4c7a9b03cf960b0b664a7bc093817db0782e447e6b5d8bc74b81dbb7050b7,b5e96aee381715f1c24c35f2dff83e1621568aab38d1b2766c735009035dc82c,"{""python"": ""3.10.21 (main, Aug 25 2026, 13:58:42) [MSC v.1944 64 bit (AMD64)]"", ""torch"": ""2.2.1+cu121"", ""numpy"": ""1.23.5"", ""cuda"": ""12.1"", ""gpu"": ""NVIDIA GeForce RTX 3090""}"
csdi,physionet2012,author_protocol,paper_mask,0.1,0.1,2,1,rmse,0.5435743699357979,csdi_physio_original_fold2_missing0.1,1818.2659999998286,3193.062000000151,25810.0,800,100,200,configs/experiments/fm_campaign_jobs/csdi_physio_fold2_missing0.1.json,94ec1cfc9d042037f7e624e0e516988b06cfe2a480cb298fbe93fd27dafa6b7b,experiments/runs/flow_matching_campaign/csdi_original_fold2_missing0.1/result.json,1c1e91a83460c4c851f136f9e5ab5edf5f6201cd812136b4dd2bc4ec17ee3aaf,b6b4c7a9b03cf960b0b664a7bc093817db0782e447e6b5d8bc74b81dbb7050b7,b5e96aee381715f1c24c35f2dff83e1621568aab38d1b2766c735009035dc82c,"{""python"": ""3.10.21 (main, Aug 25 2026, 13:58:42) [MSC v.1944 64 bit (AMD64)]"", ""torch"": ""2.2.1+cu121"", ""numpy"": ""1.23.5"", ""cuda"": ""12.1"", ""gpu"": ""NVIDIA GeForce RTX 3090""}"
csdi,physionet2012,author_protocol,paper_mask,0.1,0.1,2,1,normalized_crps,0.24253765474625008,csdi_physio_original_fold2_missing0.1,1818.2659999998286,3193.062000000151,25810.0,800,100,200,configs/experiments/fm_campaign_jobs/csdi_physio_fold2_missing0.1.json,94ec1cfc9d042037f7e624e0e516988b06cfe2a480cb298fbe93fd27dafa6b7b,experiments/runs/flow_matching_campaign/csdi_original_fold2_missing0.1/result.json,1c1e91a83460c4c851f136f9e5ab5edf5f6201cd812136b4dd2bc4ec17ee3aaf,b6b4c7a9b03cf960b0b664a7bc093817db0782e447e6b5d8bc74b81dbb7050b7,b5e96aee381715f1c24c35f2dff83e1621568aab38d1b2766c735009035dc82c,"{""python"": ""3.10.21 (main, Aug 25 2026, 13:58:42) [MSC v.1944 64 bit (AMD64)]"", ""torch"": ""2.2.1+cu121"", ""numpy"": ""1.23.5"", ""cuda"": ""12.1"", ""gpu"": ""NVIDIA GeForce RTX 3090""}"
cfmi,physionet2012,author_protocol,paper_mask,0.1,0.1,2,,mae,0.23943111210987472,cfmi_physio_original_fold2_missing0.1,1715.875,6370.718999999808,,,100,200,configs/experiments/fm_campaign_jobs/cfmi_physio_fold2_missing0.1.json,fd68443673575bbc8cc08a43c162b48b34b5d5dce19478f621fa85b60879f9e4,experiments/runs/flow_matching_campaign/cfmi_original_fold2_missing0.1/result.json,7f7c7e648483c9082684a6291f3eb85afe73336660d87259dea35ef35207ebe4,,,"{""python"": ""3.10.21 (main, Aug 25 2026, 13:58:42) [MSC v.1944 64 bit (AMD64)]"", ""torch"": ""2.2.1+cu121"", ""numpy"": ""1.23.5"", ""cuda"": ""12.1"", ""gpu"": ""NVIDIA GeForce RTX 3090""}"
cfmi,physionet2012,author_protocol,paper_mask,0.1,0.1,2,,rmse,0.5079502787282751,cfmi_physio_original_fold2_missing0.1,1715.875,6370.718999999808,,,100,200,configs/experiments/fm_campaign_jobs/cfmi_physio_fold2_missing0.1.json,fd68443673575bbc8cc08a43c162b48b34b5d5dce19478f621fa85b60879f9e4,experiments/runs/flow_matching_campaign/cfmi_original_fold2_missing0.1/result.json,7f7c7e648483c9082684a6291f3eb85afe73336660d87259dea35ef35207ebe4,,,"{""python"": ""3.10.21 (main, Aug 25 2026, 13:58:42) [MSC v.1944 64 bit (AMD64)]"", ""torch"": ""2.2.1+cu121"", ""numpy"": ""1.23.5"", ""cuda"": ""12.1"", ""gpu"": ""NVIDIA GeForce RTX 3090""}"
cfmi,physionet2012,author_protocol,paper_mask,0.1,0.1,2,,crps,0.25757046394689126,cfmi_physio_original_fold2_missing0.1,1715.875,6370.718999999808,,,100,200,configs/experiments/fm_campaign_jobs/cfmi_physio_fold2_missing0.1.json,fd68443673575bbc8cc08a43c162b48b34b5d5dce19478f621fa85b60879f9e4,experiments/runs/flow_matching_campaign/cfmi_original_fold2_missing0.1/result.json,7f7c7e648483c9082684a6291f3eb85afe73336660d87259dea35ef35207ebe4,,,"{""python"": ""3.10.21 (main, Aug 25 2026, 13:58:42) [MSC v.1944 64 bit (AMD64)]"", ""torch"": ""2.2.1+cu121"", ""numpy"": ""1.23.5"", ""cuda"": ""12.1"", ""gpu"": ""NVIDIA GeForce RTX 3090""}"
cfmi,physionet2012,author_protocol,paper_mask,0.1,0.1,2,,normalized_crps,0.2524364590903705,cfmi_physio_original_fold2_missing0.1,1715.875,6370.718999999808,,,100,200,configs/experiments/fm_campaign_jobs/cfmi_physio_fold2_missing0.1.json,fd68443673575bbc8cc08a43c162b48b34b5d5dce19478f621fa85b60879f9e4,experiments/runs/flow_matching_campaign/cfmi_original_fold2_missing0.1/result.json,7f7c7e648483c9082684a6291f3eb85afe73336660d87259dea35ef35207ebe4,,,"{""python"": ""3.10.21 (main, Aug 25 2026, 13:58:42) [MSC v.1944 64 bit (AMD64)]"", ""torch"": ""2.2.1+cu121"", ""numpy"": ""1.23.5"", ""cuda"": ""12.1"", ""gpu"": ""NVIDIA GeForce RTX 3090""}"
csdi,physionet2012,author_protocol,paper_mask,0.5,0.5,2,1,mae,0.3023557979016771,csdi_physio_original_fold2_missing0.5,0.01600000006146729,3448.0470000000205,130716.0,800,100,200,configs/experiments/fm_campaign_jobs/csdi_physio_fold2_missing0.5.json,83bbe88de985a94e88f5c1a56f8ec39d93caa4517c342be0da73c4299725b647,experiments/runs/flow_matching_campaign/csdi_original_fold2_missing0.5/result.json,3dda611f8d82aa0bcc8cd3f53e7eff57a047b42898805bf4fa8066cc9fc46cb1,bd299dfd3aad2efc6ee33c1c1a60c57cf75bf0b3394bee02342506d356217fab,b5e96aee381715f1c24c35f2dff83e1621568aab38d1b2766c735009035dc82c,"{""python"": ""3.10.21 (main, Aug 25 2026, 13:58:42) [MSC v.1944 64 bit (AMD64)]"", ""torch"": ""2.2.1+cu121"", ""numpy"": ""1.23.5"", ""cuda"": ""12.1"", ""gpu"": ""NVIDIA GeForce RTX 3090""}"
csdi,physionet2012,author_protocol,paper_mask,0.5,0.5,2,1,rmse,0.7543488304935627,csdi_physio_original_fold2_missing0.5,0.01600000006146729,3448.0470000000205,130716.0,800,100,200,configs/experiments/fm_campaign_jobs/csdi_physio_fold2_missing0.5.json,83bbe88de985a94e88f5c1a56f8ec39d93caa4517c342be0da73c4299725b647,experiments/runs/flow_matching_campaign/csdi_original_fold2_missing0.5/result.json,3dda611f8d82aa0bcc8cd3f53e7eff57a047b42898805bf4fa8066cc9fc46cb1,bd299dfd3aad2efc6ee33c1c1a60c57cf75bf0b3394bee02342506d356217fab,b5e96aee381715f1c24c35f2dff83e1621568aab38d1b2766c735009035dc82c,"{""python"": ""3.10.21 (main, Aug 25 2026, 13:58:42) [MSC v.1944 64 bit (AMD64)]"", ""torch"": ""2.2.1+cu121"", ""numpy"": ""1.23.5"", ""cuda"": ""12.1"", ""gpu"": ""NVIDIA GeForce RTX 3090""}"
csdi,physionet2012,author_protocol,paper_mask,0.5,0.5,2,1,normalized_crps,0.3333263641438616,csdi_physio_original_fold2_missing0.5,0.01600000006146729,3448.0470000000205,130716.0,800,100,200,configs/experiments/fm_campaign_jobs/csdi_physio_fold2_missing0.5.json,83bbe88de985a94e88f5c1a56f8ec39d93caa4517c342be0da73c4299725b647,experiments/runs/flow_matching_campaign/csdi_original_fold2_missing0.5/result.json,3dda611f8d82aa0bcc8cd3f53e7eff57a047b42898805bf4fa8066cc9fc46cb1,bd299dfd3aad2efc6ee33c1c1a60c57cf75bf0b3394bee02342506d356217fab,b5e96aee381715f1c24c35f2dff83e1621568aab38d1b2766c735009035dc82c,"{""python"": ""3.10.21 (main, Aug 25 2026, 13:58:42) [MSC v.1944 64 bit (AMD64)]"", ""torch"": ""2.2.1+cu121"", ""numpy"": ""1.23.5"", ""cuda"": ""12.1"", ""gpu"": ""NVIDIA GeForce RTX 3090""}"
cfmi,physionet2012,author_protocol,paper_mask,0.5,0.5,2,,mae,0.3414443538088822,cfmi_physio_original_fold2_missing0.5,0.0,6673.7029999999795,,,100,200,configs/experiments/fm_campaign_jobs/cfmi_physio_fold2_missing0.5.json,d4d8da228151e96a9ad5cd9aa913da369610d52b05bc9cf700c969fb234df735,experiments/runs/flow_matching_campaign/cfmi_original_fold2_missing0.5/result.json,53db65fc1992ecebcdc8e630ebd3f4ad743f26b1733923f8b0cc7e13353d849b,,,"{""python"": ""3.10.21 (main, Aug 25 2026, 13:58:42) [MSC v.1944 64 bit (AMD64)]"", ""torch"": ""2.2.1+cu121"", ""numpy"": ""1.23.5"", ""cuda"": ""12.1"", ""gpu"": ""NVIDIA GeForce RTX 3090""}"
cfmi,physionet2012,author_protocol,paper_mask,0.5,0.5,2,,rmse,0.6586896687206838,cfmi_physio_original_fold2_missing0.5,0.0,6673.7029999999795,,,100,200,configs/experiments/fm_campaign_jobs/cfmi_physio_fold2_missing0.5.json,d4d8da228151e96a9ad5cd9aa913da369610d52b05bc9cf700c969fb234df735,experiments/runs/flow_matching_campaign/cfmi_original_fold2_missing0.5/result.json,53db65fc1992ecebcdc8e630ebd3f4ad743f26b1733923f8b0cc7e13353d849b,,,"{""python"": ""3.10.21 (main, Aug 25 2026, 13:58:42) [MSC v.1944 64 bit (AMD64)]"", ""torch"": ""2.2.1+cu121"", ""numpy"": ""1.23.5"", ""cuda"": ""12.1"", ""gpu"": ""NVIDIA GeForce RTX 3090""}"
cfmi,physionet2012,author_protocol,paper_mask,0.5,0.5,2,,crps,0.35295563216610015,cfmi_physio_original_fold2_missing0.5,0.0,6673.7029999999795,,,100,200,configs/experiments/fm_campaign_jobs/cfmi_physio_fold2_missing0.5.json,d4d8da228151e96a9ad5cd9aa913da369610d52b05bc9cf700c969fb234df735,experiments/runs/flow_matching_campaign/cfmi_original_fold2_missing0.5/result.json,53db65fc1992ecebcdc8e630ebd3f4ad743f26b1733923f8b0cc7e13353d849b,,,"{""python"": ""3.10.21 (main, Aug 25 2026, 13:58:42) [MSC v.1944 64 bit (AMD64)]"", ""torch"": ""2.2.1+cu121"", ""numpy"": ""1.23.5"", ""cuda"": ""12.1"", ""gpu"": ""NVIDIA GeForce RTX 3090""}"
cfmi,physionet2012,author_protocol,paper_mask,0.5,0.5,2,,normalized_crps,0.3548268070621754,cfmi_physio_original_fold2_missing0.5,0.0,6673.7029999999795,,,100,200,configs/experiments/fm_campaign_jobs/cfmi_physio_fold2_missing0.5.json,d4d8da228151e96a9ad5cd9aa913da369610d52b05bc9cf700c969fb234df735,experiments/runs/flow_matching_campaign/cfmi_original_fold2_missing0.5/result.json,53db65fc1992ecebcdc8e630ebd3f4ad743f26b1733923f8b0cc7e13353d849b,,,"{""python"": ""3.10.21 (main, Aug 25 2026, 13:58:42) [MSC v.1944 64 bit (AMD64)]"", ""torch"": ""2.2.1+cu121"", ""numpy"": ""1.23.5"", ""cuda"": ""12.1"", ""gpu"": ""NVIDIA GeForce RTX 3090""}"
csdi,physionet2012,author_protocol,paper_mask,0.9,0.9,2,1,mae,0.47953683226320504,csdi_physio_original_fold2_missing0.9,0.031999999890103936,3212.5,235313.0,800,100,200,configs/experiments/fm_campaign_jobs/csdi_physio_fold2_missing0.9.json,e5ba969bc392fb0187c46593d61a02acd0e7caf258c9df1a16358ffe5f299917,experiments/runs/flow_matching_campaign/csdi_original_fold2_missing0.9/result.json,937bd23fc8c240e6b745cf181e5685616cdd22784f73607ddb892c2d0f06067c,f86920e2eab40faff7f527cefd1e098b742166f2ce9ddbe4532b08bdc125347a,b5e96aee381715f1c24c35f2dff83e1621568aab38d1b2766c735009035dc82c,"{""python"": ""3.10.21 (main, Aug 25 2026, 13:58:42) [MSC v.1944 64 bit (AMD64)]"", ""torch"": ""2.2.1+cu121"", ""numpy"": ""1.23.5"", ""cuda"": ""12.1"", ""gpu"": ""NVIDIA GeForce RTX 3090""}"
csdi,physionet2012,author_protocol,paper_mask,0.9,0.9,2,1,rmse,0.8624005167689106,csdi_physio_original_fold2_missing0.9,0.031999999890103936,3212.5,235313.0,800,100,200,configs/experiments/fm_campaign_jobs/csdi_physio_fold2_missing0.9.json,e5ba969bc392fb0187c46593d61a02acd0e7caf258c9df1a16358ffe5f299917,experiments/runs/flow_matching_campaign/csdi_original_fold2_missing0.9/result.json,937bd23fc8c240e6b745cf181e5685616cdd22784f73607ddb892c2d0f06067c,f86920e2eab40faff7f527cefd1e098b742166f2ce9ddbe4532b08bdc125347a,b5e96aee381715f1c24c35f2dff83e1621568aab38d1b2766c735009035dc82c,"{""python"": ""3.10.21 (main, Aug 25 2026, 13:58:42) [MSC v.1944 64 bit (AMD64)]"", ""torch"": ""2.2.1+cu121"", ""numpy"": ""1.23.5"", ""cuda"": ""12.1"", ""gpu"": ""NVIDIA GeForce RTX 3090""}"
csdi,physionet2012,author_protocol,paper_mask,0.9,0.9,2,1,normalized_crps,0.5241774211997854,csdi_physio_original_fold2_missing0.9,0.031999999890103936,3212.5,235313.0,800,100,200,configs/experiments/fm_campaign_jobs/csdi_physio_fold2_missing0.9.json,e5ba969bc392fb0187c46593d61a02acd0e7caf258c9df1a16358ffe5f299917,experiments/runs/flow_matching_campaign/csdi_original_fold2_missing0.9/result.json,937bd23fc8c240e6b745cf181e5685616cdd22784f73607ddb892c2d0f06067c,f86920e2eab40faff7f527cefd1e098b742166f2ce9ddbe4532b08bdc125347a,b5e96aee381715f1c24c35f2dff83e1621568aab38d1b2766c735009035dc82c,"{""python"": ""3.10.21 (main, Aug 25 2026, 13:58:42) [MSC v.1944 64 bit (AMD64)]"", ""torch"": ""2.2.1+cu121"", ""numpy"": ""1.23.5"", ""cuda"": ""12.1"", ""gpu"": ""NVIDIA GeForce RTX 3090""}"
cfmi,physionet2012,author_protocol,paper_mask,0.9,0.9,2,,mae,0.5800141160065629,cfmi_physio_original_fold2_missing0.9,0.0,6305.03199999989,,,100,200,configs/experiments/fm_campaign_jobs/cfmi_physio_fold2_missing0.9.json,f8f9f65dd0de3ec7e1d788c37eab34208bdf12889b71632f640a066185426f5d,experiments/runs/flow_matching_campaign/cfmi_original_fold2_missing0.9/result.json,02d07cc0e361f53d0588136e79bb0c3b85a261c5bc097bb7d9b54d2a53815abe,,,"{""python"": ""3.10.21 (main, Aug 25 2026, 13:58:42) [MSC v.1944 64 bit (AMD64)]"", ""torch"": ""2.2.1+cu121"", ""numpy"": ""1.23.5"", ""cuda"": ""12.1"", ""gpu"": ""NVIDIA GeForce RTX 3090""}"
cfmi,physionet2012,author_protocol,paper_mask,0.9,0.9,2,,rmse,0.9161240882478968,cfmi_physio_original_fold2_missing0.9,0.0,6305.03199999989,,,100,200,configs/experiments/fm_campaign_jobs/cfmi_physio_fold2_missing0.9.json,f8f9f65dd0de3ec7e1d788c37eab34208bdf12889b71632f640a066185426f5d,experiments/runs/flow_matching_campaign/cfmi_original_fold2_missing0.9/result.json,02d07cc0e361f53d0588136e79bb0c3b85a261c5bc097bb7d9b54d2a53815abe,,,"{""python"": ""3.10.21 (main, Aug 25 2026, 13:58:42) [MSC v.1944 64 bit (AMD64)]"", ""torch"": ""2.2.1+cu121"", ""numpy"": ""1.23.5"", ""cuda"": ""12.1"", ""gpu"": ""NVIDIA GeForce RTX 3090""}"
cfmi,physionet2012,author_protocol,paper_mask,0.9,0.9,2,,crps,0.5637893502117313,cfmi_physio_original_fold2_missing0.9,0.0,6305.03199999989,,,100,200,configs/experiments/fm_campaign_jobs/cfmi_physio_fold2_missing0.9.json,f8f9f65dd0de3ec7e1d788c37eab34208bdf12889b71632f640a066185426f5d,experiments/runs/flow_matching_campaign/cfmi_original_fold2_missing0.9/result.json,02d07cc0e361f53d0588136e79bb0c3b85a261c5bc097bb7d9b54d2a53815abe,,,"{""python"": ""3.10.21 (main, Aug 25 2026, 13:58:42) [MSC v.1944 64 bit (AMD64)]"", ""torch"": ""2.2.1+cu121"", ""numpy"": ""1.23.5"", ""cuda"": ""12.1"", ""gpu"": ""NVIDIA GeForce RTX 3090""}"
cfmi,physionet2012,author_protocol,paper_mask,0.9,0.9,2,,normalized_crps,0.6007355150370876,cfmi_physio_original_fold2_missing0.9,0.0,6305.03199999989,,,100,200,configs/experiments/fm_campaign_jobs/cfmi_physio_fold2_missing0.9.json,f8f9f65dd0de3ec7e1d788c37eab34208bdf12889b71632f640a066185426f5d,experiments/runs/flow_matching_campaign/cfmi_original_fold2_missing0.9/result.json,02d07cc0e361f53d0588136e79bb0c3b85a261c5bc097bb7d9b54d2a53815abe,,,"{""python"": ""3.10.21 (main, Aug 25 2026, 13:58:42) [MSC v.1944 64 bit (AMD64)]"", ""torch"": ""2.2.1+cu121"", ""numpy"": ""1.23.5"", ""cuda"": ""12.1"", ""gpu"": ""NVIDIA GeForce RTX 3090""}"
csdi,physionet2012,author_protocol,paper_mask,0.1,0.1,3,1,mae,0.21858288909014742,csdi_physio_original_fold3_missing0.1,1885.4529999999795,3268.375,25778.0,800,100,200,configs/experiments/fm_campaign_jobs/csdi_physio_fold3_missing0.1.json,41f9b1d88fddbfa578d23c47dba198beab4a226e92178e15ca24c5f73000e11f,experiments/runs/flow_matching_campaign/csdi_original_fold3_missing0.1/result.json,86830cf6a8948e4fdb54368a23316c440040ea9c85e9ef84ecbce3305a7a22a0,cb902c934a5f6be30987ae19f3f3399bccdc29137948c3eeeebbad5493165fc7,50ef99c475ef41ebe74c38ef46f1fdc1d84431b35bd7ca38bb07ec803bf0cd85,"{""python"": ""3.10.21 (main, Aug 25 2026, 13:58:42) [MSC v.1944 64 bit (AMD64)]"", ""torch"": ""2.2.1+cu121"", ""numpy"": ""1.23.5"", ""cuda"": ""12.1"", ""gpu"": ""NVIDIA GeForce RTX 3090""}"
csdi,physionet2012,author_protocol,paper_mask,0.1,0.1,3,1,rmse,0.566023469755794,csdi_physio_original_fold3_missing0.1,1885.4529999999795,3268.375,25778.0,800,100,200,configs/experiments/fm_campaign_jobs/csdi_physio_fold3_missing0.1.json,41f9b1d88fddbfa578d23c47dba198beab4a226e92178e15ca24c5f73000e11f,experiments/runs/flow_matching_campaign/csdi_original_fold3_missing0.1/result.json,86830cf6a8948e4fdb54368a23316c440040ea9c85e9ef84ecbce3305a7a22a0,cb902c934a5f6be30987ae19f3f3399bccdc29137948c3eeeebbad5493165fc7,50ef99c475ef41ebe74c38ef46f1fdc1d84431b35bd7ca38bb07ec803bf0cd85,"{""python"": ""3.10.21 (main, Aug 25 2026, 13:58:42) [MSC v.1944 64 bit (AMD64)]"", ""torch"": ""2.2.1+cu121"", ""numpy"": ""1.23.5"", ""cuda"": ""12.1"", ""gpu"": ""NVIDIA GeForce RTX 3090""}"
csdi,physionet2012,author_protocol,paper_mask,0.1,0.1,3,1,normalized_crps,0.23927509003135145,csdi_physio_original_fold3_missing0.1,1885.4529999999795,3268.375,25778.0,800,100,200,configs/experiments/fm_campaign_jobs/csdi_physio_fold3_missing0.1.json,41f9b1d88fddbfa578d23c47dba198beab4a226e92178e15ca24c5f73000e11f,experiments/runs/flow_matching_campaign/csdi_original_fold3_missing0.1/result.json,86830cf6a8948e4fdb54368a23316c440040ea9c85e9ef84ecbce3305a7a22a0,cb902c934a5f6be30987ae19f3f3399bccdc29137948c3eeeebbad5493165fc7,50ef99c475ef41ebe74c38ef46f1fdc1d84431b35bd7ca38bb07ec803bf0cd85,"{""python"": ""3.10.21 (main, Aug 25 2026, 13:58:42) [MSC v.1944 64 bit (AMD64)]"", ""torch"": ""2.2.1+cu121"", ""numpy"": ""1.23.5"", ""cuda"": ""12.1"", ""gpu"": ""NVIDIA GeForce RTX 3090""}"
cfmi,physionet2012,author_protocol,paper_mask,0.1,0.1,3,,mae,0.24495577961234324,cfmi_physio_original_fold3_missing0.1,1743.7960000000894,6289.48499999987,,,100,200,configs/experiments/fm_campaign_jobs/cfmi_physio_fold3_missing0.1.json,c2c3d66a5e290cdd26f559024292917d069d12cc8b4c54a7b896cfe8031c79e0,experiments/runs/flow_matching_campaign/cfmi_original_fold3_missing0.1/result.json,0c477649f80e37f009b61e6be976f59a2891a953bfe31602874d1d030d4cc105,,,"{""python"": ""3.10.21 (main, Aug 25 2026, 13:58:42) [MSC v.1944 64 bit (AMD64)]"", ""torch"": ""2.2.1+cu121"", ""numpy"": ""1.23.5"", ""cuda"": ""12.1"", ""gpu"": ""NVIDIA GeForce RTX 3090""}"
cfmi,physionet2012,author_protocol,paper_mask,0.1,0.1,3,,rmse,0.5122145110069823,cfmi_physio_original_fold3_missing0.1,1743.7960000000894,6289.48499999987,,,100,200,configs/experiments/fm_campaign_jobs/cfmi_physio_fold3_missing0.1.json,c2c3d66a5e290cdd26f559024292917d069d12cc8b4c54a7b896cfe8031c79e0,experiments/runs/flow_matching_campaign/cfmi_original_fold3_missing0.1/result.json,0c477649f80e37f009b61e6be976f59a2891a953bfe31602874d1d030d4cc105,,,"{""python"": ""3.10.21 (main, Aug 25 2026, 13:58:42) [MSC v.1944 64 bit (AMD64)]"", ""torch"": ""2.2.1+cu121"", ""numpy"": ""1.23.5"", ""cuda"": ""12.1"", ""gpu"": ""NVIDIA GeForce RTX 3090""}"
cfmi,physionet2012,author_protocol,paper_mask,0.1,0.1,3,,crps,0.24760067704500263,cfmi_physio_original_fold3_missing0.1,1743.7960000000894,6289.48499999987,,,100,200,configs/experiments/fm_campaign_jobs/cfmi_physio_fold3_missing0.1.json,c2c3d66a5e290cdd26f559024292917d069d12cc8b4c54a7b896cfe8031c79e0,experiments/runs/flow_matching_campaign/cfmi_original_fold3_missing0.1/result.json,0c477649f80e37f009b61e6be976f59a2891a953bfe31602874d1d030d4cc105,,,"{""python"": ""3.10.21 (main, Aug 25 2026, 13:58:42) [MSC v.1944 64 bit (AMD64)]"", ""torch"": ""2.2.1+cu121"", ""numpy"": ""1.23.5"", ""cuda"": ""12.1"", ""gpu"": ""NVIDIA GeForce RTX 3090""}"
cfmi,physionet2012,author_protocol,paper_mask,0.1,0.1,3,,normalized_crps,0.26002274493367805,cfmi_physio_original_fold3_missing0.1,1743.7960000000894,6289.48499999987,,,100,200,configs/experiments/fm_campaign_jobs/cfmi_physio_fold3_missing0.1.json,c2c3d66a5e290cdd26f559024292917d069d12cc8b4c54a7b896cfe8031c79e0,experiments/runs/flow_matching_campaign/cfmi_original_fold3_missing0.1/result.json,0c477649f80e37f009b61e6be976f59a2891a953bfe31602874d1d030d4cc105,,,"{""python"": ""3.10.21 (main, Aug 25 2026, 13:58:42) [MSC v.1944 64 bit (AMD64)]"", ""torch"": ""2.2.1+cu121"", ""numpy"": ""1.23.5"", ""cuda"": ""12.1"", ""gpu"": ""NVIDIA GeForce RTX 3090""}"
csdi,physionet2012,author_protocol,paper_mask,0.5,0.5,3,1,mae,0.29833343948468594,csdi_physio_original_fold3_missing0.5,0.030999999959021807,3270.9220000000205,130452.0,800,100,200,configs/experiments/fm_campaign_jobs/csdi_physio_fold3_missing0.5.json,42c95b6a1868aa978224ded2863023787366170518dc1eb34d3354c1ef9d710c,experiments/runs/flow_matching_campaign/csdi_original_fold3_missing0.5/result.json,8b724b5b40179acb35e9b723ad358c51b5517cbd6ebb479ca2f700cc34f2d567,69425f4003c71bf2e13d510075c65607a48296f94a1992de84bdfd774cb6024a,50ef99c475ef41ebe74c38ef46f1fdc1d84431b35bd7ca38bb07ec803bf0cd85,"{""python"": ""3.10.21 (main, Aug 25 2026, 13:58:42) [MSC v.1944 64 bit (AMD64)]"", ""torch"": ""2.2.1+cu121"", ""numpy"": ""1.23.5"", ""cuda"": ""12.1"", ""gpu"": ""NVIDIA GeForce RTX 3090""}"
csdi,physionet2012,author_protocol,paper_mask,0.5,0.5,3,1,rmse,0.6024166296966686,csdi_physio_original_fold3_missing0.5,0.030999999959021807,3270.9220000000205,130452.0,800,100,200,configs/experiments/fm_campaign_jobs/csdi_physio_fold3_missing0.5.json,42c95b6a1868aa978224ded2863023787366170518dc1eb34d3354c1ef9d710c,experiments/runs/flow_matching_campaign/csdi_original_fold3_missing0.5/result.json,8b724b5b40179acb35e9b723ad358c51b5517cbd6ebb479ca2f700cc34f2d567,69425f4003c71bf2e13d510075c65607a48296f94a1992de84bdfd774cb6024a,50ef99c475ef41ebe74c38ef46f1fdc1d84431b35bd7ca38bb07ec803bf0cd85,"{""python"": ""3.10.21 (main, Aug 25 2026, 13:58:42) [MSC v.1944 64 bit (AMD64)]"", ""torch"": ""2.2.1+cu121"", ""numpy"": ""1.23.5"", ""cuda"": ""12.1"", ""gpu"": ""NVIDIA GeForce RTX 3090""}"
csdi,physionet2012,author_protocol,paper_mask,0.5,0.5,3,1,normalized_crps,0.32782502488680026,csdi_physio_original_fold3_missing0.5,0.030999999959021807,3270.9220000000205,130452.0,800,100,200,configs/experiments/fm_campaign_jobs/csdi_physio_fold3_missing0.5.json,42c95b6a1868aa978224ded2863023787366170518dc1eb34d3354c1ef9d710c,experiments/runs/flow_matching_campaign/csdi_original_fold3_missing0.5/result.json,8b724b5b40179acb35e9b723ad358c51b5517cbd6ebb479ca2f700cc34f2d567,69425f4003c71bf2e13d510075c65607a48296f94a1992de84bdfd774cb6024a,50ef99c475ef41ebe74c38ef46f1fdc1d84431b35bd7ca38bb07ec803bf0cd85,"{""python"": ""3.10.21 (main, Aug 25 2026, 13:58:42) [MSC v.1944 64 bit (AMD64)]"", ""torch"": ""2.2.1+cu121"", ""numpy"": ""1.23.5"", ""cuda"": ""12.1"", ""gpu"": ""NVIDIA GeForce RTX 3090""}"
cfmi,physionet2012,author_protocol,paper_mask,0.5,0.5,3,,mae,0.3426170641232475,cfmi_physio_original_fold3_missing0.5,0.0,6291.561999999918,,,100,200,configs/experiments/fm_campaign_jobs/cfmi_physio_fold3_missing0.5.json,fdaf7ed6e2da4142d5b13790eeed2e946d441a19670b4b9d388ffd2b32c8b915,experiments/runs/flow_matching_campaign/cfmi_original_fold3_missing0.5/result.json,af0dc85b3978e831f082b658ddd2675e39da1225229bd11ffa359bbade292c28,,,"{""python"": ""3.10.21 (main, Aug 25 2026, 13:58:42) [MSC v.1944 64 bit (AMD64)]"", ""torch"": ""2.2.1+cu121"", ""numpy"": ""1.23.5"", ""cuda"": ""12.1"", ""gpu"": ""NVIDIA GeForce RTX 3090""}"
cfmi,physionet2012,author_protocol,paper_mask,0.5,0.5,3,,rmse,0.6434153602874294,cfmi_physio_original_fold3_missing0.5,0.0,6291.561999999918,,,100,200,configs/experiments/fm_campaign_jobs/cfmi_physio_fold3_missing0.5.json,fdaf7ed6e2da4142d5b13790eeed2e946d441a19670b4b9d388ffd2b32c8b915,experiments/runs/flow_matching_campaign/cfmi_original_fold3_missing0.5/result.json,af0dc85b3978e831f082b658ddd2675e39da1225229bd11ffa359bbade292c28,,,"{""python"": ""3.10.21 (main, Aug 25 2026, 13:58:42) [MSC v.1944 64 bit (AMD64)]"", ""torch"": ""2.2.1+cu121"", ""numpy"": ""1.23.5"", ""cuda"": ""12.1"", ""gpu"": ""NVIDIA GeForce RTX 3090""}"
cfmi,physionet2012,author_protocol,paper_mask,0.5,0.5,3,,crps,0.34546242634347013,cfmi_physio_original_fold3_missing0.5,0.0,6291.561999999918,,,100,200,configs/experiments/fm_campaign_jobs/cfmi_physio_fold3_missing0.5.json,fdaf7ed6e2da4142d5b13790eeed2e946d441a19670b4b9d388ffd2b32c8b915,experiments/runs/flow_matching_campaign/cfmi_original_fold3_missing0.5/result.json,af0dc85b3978e831f082b658ddd2675e39da1225229bd11ffa359bbade292c28,,,"{""python"": ""3.10.21 (main, Aug 25 2026, 13:58:42) [MSC v.1944 64 bit (AMD64)]"", ""torch"": ""2.2.1+cu121"", ""numpy"": ""1.23.5"", ""cuda"": ""12.1"", ""gpu"": ""NVIDIA GeForce RTX 3090""}"
cfmi,physionet2012,author_protocol,paper_mask,0.5,0.5,3,,normalized_crps,0.36030582874262496,cfmi_physio_original_fold3_missing0.5,0.0,6291.561999999918,,,100,200,configs/experiments/fm_campaign_jobs/cfmi_physio_fold3_missing0.5.json,fdaf7ed6e2da4142d5b13790eeed2e946d441a19670b4b9d388ffd2b32c8b915,experiments/runs/flow_matching_campaign/cfmi_original_fold3_missing0.5/result.json,af0dc85b3978e831f082b658ddd2675e39da1225229bd11ffa359bbade292c28,,,"{""python"": ""3.10.21 (main, Aug 25 2026, 13:58:42) [MSC v.1944 64 bit (AMD64)]"", ""torch"": ""2.2.1+cu121"", ""numpy"": ""1.23.5"", ""cuda"": ""12.1"", ""gpu"": ""NVIDIA GeForce RTX 3090""}"
csdi,physionet2012,author_protocol,paper_mask,0.9,0.9,3,1,mae,0.47047650253636564,csdi_physio_original_fold3_missing0.9,0.015999999828636646,3218.8910000000615,234794.0,800,100,200,configs/experiments/fm_campaign_jobs/csdi_physio_fold3_missing0.9.json,c83365cdb9c9fd97d9f6e9a10efdc7465e9c9cc5c60b5e6857f79444b619c32b,experiments/runs/flow_matching_campaign/csdi_original_fold3_missing0.9/result.json,a9711eb0a02ed352605d5cad18989b0ccc08b85e59c9c3a19478ca3517422e41,0106a2003c7b8fb1e2da59237c1c5efe06c19d443591f40f2e9f099a0aa68d5b,50ef99c475ef41ebe74c38ef46f1fdc1d84431b35bd7ca38bb07ec803bf0cd85,"{""python"": ""3.10.21 (main, Aug 25 2026, 13:58:42) [MSC v.1944 64 bit (AMD64)]"", ""torch"": ""2.2.1+cu121"", ""numpy"": ""1.23.5"", ""cuda"": ""12.1"", ""gpu"": ""NVIDIA GeForce RTX 3090""}"
csdi,physionet2012,author_protocol,paper_mask,0.9,0.9,3,1,rmse,0.784825754157929,csdi_physio_original_fold3_missing0.9,0.015999999828636646,3218.8910000000615,234794.0,800,100,200,configs/experiments/fm_campaign_jobs/csdi_physio_fold3_missing0.9.json,c83365cdb9c9fd97d9f6e9a10efdc7465e9c9cc5c60b5e6857f79444b619c32b,experiments/runs/flow_matching_campaign/csdi_original_fold3_missing0.9/result.json,a9711eb0a02ed352605d5cad18989b0ccc08b85e59c9c3a19478ca3517422e41,0106a2003c7b8fb1e2da59237c1c5efe06c19d443591f40f2e9f099a0aa68d5b,50ef99c475ef41ebe74c38ef46f1fdc1d84431b35bd7ca38bb07ec803bf0cd85,"{""python"": ""3.10.21 (main, Aug 25 2026, 13:58:42) [MSC v.1944 64 bit (AMD64)]"", ""torch"": ""2.2.1+cu121"", ""numpy"": ""1.23.5"", ""cuda"": ""12.1"", ""gpu"": ""NVIDIA GeForce RTX 3090""}"
csdi,physionet2012,author_protocol,paper_mask,0.9,0.9,3,1,normalized_crps,0.5140914856369644,csdi_physio_original_fold3_missing0.9,0.015999999828636646,3218.8910000000615,234794.0,800,100,200,configs/experiments/fm_campaign_jobs/csdi_physio_fold3_missing0.9.json,c83365cdb9c9fd97d9f6e9a10efdc7465e9c9cc5c60b5e6857f79444b619c32b,experiments/runs/flow_matching_campaign/csdi_original_fold3_missing0.9/result.json,a9711eb0a02ed352605d5cad18989b0ccc08b85e59c9c3a19478ca3517422e41,0106a2003c7b8fb1e2da59237c1c5efe06c19d443591f40f2e9f099a0aa68d5b,50ef99c475ef41ebe74c38ef46f1fdc1d84431b35bd7ca38bb07ec803bf0cd85,"{""python"": ""3.10.21 (main, Aug 25 2026, 13:58:42) [MSC v.1944 64 bit (AMD64)]"", ""torch"": ""2.2.1+cu121"", ""numpy"": ""1.23.5"", ""cuda"": ""12.1"", ""gpu"": ""NVIDIA GeForce RTX 3090""}"
cfmi,physionet2012,author_protocol,paper_mask,0.9,0.9,3,,mae,0.5633905052052212,cfmi_physio_original_fold3_missing0.9,0.0,6283.031000000192,,,100,200,configs/experiments/fm_campaign_jobs/cfmi_physio_fold3_missing0.9.json,4c5b594bb87c578e03a0ceadc84017a2e7adb3149c40871674b500236d54d97d,experiments/runs/flow_matching_campaign/cfmi_original_fold3_missing0.9/result.json,1a803a6cb3f4b2c7c274d211d8d5514910c5ead1a72b2c22d4f7b4915e533573,,,"{""python"": ""3.10.21 (main, Aug 25 2026, 13:58:42) [MSC v.1944 64 bit (AMD64)]"", ""torch"": ""2.2.1+cu121"", ""numpy"": ""1.23.5"", ""cuda"": ""12.1"", ""gpu"": ""NVIDIA GeForce RTX 3090""}"
cfmi,physionet2012,author_protocol,paper_mask,0.9,0.9,3,,rmse,0.8717629534407527,cfmi_physio_original_fold3_missing0.9,0.0,6283.031000000192,,,100,200,configs/experiments/fm_campaign_jobs/cfmi_physio_fold3_missing0.9.json,4c5b594bb87c578e03a0ceadc84017a2e7adb3149c40871674b500236d54d97d,experiments/runs/flow_matching_campaign/cfmi_original_fold3_missing0.9/result.json,1a803a6cb3f4b2c7c274d211d8d5514910c5ead1a72b2c22d4f7b4915e533573,,,"{""python"": ""3.10.21 (main, Aug 25 2026, 13:58:42) [MSC v.1944 64 bit (AMD64)]"", ""torch"": ""2.2.1+cu121"", ""numpy"": ""1.23.5"", ""cuda"": ""12.1"", ""gpu"": ""NVIDIA GeForce RTX 3090""}"
cfmi,physionet2012,author_protocol,paper_mask,0.9,0.9,3,,crps,0.5241013615152476,cfmi_physio_original_fold3_missing0.9,0.0,6283.031000000192,,,100,200,configs/experiments/fm_campaign_jobs/cfmi_physio_fold3_missing0.9.json,4c5b594bb87c578e03a0ceadc84017a2e7adb3149c40871674b500236d54d97d,experiments/runs/flow_matching_campaign/cfmi_original_fold3_missing0.9/result.json,1a803a6cb3f4b2c7c274d211d8d5514910c5ead1a72b2c22d4f7b4915e533573,,,"{""python"": ""3.10.21 (main, Aug 25 2026, 13:58:42) [MSC v.1944 64 bit (AMD64)]"", ""torch"": ""2.2.1+cu121"", ""numpy"": ""1.23.5"", ""cuda"": ""12.1"", ""gpu"": ""NVIDIA GeForce RTX 3090""}"
cfmi,physionet2012,author_protocol,paper_mask,0.9,0.9,3,,normalized_crps,0.5937412069185276,cfmi_physio_original_fold3_missing0.9,0.0,6283.031000000192,,,100,200,configs/experiments/fm_campaign_jobs/cfmi_physio_fold3_missing0.9.json,4c5b594bb87c578e03a0ceadc84017a2e7adb3149c40871674b500236d54d97d,experiments/runs/flow_matching_campaign/cfmi_original_fold3_missing0.9/result.json,1a803a6cb3f4b2c7c274d211d8d5514910c5ead1a72b2c22d4f7b4915e533573,,,"{""python"": ""3.10.21 (main, Aug 25 2026, 13:58:42) [MSC v.1944 64 bit (AMD64)]"", ""torch"": ""2.2.1+cu121"", ""numpy"": ""1.23.5"", ""cuda"": ""12.1"", ""gpu"": ""NVIDIA GeForce RTX 3090""}"
csdi,physionet2012,author_protocol,paper_mask,0.1,0.1,4,1,mae,0.21911652063624093,csdi_physio_original_fold4_missing0.1,1892.0159999998286,3225.469000000041,25842.0,800,100,200,configs/experiments/fm_campaign_jobs/csdi_physio_fold4_missing0.1.json,7028e013a927831178689e5ac88c71986e3afe4c5f4b748fa7a5f8bf147f6b0c,experiments/runs/flow_matching_campaign/csdi_original_fold4_missing0.1/result.json,830077c3978ab550435c7a2494befd806a369429e7a696c09135b98fbf51ed91,37a042090a6b173397c4866bfbd2e0045401cbb7a3c651637a21b31927c9aa02,976955d385c205753c75ad6c6fbf2ad1c442526660af27f10b20d348c4d2ee57,"{""python"": ""3.10.21 (main, Aug 25 2026, 13:58:42) [MSC v.1944 64 bit (AMD64)]"", ""torch"": ""2.2.1+cu121"", ""numpy"": ""1.23.5"", ""cuda"": ""12.1"", ""gpu"": ""NVIDIA GeForce RTX 3090""}"
csdi,physionet2012,author_protocol,paper_mask,0.1,0.1,4,1,rmse,0.4952466924051367,csdi_physio_original_fold4_missing0.1,1892.0159999998286,3225.469000000041,25842.0,800,100,200,configs/experiments/fm_campaign_jobs/csdi_physio_fold4_missing0.1.json,7028e013a927831178689e5ac88c71986e3afe4c5f4b748fa7a5f8bf147f6b0c,experiments/runs/flow_matching_campaign/csdi_original_fold4_missing0.1/result.json,830077c3978ab550435c7a2494befd806a369429e7a696c09135b98fbf51ed91,37a042090a6b173397c4866bfbd2e0045401cbb7a3c651637a21b31927c9aa02,976955d385c205753c75ad6c6fbf2ad1c442526660af27f10b20d348c4d2ee57,"{""python"": ""3.10.21 (main, Aug 25 2026, 13:58:42) [MSC v.1944 64 bit (AMD64)]"", ""torch"": ""2.2.1+cu121"", ""numpy"": ""1.23.5"", ""cuda"": ""12.1"", ""gpu"": ""NVIDIA GeForce RTX 3090""}"
csdi,physionet2012,author_protocol,paper_mask,0.1,0.1,4,1,normalized_crps,0.24133781226964804,csdi_physio_original_fold4_missing0.1,1892.0159999998286,3225.469000000041,25842.0,800,100,200,configs/experiments/fm_campaign_jobs/csdi_physio_fold4_missing0.1.json,7028e013a927831178689e5ac88c71986e3afe4c5f4b748fa7a5f8bf147f6b0c,experiments/runs/flow_matching_campaign/csdi_original_fold4_missing0.1/result.json,830077c3978ab550435c7a2494befd806a369429e7a696c09135b98fbf51ed91,37a042090a6b173397c4866bfbd2e0045401cbb7a3c651637a21b31927c9aa02,976955d385c205753c75ad6c6fbf2ad1c442526660af27f10b20d348c4d2ee57,"{""python"": ""3.10.21 (main, Aug 25 2026, 13:58:42) [MSC v.1944 64 bit (AMD64)]"", ""torch"": ""2.2.1+cu121"", ""numpy"": ""1.23.5"", ""cuda"": ""12.1"", ""gpu"": ""NVIDIA GeForce RTX 3090""}"
cfmi,physionet2012,author_protocol,paper_mask,0.1,0.1,4,,mae,0.24755509810014203,cfmi_physio_original_fold4_missing0.1,1725.094000000041,6170.375,,,100,200,configs/experiments/fm_campaign_jobs/cfmi_physio_fold4_missing0.1.json,db6189689d99f9ff01f8453ce7778ea90cf17cd95161de6bf2ffab2a2702d9ec,experiments/runs/flow_matching_campaign/cfmi_original_fold4_missing0.1/result.json,6dd7dabc6a40a2df1b78193aa7c910af885f73d0674ad863e92dadce0751dfd0,,,"{""python"": ""3.10.21 (main, Aug 25 2026, 13:58:42) [MSC v.1944 64 bit (AMD64)]"", ""torch"": ""2.2.1+cu121"", ""numpy"": ""1.23.5"", ""cuda"": ""12.1"", ""gpu"": ""NVIDIA GeForce RTX 3090""}"
cfmi,physionet2012,author_protocol,paper_mask,0.1,0.1,4,,rmse,0.5098278046441344,cfmi_physio_original_fold4_missing0.1,1725.094000000041,6170.375,,,100,200,configs/experiments/fm_campaign_jobs/cfmi_physio_fold4_missing0.1.json,db6189689d99f9ff01f8453ce7778ea90cf17cd95161de6bf2ffab2a2702d9ec,experiments/runs/flow_matching_campaign/cfmi_original_fold4_missing0.1/result.json,6dd7dabc6a40a2df1b78193aa7c910af885f73d0674ad863e92dadce0751dfd0,,,"{""python"": ""3.10.21 (main, Aug 25 2026, 13:58:42) [MSC v.1944 64 bit (AMD64)]"", ""torch"": ""2.2.1+cu121"", ""numpy"": ""1.23.5"", ""cuda"": ""12.1"", ""gpu"": ""NVIDIA GeForce RTX 3090""}"
cfmi,physionet2012,author_protocol,paper_mask,0.1,0.1,4,,crps,0.23210314888417663,cfmi_physio_original_fold4_missing0.1,1725.094000000041,6170.375,,,100,200,configs/experiments/fm_campaign_jobs/cfmi_physio_fold4_missing0.1.json,db6189689d99f9ff01f8453ce7778ea90cf17cd95161de6bf2ffab2a2702d9ec,experiments/runs/flow_matching_campaign/cfmi_original_fold4_missing0.1/result.json,6dd7dabc6a40a2df1b78193aa7c910af885f73d0674ad863e92dadce0751dfd0,,,"{""python"": ""3.10.21 (main, Aug 25 2026, 13:58:42) [MSC v.1944 64 bit (AMD64)]"", ""torch"": ""2.2.1+cu121"", ""numpy"": ""1.23.5"", ""cuda"": ""12.1"", ""gpu"": ""NVIDIA GeForce RTX 3090""}"
cfmi,physionet2012,author_protocol,paper_mask,0.1,0.1,4,,normalized_crps,0.25994444056492383,cfmi_physio_original_fold4_missing0.1,1725.094000000041,6170.375,,,100,200,configs/experiments/fm_campaign_jobs/cfmi_physio_fold4_missing0.1.json,db6189689d99f9ff01f8453ce7778ea90cf17cd95161de6bf2ffab2a2702d9ec,experiments/runs/flow_matching_campaign/cfmi_original_fold4_missing0.1/result.json,6dd7dabc6a40a2df1b78193aa7c910af885f73d0674ad863e92dadce0751dfd0,,,"{""python"": ""3.10.21 (main, Aug 25 2026, 13:58:42) [MSC v.1944 64 bit (AMD64)]"", ""torch"": ""2.2.1+cu121"", ""numpy"": ""1.23.5"", ""cuda"": ""12.1"", ""gpu"": ""NVIDIA GeForce RTX 3090""}"
csdi,physionet2012,author_protocol,paper_mask,0.5,0.5,4,1,mae,0.302212745673621,csdi_physio_original_fold4_missing0.5,0.01600000006146729,3198.125,130782.0,800,100,200,configs/experiments/fm_campaign_jobs/csdi_physio_fold4_missing0.5.json,a03d8d9c058f87cc3c0c6f4e2a1eec374c1e77e94260f3311ec705a83a9a5dd2,experiments/runs/flow_matching_campaign/csdi_original_fold4_missing0.5/result.json,e4eb4f92af6536fa9512a4249f03987f83a8e150328045657fe06f72fbe7c38b,337dba68e6d2bc232587b6512ed150a1c8769a2224d7dcfbef825a4e8874b022,976955d385c205753c75ad6c6fbf2ad1c442526660af27f10b20d348c4d2ee57,"{""python"": ""3.10.21 (main, Aug 25 2026, 13:58:42) [MSC v.1944 64 bit (AMD64)]"", ""torch"": ""2.2.1+cu121"", ""numpy"": ""1.23.5"", ""cuda"": ""12.1"", ""gpu"": ""NVIDIA GeForce RTX 3090""}"
csdi,physionet2012,author_protocol,paper_mask,0.5,0.5,4,1,rmse,0.605248334414135,csdi_physio_original_fold4_missing0.5,0.01600000006146729,3198.125,130782.0,800,100,200,configs/experiments/fm_campaign_jobs/csdi_physio_fold4_missing0.5.json,a03d8d9c058f87cc3c0c6f4e2a1eec374c1e77e94260f3311ec705a83a9a5dd2,experiments/runs/flow_matching_campaign/csdi_original_fold4_missing0.5/result.json,e4eb4f92af6536fa9512a4249f03987f83a8e150328045657fe06f72fbe7c38b,337dba68e6d2bc232587b6512ed150a1c8769a2224d7dcfbef825a4e8874b022,976955d385c205753c75ad6c6fbf2ad1c442526660af27f10b20d348c4d2ee57,"{""python"": ""3.10.21 (main, Aug 25 2026, 13:58:42) [MSC v.1944 64 bit (AMD64)]"", ""torch"": ""2.2.1+cu121"", ""numpy"": ""1.23.5"", ""cuda"": ""12.1"", ""gpu"": ""NVIDIA GeForce RTX 3090""}"
csdi,physionet2012,author_protocol,paper_mask,0.5,0.5,4,1,normalized_crps,0.33202686500366285,csdi_physio_original_fold4_missing0.5,0.01600000006146729,3198.125,130782.0,800,100,200,configs/experiments/fm_campaign_jobs/csdi_physio_fold4_missing0.5.json,a03d8d9c058f87cc3c0c6f4e2a1eec374c1e77e94260f3311ec705a83a9a5dd2,experiments/runs/flow_matching_campaign/csdi_original_fold4_missing0.5/result.json,e4eb4f92af6536fa9512a4249f03987f83a8e150328045657fe06f72fbe7c38b,337dba68e6d2bc232587b6512ed150a1c8769a2224d7dcfbef825a4e8874b022,976955d385c205753c75ad6c6fbf2ad1c442526660af27f10b20d348c4d2ee57,"{""python"": ""3.10.21 (main, Aug 25 2026, 13:58:42) [MSC v.1944 64 bit (AMD64)]"", ""torch"": ""2.2.1+cu121"", ""numpy"": ""1.23.5"", ""cuda"": ""12.1"", ""gpu"": ""NVIDIA GeForce RTX 3090""}"
cfmi,physionet2012,author_protocol,paper_mask,0.5,0.5,4,,mae,0.3418628951981649,cfmi_physio_original_fold4_missing0.5,0.0,6154.2339999999385,,,100,200,configs/experiments/fm_campaign_jobs/cfmi_physio_fold4_missing0.5.json,24dba702b1b527fd463e416355e91c882cf82572103db7a0e2c9bc1dbf8cc448,experiments/runs/flow_matching_campaign/cfmi_original_fold4_missing0.5/result.json,e9c801fa55a4af1f7dd662a3197eef5b000aa125c689b2ec26162843092bcb05,,,"{""python"": ""3.10.21 (main, Aug 25 2026, 13:58:42) [MSC v.1944 64 bit (AMD64)]"", ""torch"": ""2.2.1+cu121"", ""numpy"": ""1.23.5"", ""cuda"": ""12.1"", ""gpu"": ""NVIDIA GeForce RTX 3090""}"
cfmi,physionet2012,author_protocol,paper_mask,0.5,0.5,4,,rmse,0.6210737577963873,cfmi_physio_original_fold4_missing0.5,0.0,6154.2339999999385,,,100,200,configs/experiments/fm_campaign_jobs/cfmi_physio_fold4_missing0.5.json,24dba702b1b527fd463e416355e91c882cf82572103db7a0e2c9bc1dbf8cc448,experiments/runs/flow_matching_campaign/cfmi_original_fold4_missing0.5/result.json,e9c801fa55a4af1f7dd662a3197eef5b000aa125c689b2ec26162843092bcb05,,,"{""python"": ""3.10.21 (main, Aug 25 2026, 13:58:42) [MSC v.1944 64 bit (AMD64)]"", ""torch"": ""2.2.1+cu121"", ""numpy"": ""1.23.5"", ""cuda"": ""12.1"", ""gpu"": ""NVIDIA GeForce RTX 3090""}"
cfmi,physionet2012,author_protocol,paper_mask,0.5,0.5,4,,crps,0.2998016426694667,cfmi_physio_original_fold4_missing0.5,0.0,6154.2339999999385,,,100,200,configs/experiments/fm_campaign_jobs/cfmi_physio_fold4_missing0.5.json,24dba702b1b527fd463e416355e91c882cf82572103db7a0e2c9bc1dbf8cc448,experiments/runs/flow_matching_campaign/cfmi_original_fold4_missing0.5/result.json,e9c801fa55a4af1f7dd662a3197eef5b000aa125c689b2ec26162843092bcb05,,,"{""python"": ""3.10.21 (main, Aug 25 2026, 13:58:42) [MSC v.1944 64 bit (AMD64)]"", ""torch"": ""2.2.1+cu121"", ""numpy"": ""1.23.5"", ""cuda"": ""12.1"", ""gpu"": ""NVIDIA GeForce RTX 3090""}"
cfmi,physionet2012,author_protocol,paper_mask,0.5,0.5,4,,normalized_crps,0.35606469027284143,cfmi_physio_original_fold4_missing0.5,0.0,6154.2339999999385,,,100,200,configs/experiments/fm_campaign_jobs/cfmi_physio_fold4_missing0.5.json,24dba702b1b527fd463e416355e91c882cf82572103db7a0e2c9bc1dbf8cc448,experiments/runs/flow_matching_campaign/cfmi_original_fold4_missing0.5/result.json,e9c801fa55a4af1f7dd662a3197eef5b000aa125c689b2ec26162843092bcb05,,,"{""python"": ""3.10.21 (main, Aug 25 2026, 13:58:42) [MSC v.1944 64 bit (AMD64)]"", ""torch"": ""2.2.1+cu121"", ""numpy"": ""1.23.5"", ""cuda"": ""12.1"", ""gpu"": ""NVIDIA GeForce RTX 3090""}"
csdi,physionet2012,author_protocol,paper_mask,0.9,0.9,4,1,mae,0.47711416057151546,csdi_physio_original_fold4_missing0.9,0.014999999897554517,3199.969000000041,235401.0,800,100,200,configs/experiments/fm_campaign_jobs/csdi_physio_fold4_missing0.9.json,ede56959e0b111fbec52517be045c84b8c56b38d74ee21ed5d3b26eded83cf57,experiments/runs/flow_matching_campaign/csdi_original_fold4_missing0.9/result.json,a9611e5768fdb9a35b1ebb415559a780c81375507ab1254d151a53d0e8e92819,07377fe16f3002a64df5397136aa72c9357de68f0bf239205a22bd29f1620719,976955d385c205753c75ad6c6fbf2ad1c442526660af27f10b20d348c4d2ee57,"{""python"": ""3.10.21 (main, Aug 25 2026, 13:58:42) [MSC v.1944 64 bit (AMD64)]"", ""torch"": ""2.2.1+cu121"", ""numpy"": ""1.23.5"", ""cuda"": ""12.1"", ""gpu"": ""NVIDIA GeForce RTX 3090""}"
csdi,physionet2012,author_protocol,paper_mask,0.9,0.9,4,1,rmse,0.7772303162699442,csdi_physio_original_fold4_missing0.9,0.014999999897554517,3199.969000000041,235401.0,800,100,200,configs/experiments/fm_campaign_jobs/csdi_physio_fold4_missing0.9.json,ede56959e0b111fbec52517be045c84b8c56b38d74ee21ed5d3b26eded83cf57,experiments/runs/flow_matching_campaign/csdi_original_fold4_missing0.9/result.json,a9611e5768fdb9a35b1ebb415559a780c81375507ab1254d151a53d0e8e92819,07377fe16f3002a64df5397136aa72c9357de68f0bf239205a22bd29f1620719,976955d385c205753c75ad6c6fbf2ad1c442526660af27f10b20d348c4d2ee57,"{""python"": ""3.10.21 (main, Aug 25 2026, 13:58:42) [MSC v.1944 64 bit (AMD64)]"", ""torch"": ""2.2.1+cu121"", ""numpy"": ""1.23.5"", ""cuda"": ""12.1"", ""gpu"": ""NVIDIA GeForce RTX 3090""}"
csdi,physionet2012,author_protocol,paper_mask,0.9,0.9,4,1,normalized_crps,0.5212745310502308,csdi_physio_original_fold4_missing0.9,0.014999999897554517,3199.969000000041,235401.0,800,100,200,configs/experiments/fm_campaign_jobs/csdi_physio_fold4_missing0.9.json,ede56959e0b111fbec52517be045c84b8c56b38d74ee21ed5d3b26eded83cf57,experiments/runs/flow_matching_campaign/csdi_original_fold4_missing0.9/result.json,a9611e5768fdb9a35b1ebb415559a780c81375507ab1254d151a53d0e8e92819,07377fe16f3002a64df5397136aa72c9357de68f0bf239205a22bd29f1620719,976955d385c205753c75ad6c6fbf2ad1c442526660af27f10b20d348c4d2ee57,"{""python"": ""3.10.21 (main, Aug 25 2026, 13:58:42) [MSC v.1944 64 bit (AMD64)]"", ""torch"": ""2.2.1+cu121"", ""numpy"": ""1.23.5"", ""cuda"": ""12.1"", ""gpu"": ""NVIDIA GeForce RTX 3090""}"
cfmi,physionet2012,author_protocol,paper_mask,0.9,0.9,4,,mae,0.5506638736989711,cfmi_physio_original_fold4_missing0.9,0.0,6168.937000000151,,,100,200,configs/experiments/fm_campaign_jobs/cfmi_physio_fold4_missing0.9.json,9dec1edcb46184ca6210e947c1fe7f54693849d1096ea244798efe79317b2103,experiments/runs/flow_matching_campaign/cfmi_original_fold4_missing0.9/result.json,5388c1f4af31e91b118aef89df884a74f0a16f8c567e37576dcf49d24b6b8feb,,,"{""python"": ""3.10.21 (main, Aug 25 2026, 13:58:42) [MSC v.1944 64 bit (AMD64)]"", ""torch"": ""2.2.1+cu121"", ""numpy"": ""1.23.5"", ""cuda"": ""12.1"", ""gpu"": ""NVIDIA GeForce RTX 3090""}"
cfmi,physionet2012,author_protocol,paper_mask,0.9,0.9,4,,rmse,0.8707981381547116,cfmi_physio_original_fold4_missing0.9,0.0,6168.937000000151,,,100,200,configs/experiments/fm_campaign_jobs/cfmi_physio_fold4_missing0.9.json,9dec1edcb46184ca6210e947c1fe7f54693849d1096ea244798efe79317b2103,experiments/runs/flow_matching_campaign/cfmi_original_fold4_missing0.9/result.json,5388c1f4af31e91b118aef89df884a74f0a16f8c567e37576dcf49d24b6b8feb,,,"{""python"": ""3.10.21 (main, Aug 25 2026, 13:58:42) [MSC v.1944 64 bit (AMD64)]"", ""torch"": ""2.2.1+cu121"", ""numpy"": ""1.23.5"", ""cuda"": ""12.1"", ""gpu"": ""NVIDIA GeForce RTX 3090""}"
cfmi,physionet2012,author_protocol,paper_mask,0.9,0.9,4,,crps,0.45126333729780665,cfmi_physio_original_fold4_missing0.9,0.0,6168.937000000151,,,100,200,configs/experiments/fm_campaign_jobs/cfmi_physio_fold4_missing0.9.json,9dec1edcb46184ca6210e947c1fe7f54693849d1096ea244798efe79317b2103,experiments/runs/flow_matching_campaign/cfmi_original_fold4_missing0.9/result.json,5388c1f4af31e91b118aef89df884a74f0a16f8c567e37576dcf49d24b6b8feb,,,"{""python"": ""3.10.21 (main, Aug 25 2026, 13:58:42) [MSC v.1944 64 bit (AMD64)]"", ""torch"": ""2.2.1+cu121"", ""numpy"": ""1.23.5"", ""cuda"": ""12.1"", ""gpu"": ""NVIDIA GeForce RTX 3090""}"
cfmi,physionet2012,author_protocol,paper_mask,0.9,0.9,4,,normalized_crps,0.576467128301674,cfmi_physio_original_fold4_missing0.9,0.0,6168.937000000151,,,100,200,configs/experiments/fm_campaign_jobs/cfmi_physio_fold4_missing0.9.json,9dec1edcb46184ca6210e947c1fe7f54693849d1096ea244798efe79317b2103,experiments/runs/flow_matching_campaign/cfmi_original_fold4_missing0.9/result.json,5388c1f4af31e91b118aef89df884a74f0a16f8c567e37576dcf49d24b6b8feb,,,"{""python"": ""3.10.21 (main, Aug 25 2026, 13:58:42) [MSC v.1944 64 bit (AMD64)]"", ""torch"": ""2.2.1+cu121"", ""numpy"": ""1.23.5"", ""cuda"": ""12.1"", ""gpu"": ""NVIDIA GeForce RTX 3090""}"
csdi,air36,author_protocol,historical_air36,,0.0,0,1,mae,9.575274454493735,csdi_air36_original_fold0,2694.906000000192,280.2039999999106,20434.0,82,100,200,configs/experiments/fm_air36_jobs/csdi_air36_original_fold0.json,4a569da6dd77d94d06483e598659c5bee727601228b35583a73e0d8fba14c694,experiments/runs/flow_matching_campaign/csdi_air36_original_fold0/result.json,65b4e7f9c352e6aa68365ef6dba86d0bb9b5135a8b198b4aadaeb92554f383c7,4e7d0e0db9acc794847c7a789d36163455c11e6920030f1f531d02f0f0f916d0,6fbda316b7cf290e93d18cee0ad92b47c628a06332e23dfc70b81b91a2fbc6fa,"{""python"": ""3.10.21 (main, Aug 25 2026, 13:58:42) [MSC v.1944 64 bit (AMD64)]"", ""torch"": ""2.2.1+cu121"", ""numpy"": ""1.23.5"", ""cuda"": ""12.1"", ""gpu"": ""NVIDIA GeForce RTX 3090""}"
csdi,air36,author_protocol,historical_air36,,0.0,0,1,rmse,18.469558078508427,csdi_air36_original_fold0,2694.906000000192,280.2039999999106,20434.0,82,100,200,configs/experiments/fm_air36_jobs/csdi_air36_original_fold0.json,4a569da6dd77d94d06483e598659c5bee727601228b35583a73e0d8fba14c694,experiments/runs/flow_matching_campaign/csdi_air36_original_fold0/result.json,65b4e7f9c352e6aa68365ef6dba86d0bb9b5135a8b198b4aadaeb92554f383c7,4e7d0e0db9acc794847c7a789d36163455c11e6920030f1f531d02f0f0f916d0,6fbda316b7cf290e93d18cee0ad92b47c628a06332e23dfc70b81b91a2fbc6fa,"{""python"": ""3.10.21 (main, Aug 25 2026, 13:58:42) [MSC v.1944 64 bit (AMD64)]"", ""torch"": ""2.2.1+cu121"", ""numpy"": ""1.23.5"", ""cuda"": ""12.1"", ""gpu"": ""NVIDIA GeForce RTX 3090""}"
csdi,air36,author_protocol,historical_air36,,0.0,0,1,normalized_crps,0.10512796108346888,csdi_air36_original_fold0,2694.906000000192,280.2039999999106,20434.0,82,100,200,configs/experiments/fm_air36_jobs/csdi_air36_original_fold0.json,4a569da6dd77d94d06483e598659c5bee727601228b35583a73e0d8fba14c694,experiments/runs/flow_matching_campaign/csdi_air36_original_fold0/result.json,65b4e7f9c352e6aa68365ef6dba86d0bb9b5135a8b198b4aadaeb92554f383c7,4e7d0e0db9acc794847c7a789d36163455c11e6920030f1f531d02f0f0f916d0,6fbda316b7cf290e93d18cee0ad92b47c628a06332e23dfc70b81b91a2fbc6fa,"{""python"": ""3.10.21 (main, Aug 25 2026, 13:58:42) [MSC v.1944 64 bit (AMD64)]"", ""torch"": ""2.2.1+cu121"", ""numpy"": ""1.23.5"", ""cuda"": ""12.1"", ""gpu"": ""NVIDIA GeForce RTX 3090""}"
cfmi,air36,author_protocol,historical_air36,,,0,,mae,9.46824383694637,cfmi_air36_original_fold0,2509.656000000192,510.26599999982864,,,100,200,configs/experiments/fm_air36_jobs/cfmi_air36_original_fold0.json,dc35fe9b3ad9f681304972593fce8d706650f965ee3c7d10733d7dc7219ed9a0,experiments/runs/flow_matching_campaign/cfmi_air36_original_fold0/result.json,ac319ef4eb17d1cfd5d4cc16e93d45aff777ecb6f9e58f7ca48d0f5b6207f555,,,"{""python"": ""3.10.21 (main, Aug 25 2026, 13:58:42) [MSC v.1944 64 bit (AMD64)]"", ""torch"": ""2.2.1+cu121"", ""numpy"": ""1.23.5"", ""cuda"": ""12.1"", ""gpu"": ""NVIDIA GeForce RTX 3090""}"
cfmi,air36,author_protocol,historical_air36,,,0,,rmse,17.86295508671578,cfmi_air36_original_fold0,2509.656000000192,510.26599999982864,,,100,200,configs/experiments/fm_air36_jobs/cfmi_air36_original_fold0.json,dc35fe9b3ad9f681304972593fce8d706650f965ee3c7d10733d7dc7219ed9a0,experiments/runs/flow_matching_campaign/cfmi_air36_original_fold0/result.json,ac319ef4eb17d1cfd5d4cc16e93d45aff777ecb6f9e58f7ca48d0f5b6207f555,,,"{""python"": ""3.10.21 (main, Aug 25 2026, 13:58:42) [MSC v.1944 64 bit (AMD64)]"", ""torch"": ""2.2.1+cu121"", ""numpy"": ""1.23.5"", ""cuda"": ""12.1"", ""gpu"": ""NVIDIA GeForce RTX 3090""}"
cfmi,air36,author_protocol,historical_air36,,,0,,crps,6.718602310037432,cfmi_air36_original_fold0,2509.656000000192,510.26599999982864,,,100,200,configs/experiments/fm_air36_jobs/cfmi_air36_original_fold0.json,dc35fe9b3ad9f681304972593fce8d706650f965ee3c7d10733d7dc7219ed9a0,experiments/runs/flow_matching_campaign/cfmi_air36_original_fold0/result.json,ac319ef4eb17d1cfd5d4cc16e93d45aff777ecb6f9e58f7ca48d0f5b6207f555,,,"{""python"": ""3.10.21 (main, Aug 25 2026, 13:58:42) [MSC v.1944 64 bit (AMD64)]"", ""torch"": ""2.2.1+cu121"", ""numpy"": ""1.23.5"", ""cuda"": ""12.1"", ""gpu"": ""NVIDIA GeForce RTX 3090""}"
cfmi,air36,author_protocol,historical_air36,,,0,,normalized_crps,0.09811219654792135,cfmi_air36_original_fold0,2509.656000000192,510.26599999982864,,,100,200,configs/experiments/fm_air36_jobs/cfmi_air36_original_fold0.json,dc35fe9b3ad9f681304972593fce8d706650f965ee3c7d10733d7dc7219ed9a0,experiments/runs/flow_matching_campaign/cfmi_air36_original_fold0/result.json,ac319ef4eb17d1cfd5d4cc16e93d45aff777ecb6f9e58f7ca48d0f5b6207f555,,,"{""python"": ""3.10.21 (main, Aug 25 2026, 13:58:42) [MSC v.1944 64 bit (AMD64)]"", ""torch"": ""2.2.1+cu121"", ""numpy"": ""1.23.5"", ""cuda"": ""12.1"", ""gpu"": ""NVIDIA GeForce RTX 3090""}"
csdi,air36,author_protocol,historical_air36,,0.0,1,1,mae,9.37573923210091,csdi_air36_original_fold1,2708.8909999998286,281.469000000041,20434.0,82,100,200,configs/experiments/fm_air36_jobs/csdi_air36_original_fold1.json,7bb6059819b9486d875c60531a7d6bd28e0ad506cd328ec5ce6950eb571ad880,experiments/runs/flow_matching_campaign/csdi_air36_original_fold1/result.json,31b6cf15571b513a57dc09000a4a526d18aec50ec8c32da7a07e4a3618bcc84d,dc5c9ab2652bd736ab962867fc507dbbcd9c007ff44d95ae715b2cc762d22aa5,6fbd132733fb96199857838fe168c402c8caae9b28fdafc1485c9855ec73ad07,"{""python"": ""3.10.21 (main, Aug 25 2026, 13:58:42) [MSC v.1944 64 bit (AMD64)]"", ""torch"": ""2.2.1+cu121"", ""numpy"": ""1.23.5"", ""cuda"": ""12.1"", ""gpu"": ""NVIDIA GeForce RTX 3090""}"
csdi,air36,author_protocol,historical_air36,,0.0,1,1,rmse,17.934221586776708,csdi_air36_original_fold1,2708.8909999998286,281.469000000041,20434.0,82,100,200,configs/experiments/fm_air36_jobs/csdi_air36_original_fold1.json,7bb6059819b9486d875c60531a7d6bd28e0ad506cd328ec5ce6950eb571ad880,experiments/runs/flow_matching_campaign/csdi_air36_original_fold1/result.json,31b6cf15571b513a57dc09000a4a526d18aec50ec8c32da7a07e4a3618bcc84d,dc5c9ab2652bd736ab962867fc507dbbcd9c007ff44d95ae715b2cc762d22aa5,6fbd132733fb96199857838fe168c402c8caae9b28fdafc1485c9855ec73ad07,"{""python"": ""3.10.21 (main, Aug 25 2026, 13:58:42) [MSC v.1944 64 bit (AMD64)]"", ""torch"": ""2.2.1+cu121"", ""numpy"": ""1.23.5"", ""cuda"": ""12.1"", ""gpu"": ""NVIDIA GeForce RTX 3090""}"
csdi,air36,author_protocol,historical_air36,,0.0,1,1,normalized_crps,0.10516408054549599,csdi_air36_original_fold1,2708.8909999998286,281.469000000041,20434.0,82,100,200,configs/experiments/fm_air36_jobs/csdi_air36_original_fold1.json,7bb6059819b9486d875c60531a7d6bd28e0ad506cd328ec5ce6950eb571ad880,experiments/runs/flow_matching_campaign/csdi_air36_original_fold1/result.json,31b6cf15571b513a57dc09000a4a526d18aec50ec8c32da7a07e4a3618bcc84d,dc5c9ab2652bd736ab962867fc507dbbcd9c007ff44d95ae715b2cc762d22aa5,6fbd132733fb96199857838fe168c402c8caae9b28fdafc1485c9855ec73ad07,"{""python"": ""3.10.21 (main, Aug 25 2026, 13:58:42) [MSC v.1944 64 bit (AMD64)]"", ""torch"": ""2.2.1+cu121"", ""numpy"": ""1.23.5"", ""cuda"": ""12.1"", ""gpu"": ""NVIDIA GeForce RTX 3090""}"
cfmi,air36,author_protocol,historical_air36,,,1,,mae,9.456327883055597,cfmi_air36_original_fold1,2562.9529999999795,519.2339999999385,,,100,200,configs/experiments/fm_air36_jobs/cfmi_air36_original_fold1.json,0f186f91120ec78c3c3aad221b99b266b06e2f919c0897152700e662b8a916a0,experiments/runs/flow_matching_campaign/cfmi_air36_original_fold1/result.json,90c2277466bc84a39883724506bdfe9144b75fcd00dcfd14eef357cab945392b,,,"{""python"": ""3.10.21 (main, Aug 25 2026, 13:58:42) [MSC v.1944 64 bit (AMD64)]"", ""torch"": ""2.2.1+cu121"", ""numpy"": ""1.23.5"", ""cuda"": ""12.1"", ""gpu"": ""NVIDIA GeForce RTX 3090""}"
cfmi,air36,author_protocol,historical_air36,,,1,,rmse,18.157885855966143,cfmi_air36_original_fold1,2562.9529999999795,519.2339999999385,,,100,200,configs/experiments/fm_air36_jobs/cfmi_air36_original_fold1.json,0f186f91120ec78c3c3aad221b99b266b06e2f919c0897152700e662b8a916a0,experiments/runs/flow_matching_campaign/cfmi_air36_original_fold1/result.json,90c2277466bc84a39883724506bdfe9144b75fcd00dcfd14eef357cab945392b,,,"{""python"": ""3.10.21 (main, Aug 25 2026, 13:58:42) [MSC v.1944 64 bit (AMD64)]"", ""torch"": ""2.2.1+cu121"", ""numpy"": ""1.23.5"", ""cuda"": ""12.1"", ""gpu"": ""NVIDIA GeForce RTX 3090""}"
cfmi,air36,author_protocol,historical_air36,,,1,,crps,6.785183042968652,cfmi_air36_original_fold1,2562.9529999999795,519.2339999999385,,,100,200,configs/experiments/fm_air36_jobs/cfmi_air36_original_fold1.json,0f186f91120ec78c3c3aad221b99b266b06e2f919c0897152700e662b8a916a0,experiments/runs/flow_matching_campaign/cfmi_air36_original_fold1/result.json,90c2277466bc84a39883724506bdfe9144b75fcd00dcfd14eef357cab945392b,,,"{""python"": ""3.10.21 (main, Aug 25 2026, 13:58:42) [MSC v.1944 64 bit (AMD64)]"", ""torch"": ""2.2.1+cu121"", ""numpy"": ""1.23.5"", ""cuda"": ""12.1"", ""gpu"": ""NVIDIA GeForce RTX 3090""}"
cfmi,air36,author_protocol,historical_air36,,,1,,normalized_crps,0.09888195200109577,cfmi_air36_original_fold1,2562.9529999999795,519.2339999999385,,,100,200,configs/experiments/fm_air36_jobs/cfmi_air36_original_fold1.json,0f186f91120ec78c3c3aad221b99b266b06e2f919c0897152700e662b8a916a0,experiments/runs/flow_matching_campaign/cfmi_air36_original_fold1/result.json,90c2277466bc84a39883724506bdfe9144b75fcd00dcfd14eef357cab945392b,,,"{""python"": ""3.10.21 (main, Aug 25 2026, 13:58:42) [MSC v.1944 64 bit (AMD64)]"", ""torch"": ""2.2.1+cu121"", ""numpy"": ""1.23.5"", ""cuda"": ""12.1"", ""gpu"": ""NVIDIA GeForce RTX 3090""}"
csdi,air36,author_protocol,historical_air36,,0.0,2,1,mae,9.838647324732982,csdi_air36_original_fold2,2714.4849999998696,284.43699999991804,20434.0,82,100,200,configs/experiments/fm_air36_jobs/csdi_air36_original_fold2.json,c1a7bde101b9a400b0804d691a43642939a7610858f102e456626a5cd9bcacfd,experiments/runs/flow_matching_campaign/csdi_air36_original_fold2/result.json,db34f9321ab6515f0215451cc537d9b73a163365e9db2e1accc5cbed9952b8ab,eee10d1f89228bc6f4c400c7b8155be88fd1018285d867f9c746272f532f2c1a,61ec8af88c892dd952a0dcf466be34735c95f52c59bcf340e8eadca517cb9d6d,"{""python"": ""3.10.21 (main, Aug 25 2026, 13:58:42) [MSC v.1944 64 bit (AMD64)]"", ""torch"": ""2.2.1+cu121"", ""numpy"": ""1.23.5"", ""cuda"": ""12.1"", ""gpu"": ""NVIDIA GeForce RTX 3090""}"
csdi,air36,author_protocol,historical_air36,,0.0,2,1,rmse,19.81999516317001,csdi_air36_original_fold2,2714.4849999998696,284.43699999991804,20434.0,82,100,200,configs/experiments/fm_air36_jobs/csdi_air36_original_fold2.json,c1a7bde101b9a400b0804d691a43642939a7610858f102e456626a5cd9bcacfd,experiments/runs/flow_matching_campaign/csdi_air36_original_fold2/result.json,db34f9321ab6515f0215451cc537d9b73a163365e9db2e1accc5cbed9952b8ab,eee10d1f89228bc6f4c400c7b8155be88fd1018285d867f9c746272f532f2c1a,61ec8af88c892dd952a0dcf466be34735c95f52c59bcf340e8eadca517cb9d6d,"{""python"": ""3.10.21 (main, Aug 25 2026, 13:58:42) [MSC v.1944 64 bit (AMD64)]"", ""torch"": ""2.2.1+cu121"", ""numpy"": ""1.23.5"", ""cuda"": ""12.1"", ""gpu"": ""NVIDIA GeForce RTX 3090""}"
csdi,air36,author_protocol,historical_air36,,0.0,2,1,normalized_crps,0.10979011583157959,csdi_air36_original_fold2,2714.4849999998696,284.43699999991804,20434.0,82,100,200,configs/experiments/fm_air36_jobs/csdi_air36_original_fold2.json,c1a7bde101b9a400b0804d691a43642939a7610858f102e456626a5cd9bcacfd,experiments/runs/flow_matching_campaign/csdi_air36_original_fold2/result.json,db34f9321ab6515f0215451cc537d9b73a163365e9db2e1accc5cbed9952b8ab,eee10d1f89228bc6f4c400c7b8155be88fd1018285d867f9c746272f532f2c1a,61ec8af88c892dd952a0dcf466be34735c95f52c59bcf340e8eadca517cb9d6d,"{""python"": ""3.10.21 (main, Aug 25 2026, 13:58:42) [MSC v.1944 64 bit (AMD64)]"", ""torch"": ""2.2.1+cu121"", ""numpy"": ""1.23.5"", ""cuda"": ""12.1"", ""gpu"": ""NVIDIA GeForce RTX 3090""}"
cfmi,air36,author_protocol,historical_air36,,,2,,mae,9.808280950449786,cfmi_air36_original_fold2,2550.875,546.280999999959,,,100,200,configs/experiments/fm_air36_jobs/cfmi_air36_original_fold2.json,951a45e38917dffcd2418dba81ead2bb775d60e878871d9025e55b13e5b2acc0,experiments/runs/flow_matching_campaign/cfmi_air36_original_fold2/result.json,fec5b304d3bc17f9be468f98287340f22430928f8cc970728d615807cea31393,,,"{""python"": ""3.10.21 (main, Aug 25 2026, 13:58:42) [MSC v.1944 64 bit (AMD64)]"", ""torch"": ""2.2.1+cu121"", ""numpy"": ""1.23.5"", ""cuda"": ""12.1"", ""gpu"": ""NVIDIA GeForce RTX 3090""}"
cfmi,air36,author_protocol,historical_air36,,,2,,rmse,18.90551760934555,cfmi_air36_original_fold2,2550.875,546.280999999959,,,100,200,configs/experiments/fm_air36_jobs/cfmi_air36_original_fold2.json,951a45e38917dffcd2418dba81ead2bb775d60e878871d9025e55b13e5b2acc0,experiments/runs/flow_matching_campaign/cfmi_air36_original_fold2/result.json,fec5b304d3bc17f9be468f98287340f22430928f8cc970728d615807cea31393,,,"{""python"": ""3.10.21 (main, Aug 25 2026, 13:58:42) [MSC v.1944 64 bit (AMD64)]"", ""torch"": ""2.2.1+cu121"", ""numpy"": ""1.23.5"", ""cuda"": ""12.1"", ""gpu"": ""NVIDIA GeForce RTX 3090""}"
cfmi,air36,author_protocol,historical_air36,,,2,,crps,6.986240301376093,cfmi_air36_original_fold2,2550.875,546.280999999959,,,100,200,configs/experiments/fm_air36_jobs/cfmi_air36_original_fold2.json,951a45e38917dffcd2418dba81ead2bb775d60e878871d9025e55b13e5b2acc0,experiments/runs/flow_matching_campaign/cfmi_air36_original_fold2/result.json,fec5b304d3bc17f9be468f98287340f22430928f8cc970728d615807cea31393,,,"{""python"": ""3.10.21 (main, Aug 25 2026, 13:58:42) [MSC v.1944 64 bit (AMD64)]"", ""torch"": ""2.2.1+cu121"", ""numpy"": ""1.23.5"", ""cuda"": ""12.1"", ""gpu"": ""NVIDIA GeForce RTX 3090""}"
cfmi,air36,author_protocol,historical_air36,,,2,,normalized_crps,0.10158880526582702,cfmi_air36_original_fold2,2550.875,546.280999999959,,,100,200,configs/experiments/fm_air36_jobs/cfmi_air36_original_fold2.json,951a45e38917dffcd2418dba81ead2bb775d60e878871d9025e55b13e5b2acc0,experiments/runs/flow_matching_campaign/cfmi_air36_original_fold2/result.json,fec5b304d3bc17f9be468f98287340f22430928f8cc970728d615807cea31393,,,"{""python"": ""3.10.21 (main, Aug 25 2026, 13:58:42) [MSC v.1944 64 bit (AMD64)]"", ""torch"": ""2.2.1+cu121"", ""numpy"": ""1.23.5"", ""cuda"": ""12.1"", ""gpu"": ""NVIDIA GeForce RTX 3090""}"
csdi,air36,author_protocol,historical_air36,,0.0,3,1,mae,9.407813460600286,csdi_air36_original_fold3,2788.2659999998286,285.2029999999795,20434.0,82,100,200,configs/experiments/fm_air36_jobs/csdi_air36_original_fold3.json,9ae45427815aee643554a55f9071ef589759ffdb2c4bbc870ee6ae99b6aa7c38,experiments/runs/flow_matching_campaign/csdi_air36_original_fold3/result.json,80505c511cf32204dc87c1b9502a46a1e3283ff7de2c31c8e96cb506e03bfd4d,26fc5b781296c2f660e032e0d541948def0dc5eb95f0c64239b48a6b1561ba30,f8321ebabe2e0200caa4bdd58348e4b31788abfd65b29460c33f0e84db6aa5ff,"{""python"": ""3.10.21 (main, Aug 25 2026, 13:58:42) [MSC v.1944 64 bit (AMD64)]"", ""torch"": ""2.2.1+cu121"", ""numpy"": ""1.23.5"", ""cuda"": ""12.1"", ""gpu"": ""NVIDIA GeForce RTX 3090""}"
csdi,air36,author_protocol,historical_air36,,0.0,3,1,rmse,18.758517689461584,csdi_air36_original_fold3,2788.2659999998286,285.2029999999795,20434.0,82,100,200,configs/experiments/fm_air36_jobs/csdi_air36_original_fold3.json,9ae45427815aee643554a55f9071ef589759ffdb2c4bbc870ee6ae99b6aa7c38,experiments/runs/flow_matching_campaign/csdi_air36_original_fold3/result.json,80505c511cf32204dc87c1b9502a46a1e3283ff7de2c31c8e96cb506e03bfd4d,26fc5b781296c2f660e032e0d541948def0dc5eb95f0c64239b48a6b1561ba30,f8321ebabe2e0200caa4bdd58348e4b31788abfd65b29460c33f0e84db6aa5ff,"{""python"": ""3.10.21 (main, Aug 25 2026, 13:58:42) [MSC v.1944 64 bit (AMD64)]"", ""torch"": ""2.2.1+cu121"", ""numpy"": ""1.23.5"", ""cuda"": ""12.1"", ""gpu"": ""NVIDIA GeForce RTX 3090""}"
csdi,air36,author_protocol,historical_air36,,0.0,3,1,normalized_crps,0.10331017180647974,csdi_air36_original_fold3,2788.2659999998286,285.2029999999795,20434.0,82,100,200,configs/experiments/fm_air36_jobs/csdi_air36_original_fold3.json,9ae45427815aee643554a55f9071ef589759ffdb2c4bbc870ee6ae99b6aa7c38,experiments/runs/flow_matching_campaign/csdi_air36_original_fold3/result.json,80505c511cf32204dc87c1b9502a46a1e3283ff7de2c31c8e96cb506e03bfd4d,26fc5b781296c2f660e032e0d541948def0dc5eb95f0c64239b48a6b1561ba30,f8321ebabe2e0200caa4bdd58348e4b31788abfd65b29460c33f0e84db6aa5ff,"{""python"": ""3.10.21 (main, Aug 25 2026, 13:58:42) [MSC v.1944 64 bit (AMD64)]"", ""torch"": ""2.2.1+cu121"", ""numpy"": ""1.23.5"", ""cuda"": ""12.1"", ""gpu"": ""NVIDIA GeForce RTX 3090""}"
cfmi,air36,author_protocol,historical_air36,,,3,,mae,9.425117823084108,cfmi_air36_original_fold3,2549.906000000192,523.9539999999106,,,100,200,configs/experiments/fm_air36_jobs/cfmi_air36_original_fold3.json,7e0ce96b0caa5a366bde289ede8d5fe2a49d0655dbf76832a651ce28efefabdf,experiments/runs/flow_matching_campaign/cfmi_air36_original_fold3/result.json,3439a9f202641c520523f14ea07ad4c8eaee2e89033d1b4277a1476fb13d7faf,,,"{""python"": ""3.10.21 (main, Aug 25 2026, 13:58:42) [MSC v.1944 64 bit (AMD64)]"", ""torch"": ""2.2.1+cu121"", ""numpy"": ""1.23.5"", ""cuda"": ""12.1"", ""gpu"": ""NVIDIA GeForce RTX 3090""}"
cfmi,air36,author_protocol,historical_air36,,,3,,rmse,17.78574482194536,cfmi_air36_original_fold3,2549.906000000192,523.9539999999106,,,100,200,configs/experiments/fm_air36_jobs/cfmi_air36_original_fold3.json,7e0ce96b0caa5a366bde289ede8d5fe2a49d0655dbf76832a651ce28efefabdf,experiments/runs/flow_matching_campaign/cfmi_air36_original_fold3/result.json,3439a9f202641c520523f14ea07ad4c8eaee2e89033d1b4277a1476fb13d7faf,,,"{""python"": ""3.10.21 (main, Aug 25 2026, 13:58:42) [MSC v.1944 64 bit (AMD64)]"", ""torch"": ""2.2.1+cu121"", ""numpy"": ""1.23.5"", ""cuda"": ""12.1"", ""gpu"": ""NVIDIA GeForce RTX 3090""}"
cfmi,air36,author_protocol,historical_air36,,,3,,crps,6.738024359258731,cfmi_air36_original_fold3,2549.906000000192,523.9539999999106,,,100,200,configs/experiments/fm_air36_jobs/cfmi_air36_original_fold3.json,7e0ce96b0caa5a366bde289ede8d5fe2a49d0655dbf76832a651ce28efefabdf,experiments/runs/flow_matching_campaign/cfmi_air36_original_fold3/result.json,3439a9f202641c520523f14ea07ad4c8eaee2e89033d1b4277a1476fb13d7faf,,,"{""python"": ""3.10.21 (main, Aug 25 2026, 13:58:42) [MSC v.1944 64 bit (AMD64)]"", ""torch"": ""2.2.1+cu121"", ""numpy"": ""1.23.5"", ""cuda"": ""12.1"", ""gpu"": ""NVIDIA GeForce RTX 3090""}"
cfmi,air36,author_protocol,historical_air36,,,3,,normalized_crps,0.09833111320740637,cfmi_air36_original_fold3,2549.906000000192,523.9539999999106,,,100,200,configs/experiments/fm_air36_jobs/cfmi_air36_original_fold3.json,7e0ce96b0caa5a366bde289ede8d5fe2a49d0655dbf76832a651ce28efefabdf,experiments/runs/flow_matching_campaign/cfmi_air36_original_fold3/result.json,3439a9f202641c520523f14ea07ad4c8eaee2e89033d1b4277a1476fb13d7faf,,,"{""python"": ""3.10.21 (main, Aug 25 2026, 13:58:42) [MSC v.1944 64 bit (AMD64)]"", ""torch"": ""2.2.1+cu121"", ""numpy"": ""1.23.5"", ""cuda"": ""12.1"", ""gpu"": ""NVIDIA GeForce RTX 3090""}"
csdi,air36,author_protocol,historical_air36,,0.0,4,1,mae,9.728599689472816,csdi_air36_original_fold4,2908.125,314.155999999959,20434.0,82,100,200,configs/experiments/fm_air36_jobs/csdi_air36_original_fold4.json,729bd85d7a3ed34af124d1e481f0fdc02b14c8f40d680828a5e84ce111793bcd,experiments/runs/flow_matching_campaign/csdi_air36_original_fold4/result.json,f84bb56cfa5458ba531f9f60e42fa5ea699a0a2e7bbd425d0de11c1264fd6dbd,6d236816196a66c5fefe9a83bd03594d5602f1fc1e243b2ee8042d28c9795836,57e284dae03ac9f520ab9d31e266430cfc93520d2d0d6bea1195697aaf860e22,"{""python"": ""3.10.21 (main, Aug 25 2026, 13:58:42) [MSC v.1944 64 bit (AMD64)]"", ""torch"": ""2.2.1+cu121"", ""numpy"": ""1.23.5"", ""cuda"": ""12.1"", ""gpu"": ""NVIDIA GeForce RTX 3090""}"
csdi,air36,author_protocol,historical_air36,,0.0,4,1,rmse,18.439613535809393,csdi_air36_original_fold4,2908.125,314.155999999959,20434.0,82,100,200,configs/experiments/fm_air36_jobs/csdi_air36_original_fold4.json,729bd85d7a3ed34af124d1e481f0fdc02b14c8f40d680828a5e84ce111793bcd,experiments/runs/flow_matching_campaign/csdi_air36_original_fold4/result.json,f84bb56cfa5458ba531f9f60e42fa5ea699a0a2e7bbd425d0de11c1264fd6dbd,6d236816196a66c5fefe9a83bd03594d5602f1fc1e243b2ee8042d28c9795836,57e284dae03ac9f520ab9d31e266430cfc93520d2d0d6bea1195697aaf860e22,"{""python"": ""3.10.21 (main, Aug 25 2026, 13:58:42) [MSC v.1944 64 bit (AMD64)]"", ""torch"": ""2.2.1+cu121"", ""numpy"": ""1.23.5"", ""cuda"": ""12.1"", ""gpu"": ""NVIDIA GeForce RTX 3090""}"
csdi,air36,author_protocol,historical_air36,,0.0,4,1,normalized_crps,0.10638078957587917,csdi_air36_original_fold4,2908.125,314.155999999959,20434.0,82,100,200,configs/experiments/fm_air36_jobs/csdi_air36_original_fold4.json,729bd85d7a3ed34af124d1e481f0fdc02b14c8f40d680828a5e84ce111793bcd,experiments/runs/flow_matching_campaign/csdi_air36_original_fold4/result.json,f84bb56cfa5458ba531f9f60e42fa5ea699a0a2e7bbd425d0de11c1264fd6dbd,6d236816196a66c5fefe9a83bd03594d5602f1fc1e243b2ee8042d28c9795836,57e284dae03ac9f520ab9d31e266430cfc93520d2d0d6bea1195697aaf860e22,"{""python"": ""3.10.21 (main, Aug 25 2026, 13:58:42) [MSC v.1944 64 bit (AMD64)]"", ""torch"": ""2.2.1+cu121"", ""numpy"": ""1.23.5"", ""cuda"": ""12.1"", ""gpu"": ""NVIDIA GeForce RTX 3090""}"
