algorithm_config,dataset,required_seeds,completed_seeds,running,partial_or_failed,pending,status,protocol,model_config,paper_equivalence,precision_mean,precision_std,precision_se,precision_ci95_low,precision_ci95_high,recall_mean,recall_std,recall_se,recall_ci95_low,recall_ci95_high,f1_mean,f1_std,f1_se,f1_ci95_low,f1_ci95_high,auroc_mean,auroc_std,auroc_se,auroc_ci95_low,auroc_ci95_high,average_precision_mean,average_precision_std,average_precision_se,average_precision_ci95_low,average_precision_ci95_high,VUS_ROC_n,VUS_ROC_mean,VUS_ROC_std,VUS_ROC_se,VUS_ROC_ci95_low,VUS_ROC_ci95_high,VUS_PR_n,VUS_PR_mean,VUS_PR_std,VUS_PR_se,VUS_PR_ci95_low,VUS_PR_ci95_high,affiliation_f_n,affiliation_f_mean,affiliation_f_std,affiliation_f_se,affiliation_f_ci95_low,affiliation_f_ci95_high
fm_objective_independent,MSL,5,5,0,0,0,completed,validation_only_1_percent_no_PA,configs/models/fm_objective_independent.json,False,0.0630568377885639,0.0002805498662086408,0.0001254657143841984,0.06270848911999174,0.06340518645713605,0.08579372434794122,0.0004953869173538925,0.00022154376447347477,0.08517862024748175,0.08640882844840068,0.07268871119697277,0.00036189458316285457,0.00016184417772821872,0.0722393597219145,0.07313806267203105,0.5452202524172484,0.0026342856695556224,0.0011780883658559838,0.5419493547403771,0.5484911500941196,0.11552697914814182,0.000528629196581108,0.0002364101636892914,0.11487059930634767,0.11618335898993597,5,0.7051970872666145,0.002257886466399711,0.0010097575248693097,0.7023935509292544,0.7080006236039745,5,0.27849809583002105,0.0012598225387718094,0.000563409767256026,0.2769338195395024,0.2800623721205397,5,0.7255642402434834,0.0015891702501308548,0.000710698541422587,0.7235910247568794,0.7275374557300874
fm_objective_independent,PSM,5,5,0,0,0,completed,validation_only_1_percent_no_PA,configs/models/fm_objective_independent.json,False,0.9588128049108237,0.009857923969835857,0.004408597622715512,0.9465725756204485,0.9710530342011988,0.016447233501497068,0.0018381646232965476,0.0008220522103052748,0.01416485066597796,0.018729616337016176,0.032333487929339585,0.0035540796953830813,0.001589432759265663,0.027920515124835413,0.03674646073384376,0.7351284556970004,0.004139389428949471,0.0018511912296950105,0.7299887248685286,0.7402681865254721,0.5508570134147088,0.0034296597931604135,0.0015337904874409105,0.5465985283234546,0.5551154985059631,5,0.6981671664887121,0.005091685791684584,0.0022770711100553124,0.6918450035510118,0.7044893294264125,5,0.5018182323905618,0.0031779687361413694,0.0014212308248762388,0.4978722630234779,0.5057642017576456,5,0.5859500234890374,0.03249764249984191,0.014533387547626541,0.5455988707704871,0.6263011762075876
fm_objective_independent,SMAP,5,5,0,0,0,completed,validation_only_1_percent_no_PA,configs/models/fm_objective_independent.json,False,0.2739258224504116,0.0006683394276120839,0.0002988904784367839,0.27309596944456555,0.2747556754562576,0.2061635686282159,0.0006081671550597314,0.0002719806200792429,0.20540842936688822,0.20691870788954356,0.23526229069930968,0.0005855209471091348,0.00026185292799721686,0.23453527041909009,0.23598931097952927,0.5363600891966932,0.0019437956214580156,0.0008692918287893143,0.5339465481536627,0.5387736302397237,0.1468625220750809,0.0005188740732823379,0.00023204753992430298,0.1462182548186849,0.14750678933147693,5,0.6905512913992488,0.0023825490285254458,0.0010655083175017965,0.6875929660465734,0.6935096167519241,5,0.29404123763205675,0.002367664651709341,0.0010588518218290898,0.2911013936742096,0.2969810815899039,5,0.5377180506132512,0.0022887730134848096,0.0010235704086438153,0.5348761635623468,0.5405599376641556
fm_objective_independent,SMD,5,5,0,0,0,completed,validation_only_1_percent_no_PA,configs/models/fm_objective_independent.json,False,0.5278188558604984,0.014951137137424825,0.006686351796040704,0.5092545671447507,0.546383144576246,0.33616758241758243,0.00481837510147606,0.0021548428535985834,0.3301847795242382,0.3421503853109267,0.4106681451377717,0.006267751177176153,0.0028030235396440412,0.4028857041513728,0.41845058612417063,0.7678860108955702,0.0032015209006602432,0.001431763673052531,0.7639107976537235,0.7718612241374169,0.3370805705260542,0.001921996730647122,0.0008595430684518636,0.33469409638094433,0.3394670446711641,3,0.8145963454636123,0.004558788682840945,0.002632017873216839,0.8032716865766665,0.825921004350558,3,0.4352629017564967,0.00271145476630278,0.001565459139220404,0.42852727471781876,0.4419985287951746,3,0.8013879926299446,0.0024799288382315993,0.0014317875823241298,0.7952275078804364,0.8075484773794529
fm_objective_ot,MSL,5,5,0,0,0,completed,validation_only_1_percent_no_PA,configs/models/fm_objective_ot.json,False,0.06385153771695416,0.00081466163780616,0.00036432776015917726,0.06284000169057254,0.06486307374333579,0.08698530385277374,0.0011952515613178716,0.0005345327482639037,0.0855012030202885,0.08846940468525898,0.0736443715176425,0.0009688731958752249,0.0004332932655108943,0.07244135655149961,0.07484738648378539,0.5453145405754968,0.003112198894777774,0.0013918176576445636,0.5414502352526017,0.5491788458983918,0.11551451950176717,0.0008120348056514755,0.00036315300510650594,0.11450624511830133,0.116522793885233,5,0.706012767209575,0.0034930055027974916,0.0015621195500072045,0.7016756280312236,0.7103499063879263,5,0.27797102709044963,0.002308500976723323,0.001032393022015602,0.27510464453783406,0.2808374096430652,5,0.7281073339922247,0.0038384021737582767,0.0017165856371012932,0.723341328202442,0.7328733397820074
fm_objective_ot,PSM,5,5,0,0,0,completed,validation_only_1_percent_no_PA,configs/models/fm_objective_ot.json,False,0.9634110373485165,0.005206546215580508,0.002328438253206458,0.9569462563576462,0.9698758183393869,0.015708953693449816,0.002395637889780943,0.0010713618342048674,0.012734376372975982,0.01868353101392365,0.030904177949954374,0.004649870985612579,0.0020794855220867344,0.02513060055082698,0.03667775534908176,0.7335135713173395,0.0011956508212183018,0.0005347113027195142,0.7320289747382099,0.7349981678964691,0.5532579468397447,0.001553133537794,0.0006945824337284245,0.551329476841463,0.5551864168380264,5,0.6975670489918824,0.0032186829537247676,0.001439438776509678,0.6935705262466102,0.7015635717371546,5,0.5022436662788027,0.0016641211025751103,0.0007442175816299694,0.500177387017084,0.5043099455405213,5,0.5782479129837362,0.01746204916228316,0.0078092657906616795,0.5565659152040651,0.5999299107634074
fm_objective_ot,SMAP,5,5,0,0,0,completed,validation_only_1_percent_no_PA,configs/models/fm_objective_ot.json,False,0.2724585313526874,0.0004972604682642797,0.00022238164191246124,0.2718411009315137,0.27307596177386106,0.20476701320486063,0.0010700566184134838,0.00047854386770922056,0.20343836242573693,0.20609566398398432,0.23381136049802043,0.0008693200558971535,0.0003887717478379904,0.23273195708169644,0.2348907639143444,0.5393466705122099,0.0015133569775168177,0.000676793815190245,0.5374675896367967,0.541225751387623,0.14749497259090483,0.00045184881619533823,0.00020207293371311683,0.14693392818320408,0.14805601699860557,5,0.6918438799717774,0.0018119057399208782,0.0008103088806570276,0.6895941018463789,0.6940936580971759,5,0.2943024303662823,0.002469952899525139,0.0011045965169121836,0.29123557877368295,0.2973692819588816,5,0.5360963474086162,0.002400963734158053,0.0010737436242178279,0.5331151571789193,0.5390775376383131
fm_objective_ot,SMD,5,5,0,0,0,completed,validation_only_1_percent_no_PA,configs/models/fm_objective_ot.json,False,0.5232232065407643,0.023297816708953537,0.010419100377710109,0.49429514629650656,0.552151266785022,0.3401923076923077,0.0053877419298145905,0.002409471440058265,0.333502542506444,0.34688207287817135,0.4121281543088018,0.007904810543316763,0.0035351387448226655,0.40231303564454385,0.4219432729730597,0.7674778773048221,0.0017321985062844496,0.0007746627221151251,0.7653270687818263,0.7696286858278178,0.33746113861787536,0.0034476459108113717,0.0015418341237846808,0.33318032081186644,0.3417419564238843,,,,,,,,,,,,,,,,,,
fm_objective_rectified,MSL,5,5,0,0,0,completed,validation_only_1_percent_no_PA,configs/models/fm_objective_rectified.json,False,0.0630568377885639,0.0002805498662086408,0.0001254657143841984,0.06270848911999174,0.06340518645713605,0.08579372434794122,0.0004953869173538925,0.00022154376447347477,0.08517862024748175,0.08640882844840068,0.07268871119697277,0.00036189458316285457,0.00016184417772821872,0.0722393597219145,0.07313806267203105,0.5452202524172484,0.0026342856695556224,0.0011780883658559838,0.5419493547403771,0.5484911500941196,0.11552697914814182,0.000528629196581108,0.0002364101636892914,0.11487059930634767,0.11618335898993597,5,0.7051970872666145,0.002257886466399711,0.0010097575248693097,0.7023935509292544,0.7080006236039745,5,0.27849809583002105,0.0012598225387718094,0.000563409767256026,0.2769338195395024,0.2800623721205397,5,0.7255642402434834,0.0015891702501308548,0.000710698541422587,0.7235910247568794,0.7275374557300874
fm_objective_rectified,PSM,5,5,0,0,0,completed,validation_only_1_percent_no_PA,configs/models/fm_objective_rectified.json,False,0.9588128049108237,0.009857923969835857,0.004408597622715512,0.9465725756204485,0.9710530342011988,0.016447233501497068,0.0018381646232965476,0.0008220522103052748,0.01416485066597796,0.018729616337016176,0.032333487929339585,0.0035540796953830813,0.001589432759265663,0.027920515124835413,0.03674646073384376,0.7351284556970004,0.004139389428949471,0.0018511912296950105,0.7299887248685286,0.7402681865254721,0.5508570134147088,0.0034296597931604135,0.0015337904874409105,0.5465985283234546,0.5551154985059631,5,0.6981671664887121,0.005091685791684584,0.0022770711100553124,0.6918450035510118,0.7044893294264125,5,0.5018182323905618,0.0031779687361413694,0.0014212308248762388,0.4978722630234779,0.5057642017576456,5,0.5859500234890374,0.03249764249984191,0.014533387547626541,0.5455988707704871,0.6263011762075876
fm_objective_rectified,SMAP,5,5,0,0,0,completed,validation_only_1_percent_no_PA,configs/models/fm_objective_rectified.json,False,0.2739258224504116,0.0006683394276120839,0.0002988904784367839,0.27309596944456555,0.2747556754562576,0.2061635686282159,0.0006081671550597314,0.0002719806200792429,0.20540842936688822,0.20691870788954356,0.23526229069930968,0.0005855209471091348,0.00026185292799721686,0.23453527041909009,0.23598931097952927,0.5363600891966932,0.0019437956214580156,0.0008692918287893143,0.5339465481536627,0.5387736302397237,0.1468625220750809,0.0005188740732823379,0.00023204753992430298,0.1462182548186849,0.14750678933147693,5,0.6905512913992488,0.0023825490285254458,0.0010655083175017965,0.6875929660465734,0.6935096167519241,5,0.29404123763205675,0.002367664651709341,0.0010588518218290898,0.2911013936742096,0.2969810815899039,5,0.5377180506132512,0.0022887730134848096,0.0010235704086438153,0.5348761635623468,0.5405599376641556
fm_objective_rectified,SMD,5,5,0,0,0,completed,validation_only_1_percent_no_PA,configs/models/fm_objective_rectified.json,False,0.5278188558604984,0.014951137137424825,0.006686351796040704,0.5092545671447507,0.546383144576246,0.33616758241758243,0.00481837510147606,0.0021548428535985834,0.3301847795242382,0.3421503853109267,0.4106681451377717,0.006267751177176153,0.0028030235396440412,0.4028857041513728,0.41845058612417063,0.7678860108955702,0.0032015209006602432,0.001431763673052531,0.7639107976537235,0.7718612241374169,0.3370805705260542,0.001921996730647122,0.0008595430684518636,0.33469409638094433,0.3394670446711641,,,,,,,,,,,,,,,,,,
fm_objective_sb_stable_v2,PSM,5,5,0,0,0,completed,validation_only_1_percent_no_PA,configs/models/fm_objective_sb_stable_v2.json,False,0.9612228678629428,0.004784994606318862,0.002139914642339764,0.9552815123286774,0.9671642233972081,0.017005044912021657,0.0014392307363238713,0.0006436435523454504,0.01521800392162001,0.018792085902423303,0.03341596969891052,0.002777988741225578,0.001242354333221893,0.02996664109151533,0.036865298306305715,0.7177215678672252,0.0033137179666856914,0.0014819397263543179,0.7136070435677906,0.7218360921666598,0.545647145935886,0.0027395507014158706,0.001225164319234623,0.5422455444586841,0.549048747413088,,,,,,,,,,,,,,,,,,
fm_objective_target,MSL,5,5,0,0,0,completed,validation_only_1_percent_no_PA,configs/models/fm_objective_target.json,False,0.06319540697619909,0.00020514000103515355,9.174139744379611e-05,0.06294069202232226,0.06345012193007592,0.08589964252614855,0.00023684024652453978,0.00010591817820733585,0.08560556651871333,0.08619371853358378,0.07281875462125525,0.0002079044478604443,9.297769564810283e-05,0.07256060715328051,0.07307690208923,0.5445580023871394,0.0026646130094303616,0.0011916511645633152,0.5412494483441843,0.5478665564300944,0.11552623826382581,0.000462582822960993,0.00020687332747290616,0.11495186582636768,0.11610061070128394,5,0.70493397137219,0.0011564463559288398,0.0005171785328377605,0.7034980535661792,0.7063698891782009,5,0.2796237587234843,0.0017311743350577112,0.0007742046988184079,0.27747422187702875,0.2817732955699398,5,0.7242655099913523,0.004095567011560726,0.00183159324885109,0.7191801918808663,0.7293508281018383
fm_objective_target,PSM,5,5,0,0,0,completed,validation_only_1_percent_no_PA,configs/models/fm_objective_target.json,False,0.9627643928234264,0.0077807996031841724,0.0034796793664046395,0.9531032540789145,0.9724255315679383,0.016652311225954636,0.0026831502999085178,0.0011999412928888787,0.013320740096788597,0.019983882355120677,0.032726302011281176,0.005176425134759956,0.002314967696352354,0.026298921282052672,0.039153682740509684,0.7352616297328342,0.0036389187805929576,0.001627373951601299,0.7307433152905843,0.739779944175084,0.5505694252238802,0.002704337385888367,0.0012094164457880938,0.5472115468528261,0.5539273035949343,5,0.7015735893916631,0.007408854391553363,0.0033133404109822323,0.6923742816257374,0.7107728971575888,5,0.5022892993108882,0.0029550711203628543,0.001321547980695561,0.49862009388860196,0.5059585047331744,5,0.5812738465462847,0.022274544682593475,0.009961479215627097,0.5536163463375272,0.6089313467550421
fm_objective_target,SMAP,5,5,0,0,0,completed,validation_only_1_percent_no_PA,configs/models/fm_objective_target.json,False,0.2738921283797315,0.0012178101890493237,0.0005446212732812315,0.2723800173113432,0.27540423944811976,0.2059997269305038,0.0013370222463051223,0.0005979345260335441,0.20433959454246922,0.2076598593185384,0.23514308382194543,0.0013054275022018327,0.0005838049269242108,0.23352218149019635,0.2367639861536945,0.5351923084723977,0.00042424367407384637,0.0001897275388506771,0.5346655403758346,0.5357190765689609,0.14674653550786448,0.0002610860413186097,0.00011676122727294603,0.14642235436992562,0.14707071664580335,5,0.6901396133120782,0.002046935249612494,0.0009154172727348073,0.6875980075059801,0.6926812191181763,5,0.2942030557237323,0.000898255986121593,0.0004017122892327979,0.29308772360459406,0.2953183878428705,5,0.5377538287378237,0.001961172663983958,0.0008770630784564966,0.5353187112466935,0.540188946228954
fm_objective_vp,MSL,5,5,0,0,0,completed,validation_only_1_percent_no_PA,configs/models/fm_objective_vp.json,False,0.06678673237402517,0.00020947193734054893,9.367869825440878e-05,0.06652663861079541,0.06704682613725493,0.09124851052561896,0.00035526036978680804,0.00015887726731100303,0.09080739651446612,0.09168962453677179,0.07712441502752938,0.0002634802004587279,0.00011783192779019738,0.07679726114838027,0.0774515689066785,0.5414082359966138,0.002618603489012304,0.001171075081509927,0.5381568103187364,0.5446596616744912,0.11705084790309009,0.0008722261258958191,0.0003900713818508682,0.1159678361242725,0.11813385968190768,5,0.702600001660927,0.0022071642668867347,0.0009870738676534454,0.6998594452526119,0.705340558069242,5,0.28420544650857216,0.0011812874556698682,0.0005282878103691189,0.28273868440333716,0.28567220861380715,5,0.7331159654465087,0.0023795426947401345,0.0010641638441603943,0.7301613729502611,0.7360705579427563
fm_objective_vp,PSM,5,5,0,0,0,completed,validation_only_1_percent_no_PA,configs/models/fm_objective_vp.json,False,0.9915099798287981,0.004748779165673522,0.002123718604916146,0.9856135917033612,0.997406367954235,0.015224970263729954,0.00028769415391903844,0.0001286607369784515,0.014867750790314991,0.015582189737144916,0.02998927182944116,0.0005568678555150304,0.0002490388758832278,0.029297829061491212,0.030680714597391107,0.7125645519462781,0.0028137162560448845,0.001258332163582513,0.7090708617699865,0.7160582421225697,0.5510020599873902,0.003083358936529119,0.001378920036222114,0.5471735642023621,0.5548305557724182,5,0.6711458284178317,0.002527855385707368,0.001130491295946125,0.6680070813927333,0.67428457544293,5,0.4920572937328237,0.00336642053706,0.001505509032343502,0.4878773305491425,0.4962372569165049,5,0.5229603342830591,0.007856616094607506,0.00351358553213226,0.5132050569306768,0.5327156116354415
fm_objective_vp,SMAP,5,5,0,0,0,completed,validation_only_1_percent_no_PA,configs/models/fm_objective_vp.json,False,0.2690662810247429,0.0002929678406276719,0.0001310192013729598,0.26870251340440404,0.26943004864508174,0.20140825840176324,6.896046160316502e-05,3.084005598088822e-05,0.20132263267929107,0.2014938841242354,0.23037231958361343,0.00010695881169379416,4.783343474798463e-05,0.2302395126778426,0.23050512648938426,0.549574968549629,0.0020918713593088196,0.0009355133119198815,0.5469775671939017,0.5521723699053562,0.1494460312940399,0.0006392376722853572,0.00028587577780175844,0.1486523128900676,0.1502397496980122,5,0.6916722556039413,0.0030281566546355877,0.0013542328252567056,0.6879123025049592,0.6954322087029234,5,0.28938656971540033,0.002556898047426701,0.001143479569116517,0.2862117614628331,0.29256137796796755,5,0.5336013203922019,0.0025419454656260016,0.001136792571247419,0.5304450782221367,0.536757562562267
fm_strict_timesnet__psm__registered,PSM,5,4,1,0,0,partial,validation_only_1_percent_no_PA,configs/models/fm_strict_baselines/fm_strict_timesnet__psm__registered.json,False,0.6982761467191361,0.014210280758390238,0.007105140379195119,0.6756644189708445,0.7208878744674276,0.027429145646199908,0.0021064520640936015,0.0010532260320468007,0.024077310351883947,0.03078098094051587,0.052775864188474776,0.0039054780876444186,0.0019527390438222093,0.04656137703327955,0.058990351343670006,0.5984518075523488,0.006569664694742169,0.0032848323473710847,0.5879980049849813,0.6089056101197163,0.3966001301092115,0.0069588806075102936,0.0034794403037551468,0.38552699817007074,0.4076732620483523,,,,,,,,,,,,,,,,,,
fm_objective_target,SMD,5,3,1,0,1,partial,validation_only_1_percent_no_PA,configs/models/fm_objective_target.json,False,0.5181270985529708,0.030804188614753196,0.017784806588895762,0.44160525193519223,0.5946489451707494,0.34052197802197803,0.003884594984170116,0.0022427719598032865,0.3308721091269249,0.3501718469170312,0.41063243672738775,0.006748937881105248,0.0038965011024001774,0.39386714562267383,0.42739772783210167,0.7675439294846861,0.002426920784965511,0.0014011833685017357,0.7615151240393225,0.7735727349300496,0.33465265454459237,0.0004571101747799655,0.00026391268245853,0.3335171299209967,0.33578817916818804,,,,,,,,,,,,,,,,,,
fm_comparator_dt_la,CICIDS,5,0,0,0,5,no_complete_result,validation_only_1_percent_no_PA,configs/models/fm_comparator_dt_la.json,False,,,,,,,,,,,,,,,,,,,,,,,,,,,,,,,,,,,,,,,,,,,
fm_comparator_dt_la,MSL,5,0,0,0,5,no_complete_result,validation_only_1_percent_no_PA,configs/models/fm_comparator_dt_la.json,False,,,,,,,,,,,,,,,,,,,,,,,,,,,,,,,,,,,,,,,,,,,
fm_comparator_dt_la,PSM,5,0,0,0,5,no_complete_result,validation_only_1_percent_no_PA,configs/models/fm_comparator_dt_la.json,False,,,,,,,,,,,,,,,,,,,,,,,,,,,,,,,,,,,,,,,,,,,
fm_comparator_dt_la,SMAP,5,0,0,0,5,no_complete_result,validation_only_1_percent_no_PA,configs/models/fm_comparator_dt_la.json,False,,,,,,,,,,,,,,,,,,,,,,,,,,,,,,,,,,,,,,,,,,,
fm_comparator_dt_la,SMD,5,0,0,0,5,no_complete_result,validation_only_1_percent_no_PA,configs/models/fm_comparator_dt_la.json,False,,,,,,,,,,,,,,,,,,,,,,,,,,,,,,,,,,,,,,,,,,,
fm_comparator_dt_la,SWAN,5,0,0,0,5,no_complete_result,validation_only_1_percent_no_PA,configs/models/fm_comparator_dt_la.json,False,,,,,,,,,,,,,,,,,,,,,,,,,,,,,,,,,,,,,,,,,,,
fm_comparator_dt_la,SWAT,5,0,0,0,5,no_complete_result,validation_only_1_percent_no_PA,configs/models/fm_comparator_dt_la.json,False,,,,,,,,,,,,,,,,,,,,,,,,,,,,,,,,,,,,,,,,,,,
fm_comparator_dt_la_l2_no_sparse,CICIDS,5,0,0,0,5,no_complete_result,validation_only_1_percent_no_PA,configs/models/fm_comparator_dt_la_l2_no_sparse.json,False,,,,,,,,,,,,,,,,,,,,,,,,,,,,,,,,,,,,,,,,,,,
fm_comparator_dt_la_l2_no_sparse,MSL,5,0,0,0,5,no_complete_result,validation_only_1_percent_no_PA,configs/models/fm_comparator_dt_la_l2_no_sparse.json,False,,,,,,,,,,,,,,,,,,,,,,,,,,,,,,,,,,,,,,,,,,,
fm_comparator_dt_la_l2_no_sparse,PSM,5,0,0,0,5,no_complete_result,validation_only_1_percent_no_PA,configs/models/fm_comparator_dt_la_l2_no_sparse.json,False,,,,,,,,,,,,,,,,,,,,,,,,,,,,,,,,,,,,,,,,,,,
fm_comparator_dt_la_l2_no_sparse,SMAP,5,0,0,0,5,no_complete_result,validation_only_1_percent_no_PA,configs/models/fm_comparator_dt_la_l2_no_sparse.json,False,,,,,,,,,,,,,,,,,,,,,,,,,,,,,,,,,,,,,,,,,,,
fm_comparator_dt_la_l2_no_sparse,SMD,5,0,0,0,5,no_complete_result,validation_only_1_percent_no_PA,configs/models/fm_comparator_dt_la_l2_no_sparse.json,False,,,,,,,,,,,,,,,,,,,,,,,,,,,,,,,,,,,,,,,,,,,
fm_comparator_dt_la_l2_no_sparse,SWAN,5,0,0,0,5,no_complete_result,validation_only_1_percent_no_PA,configs/models/fm_comparator_dt_la_l2_no_sparse.json,False,,,,,,,,,,,,,,,,,,,,,,,,,,,,,,,,,,,,,,,,,,,
fm_comparator_dt_la_l2_no_sparse,SWAT,5,0,0,0,5,no_complete_result,validation_only_1_percent_no_PA,configs/models/fm_comparator_dt_la_l2_no_sparse.json,False,,,,,,,,,,,,,,,,,,,,,,,,,,,,,,,,,,,,,,,,,,,
fm_comparator_dt_la_l2_sparse,CICIDS,5,0,0,0,5,no_complete_result,validation_only_1_percent_no_PA,configs/models/fm_comparator_dt_la_l2_sparse.json,False,,,,,,,,,,,,,,,,,,,,,,,,,,,,,,,,,,,,,,,,,,,
fm_comparator_dt_la_l2_sparse,MSL,5,0,0,0,5,no_complete_result,validation_only_1_percent_no_PA,configs/models/fm_comparator_dt_la_l2_sparse.json,False,,,,,,,,,,,,,,,,,,,,,,,,,,,,,,,,,,,,,,,,,,,
fm_comparator_dt_la_l2_sparse,PSM,5,0,0,0,5,no_complete_result,validation_only_1_percent_no_PA,configs/models/fm_comparator_dt_la_l2_sparse.json,False,,,,,,,,,,,,,,,,,,,,,,,,,,,,,,,,,,,,,,,,,,,
fm_comparator_dt_la_l2_sparse,SMAP,5,0,0,0,5,no_complete_result,validation_only_1_percent_no_PA,configs/models/fm_comparator_dt_la_l2_sparse.json,False,,,,,,,,,,,,,,,,,,,,,,,,,,,,,,,,,,,,,,,,,,,
fm_comparator_dt_la_l2_sparse,SMD,5,0,0,0,5,no_complete_result,validation_only_1_percent_no_PA,configs/models/fm_comparator_dt_la_l2_sparse.json,False,,,,,,,,,,,,,,,,,,,,,,,,,,,,,,,,,,,,,,,,,,,
fm_comparator_dt_la_l2_sparse,SWAN,5,0,0,0,5,no_complete_result,validation_only_1_percent_no_PA,configs/models/fm_comparator_dt_la_l2_sparse.json,False,,,,,,,,,,,,,,,,,,,,,,,,,,,,,,,,,,,,,,,,,,,
fm_comparator_dt_la_l2_sparse,SWAT,5,0,0,0,5,no_complete_result,validation_only_1_percent_no_PA,configs/models/fm_comparator_dt_la_l2_sparse.json,False,,,,,,,,,,,,,,,,,,,,,,,,,,,,,,,,,,,,,,,,,,,
fm_comparator_dt_la_lambda_0p1,CICIDS,5,0,0,0,5,no_complete_result,validation_only_1_percent_no_PA,configs/models/fm_comparator_dt_la_lambda_0p1.json,False,,,,,,,,,,,,,,,,,,,,,,,,,,,,,,,,,,,,,,,,,,,
fm_comparator_dt_la_lambda_0p1,MSL,5,0,0,0,5,no_complete_result,validation_only_1_percent_no_PA,configs/models/fm_comparator_dt_la_lambda_0p1.json,False,,,,,,,,,,,,,,,,,,,,,,,,,,,,,,,,,,,,,,,,,,,
fm_comparator_dt_la_lambda_0p1,PSM,5,0,0,0,5,no_complete_result,validation_only_1_percent_no_PA,configs/models/fm_comparator_dt_la_lambda_0p1.json,False,,,,,,,,,,,,,,,,,,,,,,,,,,,,,,,,,,,,,,,,,,,
fm_comparator_dt_la_lambda_0p1,SMAP,5,0,0,0,5,no_complete_result,validation_only_1_percent_no_PA,configs/models/fm_comparator_dt_la_lambda_0p1.json,False,,,,,,,,,,,,,,,,,,,,,,,,,,,,,,,,,,,,,,,,,,,
fm_comparator_dt_la_lambda_0p1,SMD,5,0,0,0,5,no_complete_result,validation_only_1_percent_no_PA,configs/models/fm_comparator_dt_la_lambda_0p1.json,False,,,,,,,,,,,,,,,,,,,,,,,,,,,,,,,,,,,,,,,,,,,
fm_comparator_dt_la_lambda_0p1,SWAN,5,0,0,0,5,no_complete_result,validation_only_1_percent_no_PA,configs/models/fm_comparator_dt_la_lambda_0p1.json,False,,,,,,,,,,,,,,,,,,,,,,,,,,,,,,,,,,,,,,,,,,,
fm_comparator_dt_la_lambda_0p1,SWAT,5,0,0,0,5,no_complete_result,validation_only_1_percent_no_PA,configs/models/fm_comparator_dt_la_lambda_0p1.json,False,,,,,,,,,,,,,,,,,,,,,,,,,,,,,,,,,,,,,,,,,,,
fm_comparator_dt_la_lambda_0p3,CICIDS,5,0,0,0,5,no_complete_result,validation_only_1_percent_no_PA,configs/models/fm_comparator_dt_la_lambda_0p3.json,False,,,,,,,,,,,,,,,,,,,,,,,,,,,,,,,,,,,,,,,,,,,
fm_comparator_dt_la_lambda_0p3,MSL,5,0,0,0,5,no_complete_result,validation_only_1_percent_no_PA,configs/models/fm_comparator_dt_la_lambda_0p3.json,False,,,,,,,,,,,,,,,,,,,,,,,,,,,,,,,,,,,,,,,,,,,
fm_comparator_dt_la_lambda_0p3,PSM,5,0,0,0,5,no_complete_result,validation_only_1_percent_no_PA,configs/models/fm_comparator_dt_la_lambda_0p3.json,False,,,,,,,,,,,,,,,,,,,,,,,,,,,,,,,,,,,,,,,,,,,
fm_comparator_dt_la_lambda_0p3,SMAP,5,0,0,0,5,no_complete_result,validation_only_1_percent_no_PA,configs/models/fm_comparator_dt_la_lambda_0p3.json,False,,,,,,,,,,,,,,,,,,,,,,,,,,,,,,,,,,,,,,,,,,,
fm_comparator_dt_la_lambda_0p3,SMD,5,0,0,0,5,no_complete_result,validation_only_1_percent_no_PA,configs/models/fm_comparator_dt_la_lambda_0p3.json,False,,,,,,,,,,,,,,,,,,,,,,,,,,,,,,,,,,,,,,,,,,,
fm_comparator_dt_la_lambda_0p3,SWAN,5,0,0,0,5,no_complete_result,validation_only_1_percent_no_PA,configs/models/fm_comparator_dt_la_lambda_0p3.json,False,,,,,,,,,,,,,,,,,,,,,,,,,,,,,,,,,,,,,,,,,,,
fm_comparator_dt_la_lambda_0p3,SWAT,5,0,0,0,5,no_complete_result,validation_only_1_percent_no_PA,configs/models/fm_comparator_dt_la_lambda_0p3.json,False,,,,,,,,,,,,,,,,,,,,,,,,,,,,,,,,,,,,,,,,,,,
fm_comparator_dt_la_lambda_0p7,CICIDS,5,0,0,0,5,no_complete_result,validation_only_1_percent_no_PA,configs/models/fm_comparator_dt_la_lambda_0p7.json,False,,,,,,,,,,,,,,,,,,,,,,,,,,,,,,,,,,,,,,,,,,,
fm_comparator_dt_la_lambda_0p7,MSL,5,0,0,0,5,no_complete_result,validation_only_1_percent_no_PA,configs/models/fm_comparator_dt_la_lambda_0p7.json,False,,,,,,,,,,,,,,,,,,,,,,,,,,,,,,,,,,,,,,,,,,,
fm_comparator_dt_la_lambda_0p7,PSM,5,0,0,0,5,no_complete_result,validation_only_1_percent_no_PA,configs/models/fm_comparator_dt_la_lambda_0p7.json,False,,,,,,,,,,,,,,,,,,,,,,,,,,,,,,,,,,,,,,,,,,,
fm_comparator_dt_la_lambda_0p7,SMAP,5,0,0,0,5,no_complete_result,validation_only_1_percent_no_PA,configs/models/fm_comparator_dt_la_lambda_0p7.json,False,,,,,,,,,,,,,,,,,,,,,,,,,,,,,,,,,,,,,,,,,,,
fm_comparator_dt_la_lambda_0p7,SMD,5,0,0,0,5,no_complete_result,validation_only_1_percent_no_PA,configs/models/fm_comparator_dt_la_lambda_0p7.json,False,,,,,,,,,,,,,,,,,,,,,,,,,,,,,,,,,,,,,,,,,,,
fm_comparator_dt_la_lambda_0p7,SWAN,5,0,0,0,5,no_complete_result,validation_only_1_percent_no_PA,configs/models/fm_comparator_dt_la_lambda_0p7.json,False,,,,,,,,,,,,,,,,,,,,,,,,,,,,,,,,,,,,,,,,,,,
fm_comparator_dt_la_lambda_0p7,SWAT,5,0,0,0,5,no_complete_result,validation_only_1_percent_no_PA,configs/models/fm_comparator_dt_la_lambda_0p7.json,False,,,,,,,,,,,,,,,,,,,,,,,,,,,,,,,,,,,,,,,,,,,
fm_comparator_dt_la_lambda_1p0,CICIDS,5,0,0,0,5,no_complete_result,validation_only_1_percent_no_PA,configs/models/fm_comparator_dt_la_lambda_1p0.json,False,,,,,,,,,,,,,,,,,,,,,,,,,,,,,,,,,,,,,,,,,,,
fm_comparator_dt_la_lambda_1p0,MSL,5,0,0,0,5,no_complete_result,validation_only_1_percent_no_PA,configs/models/fm_comparator_dt_la_lambda_1p0.json,False,,,,,,,,,,,,,,,,,,,,,,,,,,,,,,,,,,,,,,,,,,,
fm_comparator_dt_la_lambda_1p0,PSM,5,0,0,0,5,no_complete_result,validation_only_1_percent_no_PA,configs/models/fm_comparator_dt_la_lambda_1p0.json,False,,,,,,,,,,,,,,,,,,,,,,,,,,,,,,,,,,,,,,,,,,,
fm_comparator_dt_la_lambda_1p0,SMAP,5,0,0,0,5,no_complete_result,validation_only_1_percent_no_PA,configs/models/fm_comparator_dt_la_lambda_1p0.json,False,,,,,,,,,,,,,,,,,,,,,,,,,,,,,,,,,,,,,,,,,,,
fm_comparator_dt_la_lambda_1p0,SMD,5,0,0,0,5,no_complete_result,validation_only_1_percent_no_PA,configs/models/fm_comparator_dt_la_lambda_1p0.json,False,,,,,,,,,,,,,,,,,,,,,,,,,,,,,,,,,,,,,,,,,,,
fm_comparator_dt_la_lambda_1p0,SWAN,5,0,0,0,5,no_complete_result,validation_only_1_percent_no_PA,configs/models/fm_comparator_dt_la_lambda_1p0.json,False,,,,,,,,,,,,,,,,,,,,,,,,,,,,,,,,,,,,,,,,,,,
fm_comparator_dt_la_lambda_1p0,SWAT,5,0,0,0,5,no_complete_result,validation_only_1_percent_no_PA,configs/models/fm_comparator_dt_la_lambda_1p0.json,False,,,,,,,,,,,,,,,,,,,,,,,,,,,,,,,,,,,,,,,,,,,
fm_comparator_dt_la_mrh_no_sparse,CICIDS,5,0,0,0,5,no_complete_result,validation_only_1_percent_no_PA,configs/models/fm_comparator_dt_la_mrh_no_sparse.json,False,,,,,,,,,,,,,,,,,,,,,,,,,,,,,,,,,,,,,,,,,,,
fm_comparator_dt_la_mrh_no_sparse,MSL,5,0,0,0,5,no_complete_result,validation_only_1_percent_no_PA,configs/models/fm_comparator_dt_la_mrh_no_sparse.json,False,,,,,,,,,,,,,,,,,,,,,,,,,,,,,,,,,,,,,,,,,,,
fm_comparator_dt_la_mrh_no_sparse,PSM,5,0,0,0,5,no_complete_result,validation_only_1_percent_no_PA,configs/models/fm_comparator_dt_la_mrh_no_sparse.json,False,,,,,,,,,,,,,,,,,,,,,,,,,,,,,,,,,,,,,,,,,,,
fm_comparator_dt_la_mrh_no_sparse,SMAP,5,0,0,0,5,no_complete_result,validation_only_1_percent_no_PA,configs/models/fm_comparator_dt_la_mrh_no_sparse.json,False,,,,,,,,,,,,,,,,,,,,,,,,,,,,,,,,,,,,,,,,,,,
fm_comparator_dt_la_mrh_no_sparse,SMD,5,0,0,0,5,no_complete_result,validation_only_1_percent_no_PA,configs/models/fm_comparator_dt_la_mrh_no_sparse.json,False,,,,,,,,,,,,,,,,,,,,,,,,,,,,,,,,,,,,,,,,,,,
fm_comparator_dt_la_mrh_no_sparse,SWAN,5,0,0,0,5,no_complete_result,validation_only_1_percent_no_PA,configs/models/fm_comparator_dt_la_mrh_no_sparse.json,False,,,,,,,,,,,,,,,,,,,,,,,,,,,,,,,,,,,,,,,,,,,
fm_comparator_dt_la_mrh_no_sparse,SWAT,5,0,0,0,5,no_complete_result,validation_only_1_percent_no_PA,configs/models/fm_comparator_dt_la_mrh_no_sparse.json,False,,,,,,,,,,,,,,,,,,,,,,,,,,,,,,,,,,,,,,,,,,,
fm_comparator_dt_la_score_input,CICIDS,5,0,0,0,5,no_complete_result,validation_only_1_percent_no_PA,configs/models/fm_comparator_dt_la_score_input.json,False,,,,,,,,,,,,,,,,,,,,,,,,,,,,,,,,,,,,,,,,,,,
fm_comparator_dt_la_score_input,MSL,5,0,0,0,5,no_complete_result,validation_only_1_percent_no_PA,configs/models/fm_comparator_dt_la_score_input.json,False,,,,,,,,,,,,,,,,,,,,,,,,,,,,,,,,,,,,,,,,,,,
fm_comparator_dt_la_score_input,PSM,5,0,0,0,5,no_complete_result,validation_only_1_percent_no_PA,configs/models/fm_comparator_dt_la_score_input.json,False,,,,,,,,,,,,,,,,,,,,,,,,,,,,,,,,,,,,,,,,,,,
fm_comparator_dt_la_score_input,SMAP,5,0,0,0,5,no_complete_result,validation_only_1_percent_no_PA,configs/models/fm_comparator_dt_la_score_input.json,False,,,,,,,,,,,,,,,,,,,,,,,,,,,,,,,,,,,,,,,,,,,
fm_comparator_dt_la_score_input,SMD,5,0,0,0,5,no_complete_result,validation_only_1_percent_no_PA,configs/models/fm_comparator_dt_la_score_input.json,False,,,,,,,,,,,,,,,,,,,,,,,,,,,,,,,,,,,,,,,,,,,
fm_comparator_dt_la_score_input,SWAN,5,0,0,0,5,no_complete_result,validation_only_1_percent_no_PA,configs/models/fm_comparator_dt_la_score_input.json,False,,,,,,,,,,,,,,,,,,,,,,,,,,,,,,,,,,,,,,,,,,,
fm_comparator_dt_la_score_input,SWAT,5,0,0,0,5,no_complete_result,validation_only_1_percent_no_PA,configs/models/fm_comparator_dt_la_score_input.json,False,,,,,,,,,,,,,,,,,,,,,,,,,,,,,,,,,,,,,,,,,,,
fm_comparator_dt_la_score_latent,CICIDS,5,0,0,0,5,no_complete_result,validation_only_1_percent_no_PA,configs/models/fm_comparator_dt_la_score_latent.json,False,,,,,,,,,,,,,,,,,,,,,,,,,,,,,,,,,,,,,,,,,,,
fm_comparator_dt_la_score_latent,MSL,5,0,0,0,5,no_complete_result,validation_only_1_percent_no_PA,configs/models/fm_comparator_dt_la_score_latent.json,False,,,,,,,,,,,,,,,,,,,,,,,,,,,,,,,,,,,,,,,,,,,
fm_comparator_dt_la_score_latent,PSM,5,0,0,0,5,no_complete_result,validation_only_1_percent_no_PA,configs/models/fm_comparator_dt_la_score_latent.json,False,,,,,,,,,,,,,,,,,,,,,,,,,,,,,,,,,,,,,,,,,,,
fm_comparator_dt_la_score_latent,SMAP,5,0,0,0,5,no_complete_result,validation_only_1_percent_no_PA,configs/models/fm_comparator_dt_la_score_latent.json,False,,,,,,,,,,,,,,,,,,,,,,,,,,,,,,,,,,,,,,,,,,,
fm_comparator_dt_la_score_latent,SMD,5,0,0,0,5,no_complete_result,validation_only_1_percent_no_PA,configs/models/fm_comparator_dt_la_score_latent.json,False,,,,,,,,,,,,,,,,,,,,,,,,,,,,,,,,,,,,,,,,,,,
fm_comparator_dt_la_score_latent,SWAN,5,0,0,0,5,no_complete_result,validation_only_1_percent_no_PA,configs/models/fm_comparator_dt_la_score_latent.json,False,,,,,,,,,,,,,,,,,,,,,,,,,,,,,,,,,,,,,,,,,,,
fm_comparator_dt_la_score_latent,SWAT,5,0,0,0,5,no_complete_result,validation_only_1_percent_no_PA,configs/models/fm_comparator_dt_la_score_latent.json,False,,,,,,,,,,,,,,,,,,,,,,,,,,,,,,,,,,,,,,,,,,,
fm_comparator_dt_la_score_softmax,CICIDS,5,0,0,0,5,no_complete_result,validation_only_1_percent_no_PA,configs/models/fm_comparator_dt_la_score_softmax.json,False,,,,,,,,,,,,,,,,,,,,,,,,,,,,,,,,,,,,,,,,,,,
fm_comparator_dt_la_score_softmax,MSL,5,0,0,0,5,no_complete_result,validation_only_1_percent_no_PA,configs/models/fm_comparator_dt_la_score_softmax.json,False,,,,,,,,,,,,,,,,,,,,,,,,,,,,,,,,,,,,,,,,,,,
fm_comparator_dt_la_score_softmax,PSM,5,0,0,0,5,no_complete_result,validation_only_1_percent_no_PA,configs/models/fm_comparator_dt_la_score_softmax.json,False,,,,,,,,,,,,,,,,,,,,,,,,,,,,,,,,,,,,,,,,,,,
fm_comparator_dt_la_score_softmax,SMAP,5,0,0,0,5,no_complete_result,validation_only_1_percent_no_PA,configs/models/fm_comparator_dt_la_score_softmax.json,False,,,,,,,,,,,,,,,,,,,,,,,,,,,,,,,,,,,,,,,,,,,
fm_comparator_dt_la_score_softmax,SMD,5,0,0,0,5,no_complete_result,validation_only_1_percent_no_PA,configs/models/fm_comparator_dt_la_score_softmax.json,False,,,,,,,,,,,,,,,,,,,,,,,,,,,,,,,,,,,,,,,,,,,
fm_comparator_dt_la_score_softmax,SWAN,5,0,0,0,5,no_complete_result,validation_only_1_percent_no_PA,configs/models/fm_comparator_dt_la_score_softmax.json,False,,,,,,,,,,,,,,,,,,,,,,,,,,,,,,,,,,,,,,,,,,,
fm_comparator_dt_la_score_softmax,SWAT,5,0,0,0,5,no_complete_result,validation_only_1_percent_no_PA,configs/models/fm_comparator_dt_la_score_softmax.json,False,,,,,,,,,,,,,,,,,,,,,,,,,,,,,,,,,,,,,,,,,,,
fm_comparator_kgl,CICIDS,5,0,0,0,5,no_complete_result,validation_only_1_percent_no_PA,configs/models/fm_comparator_kgl.json,False,,,,,,,,,,,,,,,,,,,,,,,,,,,,,,,,,,,,,,,,,,,
fm_comparator_kgl,MSL,5,0,0,0,5,no_complete_result,validation_only_1_percent_no_PA,configs/models/fm_comparator_kgl.json,False,,,,,,,,,,,,,,,,,,,,,,,,,,,,,,,,,,,,,,,,,,,
fm_comparator_kgl,PSM,5,0,0,0,5,no_complete_result,validation_only_1_percent_no_PA,configs/models/fm_comparator_kgl.json,False,,,,,,,,,,,,,,,,,,,,,,,,,,,,,,,,,,,,,,,,,,,
fm_comparator_kgl,SMAP,5,0,0,0,5,no_complete_result,validation_only_1_percent_no_PA,configs/models/fm_comparator_kgl.json,False,,,,,,,,,,,,,,,,,,,,,,,,,,,,,,,,,,,,,,,,,,,
fm_comparator_kgl,SMD,5,0,0,0,5,no_complete_result,validation_only_1_percent_no_PA,configs/models/fm_comparator_kgl.json,False,,,,,,,,,,,,,,,,,,,,,,,,,,,,,,,,,,,,,,,,,,,
fm_comparator_kgl,SWAN,5,0,0,0,5,no_complete_result,validation_only_1_percent_no_PA,configs/models/fm_comparator_kgl.json,False,,,,,,,,,,,,,,,,,,,,,,,,,,,,,,,,,,,,,,,,,,,
fm_comparator_kgl,SWAT,5,0,0,0,5,no_complete_result,validation_only_1_percent_no_PA,configs/models/fm_comparator_kgl.json,False,,,,,,,,,,,,,,,,,,,,,,,,,,,,,,,,,,,,,,,,,,,
fm_comparator_kgl_without_gat,CICIDS,5,0,0,0,5,no_complete_result,validation_only_1_percent_no_PA,configs/models/fm_comparator_kgl_without_gat.json,False,,,,,,,,,,,,,,,,,,,,,,,,,,,,,,,,,,,,,,,,,,,
fm_comparator_kgl_without_gat,MSL,5,0,0,0,5,no_complete_result,validation_only_1_percent_no_PA,configs/models/fm_comparator_kgl_without_gat.json,False,,,,,,,,,,,,,,,,,,,,,,,,,,,,,,,,,,,,,,,,,,,
fm_comparator_kgl_without_gat,PSM,5,0,0,0,5,no_complete_result,validation_only_1_percent_no_PA,configs/models/fm_comparator_kgl_without_gat.json,False,,,,,,,,,,,,,,,,,,,,,,,,,,,,,,,,,,,,,,,,,,,
fm_comparator_kgl_without_gat,SMAP,5,0,0,0,5,no_complete_result,validation_only_1_percent_no_PA,configs/models/fm_comparator_kgl_without_gat.json,False,,,,,,,,,,,,,,,,,,,,,,,,,,,,,,,,,,,,,,,,,,,
fm_comparator_kgl_without_gat,SMD,5,0,0,0,5,no_complete_result,validation_only_1_percent_no_PA,configs/models/fm_comparator_kgl_without_gat.json,False,,,,,,,,,,,,,,,,,,,,,,,,,,,,,,,,,,,,,,,,,,,
fm_comparator_kgl_without_gat,SWAN,5,0,0,0,5,no_complete_result,validation_only_1_percent_no_PA,configs/models/fm_comparator_kgl_without_gat.json,False,,,,,,,,,,,,,,,,,,,,,,,,,,,,,,,,,,,,,,,,,,,
fm_comparator_kgl_without_gat,SWAT,5,0,0,0,5,no_complete_result,validation_only_1_percent_no_PA,configs/models/fm_comparator_kgl_without_gat.json,False,,,,,,,,,,,,,,,,,,,,,,,,,,,,,,,,,,,,,,,,,,,
fm_comparator_kgl_without_kan,CICIDS,5,0,0,0,5,no_complete_result,validation_only_1_percent_no_PA,configs/models/fm_comparator_kgl_without_kan.json,False,,,,,,,,,,,,,,,,,,,,,,,,,,,,,,,,,,,,,,,,,,,
fm_comparator_kgl_without_kan,MSL,5,0,0,0,5,no_complete_result,validation_only_1_percent_no_PA,configs/models/fm_comparator_kgl_without_kan.json,False,,,,,,,,,,,,,,,,,,,,,,,,,,,,,,,,,,,,,,,,,,,
fm_comparator_kgl_without_kan,PSM,5,0,0,0,5,no_complete_result,validation_only_1_percent_no_PA,configs/models/fm_comparator_kgl_without_kan.json,False,,,,,,,,,,,,,,,,,,,,,,,,,,,,,,,,,,,,,,,,,,,
fm_comparator_kgl_without_kan,SMAP,5,0,0,0,5,no_complete_result,validation_only_1_percent_no_PA,configs/models/fm_comparator_kgl_without_kan.json,False,,,,,,,,,,,,,,,,,,,,,,,,,,,,,,,,,,,,,,,,,,,
fm_comparator_kgl_without_kan,SMD,5,0,0,0,5,no_complete_result,validation_only_1_percent_no_PA,configs/models/fm_comparator_kgl_without_kan.json,False,,,,,,,,,,,,,,,,,,,,,,,,,,,,,,,,,,,,,,,,,,,
fm_comparator_kgl_without_kan,SWAN,5,0,0,0,5,no_complete_result,validation_only_1_percent_no_PA,configs/models/fm_comparator_kgl_without_kan.json,False,,,,,,,,,,,,,,,,,,,,,,,,,,,,,,,,,,,,,,,,,,,
fm_comparator_kgl_without_kan,SWAT,5,0,0,0,5,no_complete_result,validation_only_1_percent_no_PA,configs/models/fm_comparator_kgl_without_kan.json,False,,,,,,,,,,,,,,,,,,,,,,,,,,,,,,,,,,,,,,,,,,,
fm_comparator_kgl_without_lstm,CICIDS,5,0,0,0,5,no_complete_result,validation_only_1_percent_no_PA,configs/models/fm_comparator_kgl_without_lstm.json,False,,,,,,,,,,,,,,,,,,,,,,,,,,,,,,,,,,,,,,,,,,,
fm_comparator_kgl_without_lstm,MSL,5,0,0,0,5,no_complete_result,validation_only_1_percent_no_PA,configs/models/fm_comparator_kgl_without_lstm.json,False,,,,,,,,,,,,,,,,,,,,,,,,,,,,,,,,,,,,,,,,,,,
fm_comparator_kgl_without_lstm,PSM,5,0,0,0,5,no_complete_result,validation_only_1_percent_no_PA,configs/models/fm_comparator_kgl_without_lstm.json,False,,,,,,,,,,,,,,,,,,,,,,,,,,,,,,,,,,,,,,,,,,,
fm_comparator_kgl_without_lstm,SMAP,5,0,0,0,5,no_complete_result,validation_only_1_percent_no_PA,configs/models/fm_comparator_kgl_without_lstm.json,False,,,,,,,,,,,,,,,,,,,,,,,,,,,,,,,,,,,,,,,,,,,
fm_comparator_kgl_without_lstm,SMD,5,0,0,0,5,no_complete_result,validation_only_1_percent_no_PA,configs/models/fm_comparator_kgl_without_lstm.json,False,,,,,,,,,,,,,,,,,,,,,,,,,,,,,,,,,,,,,,,,,,,
fm_comparator_kgl_without_lstm,SWAN,5,0,0,0,5,no_complete_result,validation_only_1_percent_no_PA,configs/models/fm_comparator_kgl_without_lstm.json,False,,,,,,,,,,,,,,,,,,,,,,,,,,,,,,,,,,,,,,,,,,,
fm_comparator_kgl_without_lstm,SWAT,5,0,0,0,5,no_complete_result,validation_only_1_percent_no_PA,configs/models/fm_comparator_kgl_without_lstm.json,False,,,,,,,,,,,,,,,,,,,,,,,,,,,,,,,,,,,,,,,,,,,
fm_comparator_shcl_transformer,CICIDS,5,0,0,0,5,no_complete_result,validation_only_1_percent_no_PA,configs/models/fm_comparator_shcl_transformer.json,False,,,,,,,,,,,,,,,,,,,,,,,,,,,,,,,,,,,,,,,,,,,
fm_comparator_shcl_transformer,MSL,5,0,0,0,5,no_complete_result,validation_only_1_percent_no_PA,configs/models/fm_comparator_shcl_transformer.json,False,,,,,,,,,,,,,,,,,,,,,,,,,,,,,,,,,,,,,,,,,,,
fm_comparator_shcl_transformer,PSM,5,0,0,0,5,no_complete_result,validation_only_1_percent_no_PA,configs/models/fm_comparator_shcl_transformer.json,False,,,,,,,,,,,,,,,,,,,,,,,,,,,,,,,,,,,,,,,,,,,
fm_comparator_shcl_transformer,SMAP,5,0,0,0,5,no_complete_result,validation_only_1_percent_no_PA,configs/models/fm_comparator_shcl_transformer.json,False,,,,,,,,,,,,,,,,,,,,,,,,,,,,,,,,,,,,,,,,,,,
fm_comparator_shcl_transformer,SMD,5,0,0,0,5,no_complete_result,validation_only_1_percent_no_PA,configs/models/fm_comparator_shcl_transformer.json,False,,,,,,,,,,,,,,,,,,,,,,,,,,,,,,,,,,,,,,,,,,,
fm_comparator_shcl_transformer,SWAN,5,0,0,0,5,no_complete_result,validation_only_1_percent_no_PA,configs/models/fm_comparator_shcl_transformer.json,False,,,,,,,,,,,,,,,,,,,,,,,,,,,,,,,,,,,,,,,,,,,
fm_comparator_shcl_transformer,SWAT,5,0,0,0,5,no_complete_result,validation_only_1_percent_no_PA,configs/models/fm_comparator_shcl_transformer.json,False,,,,,,,,,,,,,,,,,,,,,,,,,,,,,,,,,,,,,,,,,,,
fm_comparator_shcl_transformer_backbone_cnn,CICIDS,5,0,0,0,5,no_complete_result,validation_only_1_percent_no_PA,configs/models/fm_comparator_shcl_transformer_backbone_cnn.json,False,,,,,,,,,,,,,,,,,,,,,,,,,,,,,,,,,,,,,,,,,,,
fm_comparator_shcl_transformer_backbone_cnn,MSL,5,0,0,0,5,no_complete_result,validation_only_1_percent_no_PA,configs/models/fm_comparator_shcl_transformer_backbone_cnn.json,False,,,,,,,,,,,,,,,,,,,,,,,,,,,,,,,,,,,,,,,,,,,
fm_comparator_shcl_transformer_backbone_cnn,PSM,5,0,0,0,5,no_complete_result,validation_only_1_percent_no_PA,configs/models/fm_comparator_shcl_transformer_backbone_cnn.json,False,,,,,,,,,,,,,,,,,,,,,,,,,,,,,,,,,,,,,,,,,,,
fm_comparator_shcl_transformer_backbone_cnn,SMAP,5,0,0,0,5,no_complete_result,validation_only_1_percent_no_PA,configs/models/fm_comparator_shcl_transformer_backbone_cnn.json,False,,,,,,,,,,,,,,,,,,,,,,,,,,,,,,,,,,,,,,,,,,,
fm_comparator_shcl_transformer_backbone_cnn,SMD,5,0,0,0,5,no_complete_result,validation_only_1_percent_no_PA,configs/models/fm_comparator_shcl_transformer_backbone_cnn.json,False,,,,,,,,,,,,,,,,,,,,,,,,,,,,,,,,,,,,,,,,,,,
fm_comparator_shcl_transformer_backbone_cnn,SWAN,5,0,0,0,5,no_complete_result,validation_only_1_percent_no_PA,configs/models/fm_comparator_shcl_transformer_backbone_cnn.json,False,,,,,,,,,,,,,,,,,,,,,,,,,,,,,,,,,,,,,,,,,,,
fm_comparator_shcl_transformer_backbone_cnn,SWAT,5,0,0,0,5,no_complete_result,validation_only_1_percent_no_PA,configs/models/fm_comparator_shcl_transformer_backbone_cnn.json,False,,,,,,,,,,,,,,,,,,,,,,,,,,,,,,,,,,,,,,,,,,,
fm_comparator_shcl_transformer_backbone_lstm,CICIDS,5,0,0,0,5,no_complete_result,validation_only_1_percent_no_PA,configs/models/fm_comparator_shcl_transformer_backbone_lstm.json,False,,,,,,,,,,,,,,,,,,,,,,,,,,,,,,,,,,,,,,,,,,,
fm_comparator_shcl_transformer_backbone_lstm,MSL,5,0,0,0,5,no_complete_result,validation_only_1_percent_no_PA,configs/models/fm_comparator_shcl_transformer_backbone_lstm.json,False,,,,,,,,,,,,,,,,,,,,,,,,,,,,,,,,,,,,,,,,,,,
fm_comparator_shcl_transformer_backbone_lstm,PSM,5,0,0,0,5,no_complete_result,validation_only_1_percent_no_PA,configs/models/fm_comparator_shcl_transformer_backbone_lstm.json,False,,,,,,,,,,,,,,,,,,,,,,,,,,,,,,,,,,,,,,,,,,,
fm_comparator_shcl_transformer_backbone_lstm,SMAP,5,0,0,0,5,no_complete_result,validation_only_1_percent_no_PA,configs/models/fm_comparator_shcl_transformer_backbone_lstm.json,False,,,,,,,,,,,,,,,,,,,,,,,,,,,,,,,,,,,,,,,,,,,
fm_comparator_shcl_transformer_backbone_lstm,SMD,5,0,0,0,5,no_complete_result,validation_only_1_percent_no_PA,configs/models/fm_comparator_shcl_transformer_backbone_lstm.json,False,,,,,,,,,,,,,,,,,,,,,,,,,,,,,,,,,,,,,,,,,,,
fm_comparator_shcl_transformer_backbone_lstm,SWAN,5,0,0,0,5,no_complete_result,validation_only_1_percent_no_PA,configs/models/fm_comparator_shcl_transformer_backbone_lstm.json,False,,,,,,,,,,,,,,,,,,,,,,,,,,,,,,,,,,,,,,,,,,,
fm_comparator_shcl_transformer_backbone_lstm,SWAT,5,0,0,0,5,no_complete_result,validation_only_1_percent_no_PA,configs/models/fm_comparator_shcl_transformer_backbone_lstm.json,False,,,,,,,,,,,,,,,,,,,,,,,,,,,,,,,,,,,,,,,,,,,
fm_comparator_shcl_transformer_backbone_rnn,CICIDS,5,0,0,0,5,no_complete_result,validation_only_1_percent_no_PA,configs/models/fm_comparator_shcl_transformer_backbone_rnn.json,False,,,,,,,,,,,,,,,,,,,,,,,,,,,,,,,,,,,,,,,,,,,
fm_comparator_shcl_transformer_backbone_rnn,MSL,5,0,0,0,5,no_complete_result,validation_only_1_percent_no_PA,configs/models/fm_comparator_shcl_transformer_backbone_rnn.json,False,,,,,,,,,,,,,,,,,,,,,,,,,,,,,,,,,,,,,,,,,,,
fm_comparator_shcl_transformer_backbone_rnn,PSM,5,0,0,0,5,no_complete_result,validation_only_1_percent_no_PA,configs/models/fm_comparator_shcl_transformer_backbone_rnn.json,False,,,,,,,,,,,,,,,,,,,,,,,,,,,,,,,,,,,,,,,,,,,
fm_comparator_shcl_transformer_backbone_rnn,SMAP,5,0,0,0,5,no_complete_result,validation_only_1_percent_no_PA,configs/models/fm_comparator_shcl_transformer_backbone_rnn.json,False,,,,,,,,,,,,,,,,,,,,,,,,,,,,,,,,,,,,,,,,,,,
fm_comparator_shcl_transformer_backbone_rnn,SMD,5,0,0,0,5,no_complete_result,validation_only_1_percent_no_PA,configs/models/fm_comparator_shcl_transformer_backbone_rnn.json,False,,,,,,,,,,,,,,,,,,,,,,,,,,,,,,,,,,,,,,,,,,,
fm_comparator_shcl_transformer_backbone_rnn,SWAN,5,0,0,0,5,no_complete_result,validation_only_1_percent_no_PA,configs/models/fm_comparator_shcl_transformer_backbone_rnn.json,False,,,,,,,,,,,,,,,,,,,,,,,,,,,,,,,,,,,,,,,,,,,
fm_comparator_shcl_transformer_backbone_rnn,SWAT,5,0,0,0,5,no_complete_result,validation_only_1_percent_no_PA,configs/models/fm_comparator_shcl_transformer_backbone_rnn.json,False,,,,,,,,,,,,,,,,,,,,,,,,,,,,,,,,,,,,,,,,,,,
fm_comparator_shcl_transformer_backbone_vae,CICIDS,5,0,0,0,5,no_complete_result,validation_only_1_percent_no_PA,configs/models/fm_comparator_shcl_transformer_backbone_vae.json,False,,,,,,,,,,,,,,,,,,,,,,,,,,,,,,,,,,,,,,,,,,,
fm_comparator_shcl_transformer_backbone_vae,MSL,5,0,0,0,5,no_complete_result,validation_only_1_percent_no_PA,configs/models/fm_comparator_shcl_transformer_backbone_vae.json,False,,,,,,,,,,,,,,,,,,,,,,,,,,,,,,,,,,,,,,,,,,,
fm_comparator_shcl_transformer_backbone_vae,PSM,5,0,0,0,5,no_complete_result,validation_only_1_percent_no_PA,configs/models/fm_comparator_shcl_transformer_backbone_vae.json,False,,,,,,,,,,,,,,,,,,,,,,,,,,,,,,,,,,,,,,,,,,,
fm_comparator_shcl_transformer_backbone_vae,SMAP,5,0,0,0,5,no_complete_result,validation_only_1_percent_no_PA,configs/models/fm_comparator_shcl_transformer_backbone_vae.json,False,,,,,,,,,,,,,,,,,,,,,,,,,,,,,,,,,,,,,,,,,,,
fm_comparator_shcl_transformer_backbone_vae,SMD,5,0,0,0,5,no_complete_result,validation_only_1_percent_no_PA,configs/models/fm_comparator_shcl_transformer_backbone_vae.json,False,,,,,,,,,,,,,,,,,,,,,,,,,,,,,,,,,,,,,,,,,,,
fm_comparator_shcl_transformer_backbone_vae,SWAN,5,0,0,0,5,no_complete_result,validation_only_1_percent_no_PA,configs/models/fm_comparator_shcl_transformer_backbone_vae.json,False,,,,,,,,,,,,,,,,,,,,,,,,,,,,,,,,,,,,,,,,,,,
fm_comparator_shcl_transformer_backbone_vae,SWAT,5,0,0,0,5,no_complete_result,validation_only_1_percent_no_PA,configs/models/fm_comparator_shcl_transformer_backbone_vae.json,False,,,,,,,,,,,,,,,,,,,,,,,,,,,,,,,,,,,,,,,,,,,
fm_comparator_shcl_transformer_backbone_vae_only_pair,CICIDS,5,0,0,0,5,no_complete_result,validation_only_1_percent_no_PA,configs/models/fm_comparator_shcl_transformer_backbone_vae_only_pair.json,False,,,,,,,,,,,,,,,,,,,,,,,,,,,,,,,,,,,,,,,,,,,
fm_comparator_shcl_transformer_backbone_vae_only_pair,MSL,5,0,0,0,5,no_complete_result,validation_only_1_percent_no_PA,configs/models/fm_comparator_shcl_transformer_backbone_vae_only_pair.json,False,,,,,,,,,,,,,,,,,,,,,,,,,,,,,,,,,,,,,,,,,,,
fm_comparator_shcl_transformer_backbone_vae_only_pair,PSM,5,0,0,0,5,no_complete_result,validation_only_1_percent_no_PA,configs/models/fm_comparator_shcl_transformer_backbone_vae_only_pair.json,False,,,,,,,,,,,,,,,,,,,,,,,,,,,,,,,,,,,,,,,,,,,
fm_comparator_shcl_transformer_backbone_vae_only_pair,SMAP,5,0,0,0,5,no_complete_result,validation_only_1_percent_no_PA,configs/models/fm_comparator_shcl_transformer_backbone_vae_only_pair.json,False,,,,,,,,,,,,,,,,,,,,,,,,,,,,,,,,,,,,,,,,,,,
fm_comparator_shcl_transformer_backbone_vae_only_pair,SMD,5,0,0,0,5,no_complete_result,validation_only_1_percent_no_PA,configs/models/fm_comparator_shcl_transformer_backbone_vae_only_pair.json,False,,,,,,,,,,,,,,,,,,,,,,,,,,,,,,,,,,,,,,,,,,,
fm_comparator_shcl_transformer_backbone_vae_only_pair,SWAN,5,0,0,0,5,no_complete_result,validation_only_1_percent_no_PA,configs/models/fm_comparator_shcl_transformer_backbone_vae_only_pair.json,False,,,,,,,,,,,,,,,,,,,,,,,,,,,,,,,,,,,,,,,,,,,
fm_comparator_shcl_transformer_backbone_vae_only_pair,SWAT,5,0,0,0,5,no_complete_result,validation_only_1_percent_no_PA,configs/models/fm_comparator_shcl_transformer_backbone_vae_only_pair.json,False,,,,,,,,,,,,,,,,,,,,,,,,,,,,,,,,,,,,,,,,,,,
fm_comparator_shcl_transformer_backbone_vae_only_point,CICIDS,5,0,0,0,5,no_complete_result,validation_only_1_percent_no_PA,configs/models/fm_comparator_shcl_transformer_backbone_vae_only_point.json,False,,,,,,,,,,,,,,,,,,,,,,,,,,,,,,,,,,,,,,,,,,,
fm_comparator_shcl_transformer_backbone_vae_only_point,MSL,5,0,0,0,5,no_complete_result,validation_only_1_percent_no_PA,configs/models/fm_comparator_shcl_transformer_backbone_vae_only_point.json,False,,,,,,,,,,,,,,,,,,,,,,,,,,,,,,,,,,,,,,,,,,,
fm_comparator_shcl_transformer_backbone_vae_only_point,PSM,5,0,0,0,5,no_complete_result,validation_only_1_percent_no_PA,configs/models/fm_comparator_shcl_transformer_backbone_vae_only_point.json,False,,,,,,,,,,,,,,,,,,,,,,,,,,,,,,,,,,,,,,,,,,,
fm_comparator_shcl_transformer_backbone_vae_only_point,SMAP,5,0,0,0,5,no_complete_result,validation_only_1_percent_no_PA,configs/models/fm_comparator_shcl_transformer_backbone_vae_only_point.json,False,,,,,,,,,,,,,,,,,,,,,,,,,,,,,,,,,,,,,,,,,,,
fm_comparator_shcl_transformer_backbone_vae_only_point,SMD,5,0,0,0,5,no_complete_result,validation_only_1_percent_no_PA,configs/models/fm_comparator_shcl_transformer_backbone_vae_only_point.json,False,,,,,,,,,,,,,,,,,,,,,,,,,,,,,,,,,,,,,,,,,,,
fm_comparator_shcl_transformer_backbone_vae_only_point,SWAN,5,0,0,0,5,no_complete_result,validation_only_1_percent_no_PA,configs/models/fm_comparator_shcl_transformer_backbone_vae_only_point.json,False,,,,,,,,,,,,,,,,,,,,,,,,,,,,,,,,,,,,,,,,,,,
fm_comparator_shcl_transformer_backbone_vae_only_point,SWAT,5,0,0,0,5,no_complete_result,validation_only_1_percent_no_PA,configs/models/fm_comparator_shcl_transformer_backbone_vae_only_point.json,False,,,,,,,,,,,,,,,,,,,,,,,,,,,,,,,,,,,,,,,,,,,
fm_comparator_shcl_transformer_backbone_vae_random_mask,CICIDS,5,0,0,0,5,no_complete_result,validation_only_1_percent_no_PA,configs/models/fm_comparator_shcl_transformer_backbone_vae_random_mask.json,False,,,,,,,,,,,,,,,,,,,,,,,,,,,,,,,,,,,,,,,,,,,
fm_comparator_shcl_transformer_backbone_vae_random_mask,MSL,5,0,0,0,5,no_complete_result,validation_only_1_percent_no_PA,configs/models/fm_comparator_shcl_transformer_backbone_vae_random_mask.json,False,,,,,,,,,,,,,,,,,,,,,,,,,,,,,,,,,,,,,,,,,,,
fm_comparator_shcl_transformer_backbone_vae_random_mask,PSM,5,0,0,0,5,no_complete_result,validation_only_1_percent_no_PA,configs/models/fm_comparator_shcl_transformer_backbone_vae_random_mask.json,False,,,,,,,,,,,,,,,,,,,,,,,,,,,,,,,,,,,,,,,,,,,
fm_comparator_shcl_transformer_backbone_vae_random_mask,SMAP,5,0,0,0,5,no_complete_result,validation_only_1_percent_no_PA,configs/models/fm_comparator_shcl_transformer_backbone_vae_random_mask.json,False,,,,,,,,,,,,,,,,,,,,,,,,,,,,,,,,,,,,,,,,,,,
fm_comparator_shcl_transformer_backbone_vae_random_mask,SMD,5,0,0,0,5,no_complete_result,validation_only_1_percent_no_PA,configs/models/fm_comparator_shcl_transformer_backbone_vae_random_mask.json,False,,,,,,,,,,,,,,,,,,,,,,,,,,,,,,,,,,,,,,,,,,,
fm_comparator_shcl_transformer_backbone_vae_random_mask,SWAN,5,0,0,0,5,no_complete_result,validation_only_1_percent_no_PA,configs/models/fm_comparator_shcl_transformer_backbone_vae_random_mask.json,False,,,,,,,,,,,,,,,,,,,,,,,,,,,,,,,,,,,,,,,,,,,
fm_comparator_shcl_transformer_backbone_vae_random_mask,SWAT,5,0,0,0,5,no_complete_result,validation_only_1_percent_no_PA,configs/models/fm_comparator_shcl_transformer_backbone_vae_random_mask.json,False,,,,,,,,,,,,,,,,,,,,,,,,,,,,,,,,,,,,,,,,,,,
fm_comparator_shcl_transformer_backbone_vae_reconstruction,CICIDS,5,0,0,0,5,no_complete_result,validation_only_1_percent_no_PA,configs/models/fm_comparator_shcl_transformer_backbone_vae_reconstruction.json,False,,,,,,,,,,,,,,,,,,,,,,,,,,,,,,,,,,,,,,,,,,,
fm_comparator_shcl_transformer_backbone_vae_reconstruction,MSL,5,0,0,0,5,no_complete_result,validation_only_1_percent_no_PA,configs/models/fm_comparator_shcl_transformer_backbone_vae_reconstruction.json,False,,,,,,,,,,,,,,,,,,,,,,,,,,,,,,,,,,,,,,,,,,,
fm_comparator_shcl_transformer_backbone_vae_reconstruction,PSM,5,0,0,0,5,no_complete_result,validation_only_1_percent_no_PA,configs/models/fm_comparator_shcl_transformer_backbone_vae_reconstruction.json,False,,,,,,,,,,,,,,,,,,,,,,,,,,,,,,,,,,,,,,,,,,,
fm_comparator_shcl_transformer_backbone_vae_reconstruction,SMAP,5,0,0,0,5,no_complete_result,validation_only_1_percent_no_PA,configs/models/fm_comparator_shcl_transformer_backbone_vae_reconstruction.json,False,,,,,,,,,,,,,,,,,,,,,,,,,,,,,,,,,,,,,,,,,,,
fm_comparator_shcl_transformer_backbone_vae_reconstruction,SMD,5,0,0,0,5,no_complete_result,validation_only_1_percent_no_PA,configs/models/fm_comparator_shcl_transformer_backbone_vae_reconstruction.json,False,,,,,,,,,,,,,,,,,,,,,,,,,,,,,,,,,,,,,,,,,,,
fm_comparator_shcl_transformer_backbone_vae_reconstruction,SWAN,5,0,0,0,5,no_complete_result,validation_only_1_percent_no_PA,configs/models/fm_comparator_shcl_transformer_backbone_vae_reconstruction.json,False,,,,,,,,,,,,,,,,,,,,,,,,,,,,,,,,,,,,,,,,,,,
fm_comparator_shcl_transformer_backbone_vae_reconstruction,SWAT,5,0,0,0,5,no_complete_result,validation_only_1_percent_no_PA,configs/models/fm_comparator_shcl_transformer_backbone_vae_reconstruction.json,False,,,,,,,,,,,,,,,,,,,,,,,,,,,,,,,,,,,,,,,,,,,
fm_comparator_shcl_transformer_only_pair,CICIDS,5,0,0,0,5,no_complete_result,validation_only_1_percent_no_PA,configs/models/fm_comparator_shcl_transformer_only_pair.json,False,,,,,,,,,,,,,,,,,,,,,,,,,,,,,,,,,,,,,,,,,,,
fm_comparator_shcl_transformer_only_pair,MSL,5,0,0,0,5,no_complete_result,validation_only_1_percent_no_PA,configs/models/fm_comparator_shcl_transformer_only_pair.json,False,,,,,,,,,,,,,,,,,,,,,,,,,,,,,,,,,,,,,,,,,,,
fm_comparator_shcl_transformer_only_pair,PSM,5,0,0,0,5,no_complete_result,validation_only_1_percent_no_PA,configs/models/fm_comparator_shcl_transformer_only_pair.json,False,,,,,,,,,,,,,,,,,,,,,,,,,,,,,,,,,,,,,,,,,,,
fm_comparator_shcl_transformer_only_pair,SMAP,5,0,0,0,5,no_complete_result,validation_only_1_percent_no_PA,configs/models/fm_comparator_shcl_transformer_only_pair.json,False,,,,,,,,,,,,,,,,,,,,,,,,,,,,,,,,,,,,,,,,,,,
fm_comparator_shcl_transformer_only_pair,SMD,5,0,0,0,5,no_complete_result,validation_only_1_percent_no_PA,configs/models/fm_comparator_shcl_transformer_only_pair.json,False,,,,,,,,,,,,,,,,,,,,,,,,,,,,,,,,,,,,,,,,,,,
fm_comparator_shcl_transformer_only_pair,SWAN,5,0,0,0,5,no_complete_result,validation_only_1_percent_no_PA,configs/models/fm_comparator_shcl_transformer_only_pair.json,False,,,,,,,,,,,,,,,,,,,,,,,,,,,,,,,,,,,,,,,,,,,
fm_comparator_shcl_transformer_only_pair,SWAT,5,0,0,0,5,no_complete_result,validation_only_1_percent_no_PA,configs/models/fm_comparator_shcl_transformer_only_pair.json,False,,,,,,,,,,,,,,,,,,,,,,,,,,,,,,,,,,,,,,,,,,,
fm_comparator_shcl_transformer_only_point,CICIDS,5,0,0,0,5,no_complete_result,validation_only_1_percent_no_PA,configs/models/fm_comparator_shcl_transformer_only_point.json,False,,,,,,,,,,,,,,,,,,,,,,,,,,,,,,,,,,,,,,,,,,,
fm_comparator_shcl_transformer_only_point,MSL,5,0,0,0,5,no_complete_result,validation_only_1_percent_no_PA,configs/models/fm_comparator_shcl_transformer_only_point.json,False,,,,,,,,,,,,,,,,,,,,,,,,,,,,,,,,,,,,,,,,,,,
fm_comparator_shcl_transformer_only_point,PSM,5,0,0,0,5,no_complete_result,validation_only_1_percent_no_PA,configs/models/fm_comparator_shcl_transformer_only_point.json,False,,,,,,,,,,,,,,,,,,,,,,,,,,,,,,,,,,,,,,,,,,,
fm_comparator_shcl_transformer_only_point,SMAP,5,0,0,0,5,no_complete_result,validation_only_1_percent_no_PA,configs/models/fm_comparator_shcl_transformer_only_point.json,False,,,,,,,,,,,,,,,,,,,,,,,,,,,,,,,,,,,,,,,,,,,
fm_comparator_shcl_transformer_only_point,SMD,5,0,0,0,5,no_complete_result,validation_only_1_percent_no_PA,configs/models/fm_comparator_shcl_transformer_only_point.json,False,,,,,,,,,,,,,,,,,,,,,,,,,,,,,,,,,,,,,,,,,,,
fm_comparator_shcl_transformer_only_point,SWAN,5,0,0,0,5,no_complete_result,validation_only_1_percent_no_PA,configs/models/fm_comparator_shcl_transformer_only_point.json,False,,,,,,,,,,,,,,,,,,,,,,,,,,,,,,,,,,,,,,,,,,,
fm_comparator_shcl_transformer_only_point,SWAT,5,0,0,0,5,no_complete_result,validation_only_1_percent_no_PA,configs/models/fm_comparator_shcl_transformer_only_point.json,False,,,,,,,,,,,,,,,,,,,,,,,,,,,,,,,,,,,,,,,,,,,
fm_comparator_shcl_transformer_random_mask,CICIDS,5,0,0,0,5,no_complete_result,validation_only_1_percent_no_PA,configs/models/fm_comparator_shcl_transformer_random_mask.json,False,,,,,,,,,,,,,,,,,,,,,,,,,,,,,,,,,,,,,,,,,,,
fm_comparator_shcl_transformer_random_mask,MSL,5,0,0,0,5,no_complete_result,validation_only_1_percent_no_PA,configs/models/fm_comparator_shcl_transformer_random_mask.json,False,,,,,,,,,,,,,,,,,,,,,,,,,,,,,,,,,,,,,,,,,,,
fm_comparator_shcl_transformer_random_mask,PSM,5,0,0,0,5,no_complete_result,validation_only_1_percent_no_PA,configs/models/fm_comparator_shcl_transformer_random_mask.json,False,,,,,,,,,,,,,,,,,,,,,,,,,,,,,,,,,,,,,,,,,,,
fm_comparator_shcl_transformer_random_mask,SMAP,5,0,0,0,5,no_complete_result,validation_only_1_percent_no_PA,configs/models/fm_comparator_shcl_transformer_random_mask.json,False,,,,,,,,,,,,,,,,,,,,,,,,,,,,,,,,,,,,,,,,,,,
fm_comparator_shcl_transformer_random_mask,SMD,5,0,0,0,5,no_complete_result,validation_only_1_percent_no_PA,configs/models/fm_comparator_shcl_transformer_random_mask.json,False,,,,,,,,,,,,,,,,,,,,,,,,,,,,,,,,,,,,,,,,,,,
fm_comparator_shcl_transformer_random_mask,SWAN,5,0,0,0,5,no_complete_result,validation_only_1_percent_no_PA,configs/models/fm_comparator_shcl_transformer_random_mask.json,False,,,,,,,,,,,,,,,,,,,,,,,,,,,,,,,,,,,,,,,,,,,
fm_comparator_shcl_transformer_random_mask,SWAT,5,0,0,0,5,no_complete_result,validation_only_1_percent_no_PA,configs/models/fm_comparator_shcl_transformer_random_mask.json,False,,,,,,,,,,,,,,,,,,,,,,,,,,,,,,,,,,,,,,,,,,,
fm_comparator_shcl_transformer_reconstruction,CICIDS,5,0,0,0,5,no_complete_result,validation_only_1_percent_no_PA,configs/models/fm_comparator_shcl_transformer_reconstruction.json,False,,,,,,,,,,,,,,,,,,,,,,,,,,,,,,,,,,,,,,,,,,,
fm_comparator_shcl_transformer_reconstruction,MSL,5,0,0,0,5,no_complete_result,validation_only_1_percent_no_PA,configs/models/fm_comparator_shcl_transformer_reconstruction.json,False,,,,,,,,,,,,,,,,,,,,,,,,,,,,,,,,,,,,,,,,,,,
fm_comparator_shcl_transformer_reconstruction,PSM,5,0,0,0,5,no_complete_result,validation_only_1_percent_no_PA,configs/models/fm_comparator_shcl_transformer_reconstruction.json,False,,,,,,,,,,,,,,,,,,,,,,,,,,,,,,,,,,,,,,,,,,,
fm_comparator_shcl_transformer_reconstruction,SMAP,5,0,0,0,5,no_complete_result,validation_only_1_percent_no_PA,configs/models/fm_comparator_shcl_transformer_reconstruction.json,False,,,,,,,,,,,,,,,,,,,,,,,,,,,,,,,,,,,,,,,,,,,
fm_comparator_shcl_transformer_reconstruction,SMD,5,0,0,0,5,no_complete_result,validation_only_1_percent_no_PA,configs/models/fm_comparator_shcl_transformer_reconstruction.json,False,,,,,,,,,,,,,,,,,,,,,,,,,,,,,,,,,,,,,,,,,,,
fm_comparator_shcl_transformer_reconstruction,SWAN,5,0,0,0,5,no_complete_result,validation_only_1_percent_no_PA,configs/models/fm_comparator_shcl_transformer_reconstruction.json,False,,,,,,,,,,,,,,,,,,,,,,,,,,,,,,,,,,,,,,,,,,,
fm_comparator_shcl_transformer_reconstruction,SWAT,5,0,0,0,5,no_complete_result,validation_only_1_percent_no_PA,configs/models/fm_comparator_shcl_transformer_reconstruction.json,False,,,,,,,,,,,,,,,,,,,,,,,,,,,,,,,,,,,,,,,,,,,
fm_native_dfm_exact,CICIDS,5,0,0,0,5,no_complete_result,validation_only_1_percent_no_PA,configs/models/fm_native_dfm_exact.json,False,,,,,,,,,,,,,,,,,,,,,,,,,,,,,,,,,,,,,,,,,,,
fm_native_dfm_exact,MSL,5,0,0,0,5,no_complete_result,validation_only_1_percent_no_PA,configs/models/fm_native_dfm_exact.json,False,,,,,,,,,,,,,,,,,,,,,,,,,,,,,,,,,,,,,,,,,,,
fm_native_dfm_exact,PSM,5,0,0,0,5,no_complete_result,validation_only_1_percent_no_PA,configs/models/fm_native_dfm_exact.json,False,,,,,,,,,,,,,,,,,,,,,,,,,,,,,,,,,,,,,,,,,,,
fm_native_dfm_exact,SMAP,5,0,0,0,5,no_complete_result,validation_only_1_percent_no_PA,configs/models/fm_native_dfm_exact.json,False,,,,,,,,,,,,,,,,,,,,,,,,,,,,,,,,,,,,,,,,,,,
fm_native_dfm_exact,SMD,5,0,0,0,5,no_complete_result,validation_only_1_percent_no_PA,configs/models/fm_native_dfm_exact.json,False,,,,,,,,,,,,,,,,,,,,,,,,,,,,,,,,,,,,,,,,,,,
fm_native_dfm_exact,SWAN,5,0,0,0,5,no_complete_result,validation_only_1_percent_no_PA,configs/models/fm_native_dfm_exact.json,False,,,,,,,,,,,,,,,,,,,,,,,,,,,,,,,,,,,,,,,,,,,
fm_native_dfm_exact,SWAT,5,0,0,0,5,no_complete_result,validation_only_1_percent_no_PA,configs/models/fm_native_dfm_exact.json,False,,,,,,,,,,,,,,,,,,,,,,,,,,,,,,,,,,,,,,,,,,,
fm_native_dfm_hutchinson,CICIDS,5,0,0,0,5,no_complete_result,validation_only_1_percent_no_PA,configs/models/fm_native_dfm_hutchinson.json,False,,,,,,,,,,,,,,,,,,,,,,,,,,,,,,,,,,,,,,,,,,,
fm_native_dfm_hutchinson,MSL,5,0,0,0,5,no_complete_result,validation_only_1_percent_no_PA,configs/models/fm_native_dfm_hutchinson.json,False,,,,,,,,,,,,,,,,,,,,,,,,,,,,,,,,,,,,,,,,,,,
fm_native_dfm_hutchinson,PSM,5,0,0,0,5,no_complete_result,validation_only_1_percent_no_PA,configs/models/fm_native_dfm_hutchinson.json,False,,,,,,,,,,,,,,,,,,,,,,,,,,,,,,,,,,,,,,,,,,,
fm_native_dfm_hutchinson,SMAP,5,0,0,0,5,no_complete_result,validation_only_1_percent_no_PA,configs/models/fm_native_dfm_hutchinson.json,False,,,,,,,,,,,,,,,,,,,,,,,,,,,,,,,,,,,,,,,,,,,
fm_native_dfm_hutchinson,SMD,5,0,0,0,5,no_complete_result,validation_only_1_percent_no_PA,configs/models/fm_native_dfm_hutchinson.json,False,,,,,,,,,,,,,,,,,,,,,,,,,,,,,,,,,,,,,,,,,,,
fm_native_dfm_hutchinson,SWAN,5,0,0,0,5,no_complete_result,validation_only_1_percent_no_PA,configs/models/fm_native_dfm_hutchinson.json,False,,,,,,,,,,,,,,,,,,,,,,,,,,,,,,,,,,,,,,,,,,,
fm_native_dfm_hutchinson,SWAT,5,0,0,0,5,no_complete_result,validation_only_1_percent_no_PA,configs/models/fm_native_dfm_hutchinson.json,False,,,,,,,,,,,,,,,,,,,,,,,,,,,,,,,,,,,,,,,,,,,
fm_native_grasp_er,CICIDS,5,0,0,0,5,no_complete_result,validation_only_1_percent_no_PA,configs/models/fm_native_grasp_er.json,False,,,,,,,,,,,,,,,,,,,,,,,,,,,,,,,,,,,,,,,,,,,
fm_native_grasp_er,MSL,5,0,0,0,5,no_complete_result,validation_only_1_percent_no_PA,configs/models/fm_native_grasp_er.json,False,,,,,,,,,,,,,,,,,,,,,,,,,,,,,,,,,,,,,,,,,,,
fm_native_grasp_er,PSM,5,0,0,0,5,no_complete_result,validation_only_1_percent_no_PA,configs/models/fm_native_grasp_er.json,False,,,,,,,,,,,,,,,,,,,,,,,,,,,,,,,,,,,,,,,,,,,
fm_native_grasp_er,SMAP,5,0,0,0,5,no_complete_result,validation_only_1_percent_no_PA,configs/models/fm_native_grasp_er.json,False,,,,,,,,,,,,,,,,,,,,,,,,,,,,,,,,,,,,,,,,,,,
fm_native_grasp_er,SMD,5,0,0,0,5,no_complete_result,validation_only_1_percent_no_PA,configs/models/fm_native_grasp_er.json,False,,,,,,,,,,,,,,,,,,,,,,,,,,,,,,,,,,,,,,,,,,,
fm_native_grasp_er,SWAN,5,0,0,0,5,no_complete_result,validation_only_1_percent_no_PA,configs/models/fm_native_grasp_er.json,False,,,,,,,,,,,,,,,,,,,,,,,,,,,,,,,,,,,,,,,,,,,
fm_native_grasp_er,SWAT,5,0,0,0,5,no_complete_result,validation_only_1_percent_no_PA,configs/models/fm_native_grasp_er.json,False,,,,,,,,,,,,,,,,,,,,,,,,,,,,,,,,,,,,,,,,,,,
fm_native_grasp_grasp,CICIDS,5,0,0,0,5,no_complete_result,validation_only_1_percent_no_PA,configs/models/fm_native_grasp_grasp.json,False,,,,,,,,,,,,,,,,,,,,,,,,,,,,,,,,,,,,,,,,,,,
fm_native_grasp_grasp,MSL,5,0,0,0,5,no_complete_result,validation_only_1_percent_no_PA,configs/models/fm_native_grasp_grasp.json,False,,,,,,,,,,,,,,,,,,,,,,,,,,,,,,,,,,,,,,,,,,,
fm_native_grasp_grasp,PSM,5,0,0,0,5,no_complete_result,validation_only_1_percent_no_PA,configs/models/fm_native_grasp_grasp.json,False,,,,,,,,,,,,,,,,,,,,,,,,,,,,,,,,,,,,,,,,,,,
fm_native_grasp_grasp,SMAP,5,0,0,0,5,no_complete_result,validation_only_1_percent_no_PA,configs/models/fm_native_grasp_grasp.json,False,,,,,,,,,,,,,,,,,,,,,,,,,,,,,,,,,,,,,,,,,,,
fm_native_grasp_grasp,SMD,5,0,0,0,5,no_complete_result,validation_only_1_percent_no_PA,configs/models/fm_native_grasp_grasp.json,False,,,,,,,,,,,,,,,,,,,,,,,,,,,,,,,,,,,,,,,,,,,
fm_native_grasp_grasp,SWAN,5,0,0,0,5,no_complete_result,validation_only_1_percent_no_PA,configs/models/fm_native_grasp_grasp.json,False,,,,,,,,,,,,,,,,,,,,,,,,,,,,,,,,,,,,,,,,,,,
fm_native_grasp_grasp,SWAT,5,0,0,0,5,no_complete_result,validation_only_1_percent_no_PA,configs/models/fm_native_grasp_grasp.json,False,,,,,,,,,,,,,,,,,,,,,,,,,,,,,,,,,,,,,,,,,,,
fm_native_grasp_lin,CICIDS,5,0,0,0,5,no_complete_result,validation_only_1_percent_no_PA,configs/models/fm_native_grasp_lin.json,False,,,,,,,,,,,,,,,,,,,,,,,,,,,,,,,,,,,,,,,,,,,
fm_native_grasp_lin,MSL,5,0,0,0,5,no_complete_result,validation_only_1_percent_no_PA,configs/models/fm_native_grasp_lin.json,False,,,,,,,,,,,,,,,,,,,,,,,,,,,,,,,,,,,,,,,,,,,
fm_native_grasp_lin,PSM,5,0,0,0,5,no_complete_result,validation_only_1_percent_no_PA,configs/models/fm_native_grasp_lin.json,False,,,,,,,,,,,,,,,,,,,,,,,,,,,,,,,,,,,,,,,,,,,
fm_native_grasp_lin,SMAP,5,0,0,0,5,no_complete_result,validation_only_1_percent_no_PA,configs/models/fm_native_grasp_lin.json,False,,,,,,,,,,,,,,,,,,,,,,,,,,,,,,,,,,,,,,,,,,,
fm_native_grasp_lin,SMD,5,0,0,0,5,no_complete_result,validation_only_1_percent_no_PA,configs/models/fm_native_grasp_lin.json,False,,,,,,,,,,,,,,,,,,,,,,,,,,,,,,,,,,,,,,,,,,,
fm_native_grasp_lin,SWAN,5,0,0,0,5,no_complete_result,validation_only_1_percent_no_PA,configs/models/fm_native_grasp_lin.json,False,,,,,,,,,,,,,,,,,,,,,,,,,,,,,,,,,,,,,,,,,,,
fm_native_grasp_lin,SWAT,5,0,0,0,5,no_complete_result,validation_only_1_percent_no_PA,configs/models/fm_native_grasp_lin.json,False,,,,,,,,,,,,,,,,,,,,,,,,,,,,,,,,,,,,,,,,,,,
fm_native_grasp_mean,CICIDS,5,0,0,0,5,no_complete_result,validation_only_1_percent_no_PA,configs/models/fm_native_grasp_mean.json,False,,,,,,,,,,,,,,,,,,,,,,,,,,,,,,,,,,,,,,,,,,,
fm_native_grasp_mean,MSL,5,0,0,0,5,no_complete_result,validation_only_1_percent_no_PA,configs/models/fm_native_grasp_mean.json,False,,,,,,,,,,,,,,,,,,,,,,,,,,,,,,,,,,,,,,,,,,,
fm_native_grasp_mean,PSM,5,0,0,0,5,no_complete_result,validation_only_1_percent_no_PA,configs/models/fm_native_grasp_mean.json,False,,,,,,,,,,,,,,,,,,,,,,,,,,,,,,,,,,,,,,,,,,,
fm_native_grasp_mean,SMAP,5,0,0,0,5,no_complete_result,validation_only_1_percent_no_PA,configs/models/fm_native_grasp_mean.json,False,,,,,,,,,,,,,,,,,,,,,,,,,,,,,,,,,,,,,,,,,,,
fm_native_grasp_mean,SMD,5,0,0,0,5,no_complete_result,validation_only_1_percent_no_PA,configs/models/fm_native_grasp_mean.json,False,,,,,,,,,,,,,,,,,,,,,,,,,,,,,,,,,,,,,,,,,,,
fm_native_grasp_mean,SWAN,5,0,0,0,5,no_complete_result,validation_only_1_percent_no_PA,configs/models/fm_native_grasp_mean.json,False,,,,,,,,,,,,,,,,,,,,,,,,,,,,,,,,,,,,,,,,,,,
fm_native_grasp_mean,SWAT,5,0,0,0,5,no_complete_result,validation_only_1_percent_no_PA,configs/models/fm_native_grasp_mean.json,False,,,,,,,,,,,,,,,,,,,,,,,,,,,,,,,,,,,,,,,,,,,
fm_objective_independent,CICIDS,5,0,0,0,5,no_complete_result,validation_only_1_percent_no_PA,configs/models/fm_objective_independent.json,False,,,,,,,,,,,,,,,,,,,,,,,,,,,,,,,,,,,,,,,,,,,
fm_objective_independent,SWAN,5,0,0,0,5,no_complete_result,validation_only_1_percent_no_PA,configs/models/fm_objective_independent.json,False,,,,,,,,,,,,,,,,,,,,,,,,,,,,,,,,,,,,,,,,,,,
fm_objective_independent,SWAT,5,0,0,0,5,no_complete_result,validation_only_1_percent_no_PA,configs/models/fm_objective_independent.json,False,,,,,,,,,,,,,,,,,,,,,,,,,,,,,,,,,,,,,,,,,,,
fm_objective_ot,CICIDS,5,0,0,0,5,no_complete_result,validation_only_1_percent_no_PA,configs/models/fm_objective_ot.json,False,,,,,,,,,,,,,,,,,,,,,,,,,,,,,,,,,,,,,,,,,,,
fm_objective_ot,SWAN,5,0,0,0,5,no_complete_result,validation_only_1_percent_no_PA,configs/models/fm_objective_ot.json,False,,,,,,,,,,,,,,,,,,,,,,,,,,,,,,,,,,,,,,,,,,,
fm_objective_ot,SWAT,5,0,0,0,5,no_complete_result,validation_only_1_percent_no_PA,configs/models/fm_objective_ot.json,False,,,,,,,,,,,,,,,,,,,,,,,,,,,,,,,,,,,,,,,,,,,
fm_objective_rectified,CICIDS,5,0,0,0,5,no_complete_result,validation_only_1_percent_no_PA,configs/models/fm_objective_rectified.json,False,,,,,,,,,,,,,,,,,,,,,,,,,,,,,,,,,,,,,,,,,,,
fm_objective_rectified,SWAN,5,0,0,0,5,no_complete_result,validation_only_1_percent_no_PA,configs/models/fm_objective_rectified.json,False,,,,,,,,,,,,,,,,,,,,,,,,,,,,,,,,,,,,,,,,,,,
fm_objective_rectified,SWAT,5,0,0,0,5,no_complete_result,validation_only_1_percent_no_PA,configs/models/fm_objective_rectified.json,False,,,,,,,,,,,,,,,,,,,,,,,,,,,,,,,,,,,,,,,,,,,
fm_objective_sb,CICIDS,5,0,0,0,5,no_complete_result,validation_only_1_percent_no_PA,configs/models/fm_objective_sb.json,False,,,,,,,,,,,,,,,,,,,,,,,,,,,,,,,,,,,,,,,,,,,
fm_objective_sb,MSL,5,0,0,5,0,no_complete_result,validation_only_1_percent_no_PA,configs/models/fm_objective_sb.json,False,,,,,,,,,,,,,,,,,,,,,,,,,,,,,,,,,,,,,,,,,,,
fm_objective_sb,PSM,5,0,0,5,0,no_complete_result,validation_only_1_percent_no_PA,configs/models/fm_objective_sb.json,False,,,,,,,,,,,,,,,,,,,,,,,,,,,,,,,,,,,,,,,,,,,
fm_objective_sb,SMAP,5,0,0,5,0,no_complete_result,validation_only_1_percent_no_PA,configs/models/fm_objective_sb.json,False,,,,,,,,,,,,,,,,,,,,,,,,,,,,,,,,,,,,,,,,,,,
fm_objective_sb,SMD,5,0,0,5,0,no_complete_result,validation_only_1_percent_no_PA,configs/models/fm_objective_sb.json,False,,,,,,,,,,,,,,,,,,,,,,,,,,,,,,,,,,,,,,,,,,,
fm_objective_sb,SWAN,5,0,0,0,5,no_complete_result,validation_only_1_percent_no_PA,configs/models/fm_objective_sb.json,False,,,,,,,,,,,,,,,,,,,,,,,,,,,,,,,,,,,,,,,,,,,
fm_objective_sb,SWAT,5,0,0,0,5,no_complete_result,validation_only_1_percent_no_PA,configs/models/fm_objective_sb.json,False,,,,,,,,,,,,,,,,,,,,,,,,,,,,,,,,,,,,,,,,,,,
fm_objective_sb_stable_v2,CICIDS,5,0,0,0,5,no_complete_result,validation_only_1_percent_no_PA,configs/models/fm_objective_sb_stable_v2.json,False,,,,,,,,,,,,,,,,,,,,,,,,,,,,,,,,,,,,,,,,,,,
fm_objective_sb_stable_v2,MSL,5,0,0,0,5,no_complete_result,validation_only_1_percent_no_PA,configs/models/fm_objective_sb_stable_v2.json,False,,,,,,,,,,,,,,,,,,,,,,,,,,,,,,,,,,,,,,,,,,,
fm_objective_sb_stable_v2,SMAP,5,0,0,0,5,no_complete_result,validation_only_1_percent_no_PA,configs/models/fm_objective_sb_stable_v2.json,False,,,,,,,,,,,,,,,,,,,,,,,,,,,,,,,,,,,,,,,,,,,
fm_objective_sb_stable_v2,SMD,5,0,0,0,5,no_complete_result,validation_only_1_percent_no_PA,configs/models/fm_objective_sb_stable_v2.json,False,,,,,,,,,,,,,,,,,,,,,,,,,,,,,,,,,,,,,,,,,,,
fm_objective_sb_stable_v2,SWAN,5,0,0,0,5,no_complete_result,validation_only_1_percent_no_PA,configs/models/fm_objective_sb_stable_v2.json,False,,,,,,,,,,,,,,,,,,,,,,,,,,,,,,,,,,,,,,,,,,,
fm_objective_sb_stable_v2,SWAT,5,0,0,0,5,no_complete_result,validation_only_1_percent_no_PA,configs/models/fm_objective_sb_stable_v2.json,False,,,,,,,,,,,,,,,,,,,,,,,,,,,,,,,,,,,,,,,,,,,
fm_objective_sf2m,CICIDS,5,0,0,0,5,no_complete_result,validation_only_1_percent_no_PA,configs/models/fm_objective_sf2m.json,False,,,,,,,,,,,,,,,,,,,,,,,,,,,,,,,,,,,,,,,,,,,
fm_objective_sf2m,MSL,5,0,0,5,0,no_complete_result,validation_only_1_percent_no_PA,configs/models/fm_objective_sf2m.json,False,,,,,,,,,,,,,,,,,,,,,,,,,,,,,,,,,,,,,,,,,,,
fm_objective_sf2m,PSM,5,0,0,5,0,no_complete_result,validation_only_1_percent_no_PA,configs/models/fm_objective_sf2m.json,False,,,,,,,,,,,,,,,,,,,,,,,,,,,,,,,,,,,,,,,,,,,
fm_objective_sf2m,SMAP,5,0,0,5,0,no_complete_result,validation_only_1_percent_no_PA,configs/models/fm_objective_sf2m.json,False,,,,,,,,,,,,,,,,,,,,,,,,,,,,,,,,,,,,,,,,,,,
fm_objective_sf2m,SMD,5,0,0,5,0,no_complete_result,validation_only_1_percent_no_PA,configs/models/fm_objective_sf2m.json,False,,,,,,,,,,,,,,,,,,,,,,,,,,,,,,,,,,,,,,,,,,,
fm_objective_sf2m,SWAN,5,0,0,0,5,no_complete_result,validation_only_1_percent_no_PA,configs/models/fm_objective_sf2m.json,False,,,,,,,,,,,,,,,,,,,,,,,,,,,,,,,,,,,,,,,,,,,
fm_objective_sf2m,SWAT,5,0,0,0,5,no_complete_result,validation_only_1_percent_no_PA,configs/models/fm_objective_sf2m.json,False,,,,,,,,,,,,,,,,,,,,,,,,,,,,,,,,,,,,,,,,,,,
fm_objective_sf2m_flow_only,CICIDS,5,0,0,0,5,no_complete_result,validation_only_1_percent_no_PA,configs/models/fm_objective_sf2m_flow_only.json,False,,,,,,,,,,,,,,,,,,,,,,,,,,,,,,,,,,,,,,,,,,,
fm_objective_sf2m_flow_only,MSL,5,0,0,5,0,no_complete_result,validation_only_1_percent_no_PA,configs/models/fm_objective_sf2m_flow_only.json,False,,,,,,,,,,,,,,,,,,,,,,,,,,,,,,,,,,,,,,,,,,,
fm_objective_sf2m_flow_only,PSM,5,0,0,5,0,no_complete_result,validation_only_1_percent_no_PA,configs/models/fm_objective_sf2m_flow_only.json,False,,,,,,,,,,,,,,,,,,,,,,,,,,,,,,,,,,,,,,,,,,,
fm_objective_sf2m_flow_only,SMAP,5,0,0,5,0,no_complete_result,validation_only_1_percent_no_PA,configs/models/fm_objective_sf2m_flow_only.json,False,,,,,,,,,,,,,,,,,,,,,,,,,,,,,,,,,,,,,,,,,,,
fm_objective_sf2m_flow_only,SMD,5,0,0,5,0,no_complete_result,validation_only_1_percent_no_PA,configs/models/fm_objective_sf2m_flow_only.json,False,,,,,,,,,,,,,,,,,,,,,,,,,,,,,,,,,,,,,,,,,,,
fm_objective_sf2m_flow_only,SWAN,5,0,0,0,5,no_complete_result,validation_only_1_percent_no_PA,configs/models/fm_objective_sf2m_flow_only.json,False,,,,,,,,,,,,,,,,,,,,,,,,,,,,,,,,,,,,,,,,,,,
fm_objective_sf2m_flow_only,SWAT,5,0,0,0,5,no_complete_result,validation_only_1_percent_no_PA,configs/models/fm_objective_sf2m_flow_only.json,False,,,,,,,,,,,,,,,,,,,,,,,,,,,,,,,,,,,,,,,,,,,
fm_objective_sf2m_flow_only_stable_v2,CICIDS,5,0,0,0,5,no_complete_result,validation_only_1_percent_no_PA,configs/models/fm_objective_sf2m_flow_only_stable_v2.json,False,,,,,,,,,,,,,,,,,,,,,,,,,,,,,,,,,,,,,,,,,,,
fm_objective_sf2m_flow_only_stable_v2,MSL,5,0,0,0,5,no_complete_result,validation_only_1_percent_no_PA,configs/models/fm_objective_sf2m_flow_only_stable_v2.json,False,,,,,,,,,,,,,,,,,,,,,,,,,,,,,,,,,,,,,,,,,,,
fm_objective_sf2m_flow_only_stable_v2,PSM,5,0,0,0,5,no_complete_result,validation_only_1_percent_no_PA,configs/models/fm_objective_sf2m_flow_only_stable_v2.json,False,,,,,,,,,,,,,,,,,,,,,,,,,,,,,,,,,,,,,,,,,,,
fm_objective_sf2m_flow_only_stable_v2,SMAP,5,0,0,0,5,no_complete_result,validation_only_1_percent_no_PA,configs/models/fm_objective_sf2m_flow_only_stable_v2.json,False,,,,,,,,,,,,,,,,,,,,,,,,,,,,,,,,,,,,,,,,,,,
fm_objective_sf2m_flow_only_stable_v2,SMD,5,0,0,0,5,no_complete_result,validation_only_1_percent_no_PA,configs/models/fm_objective_sf2m_flow_only_stable_v2.json,False,,,,,,,,,,,,,,,,,,,,,,,,,,,,,,,,,,,,,,,,,,,
fm_objective_sf2m_flow_only_stable_v2,SWAN,5,0,0,0,5,no_complete_result,validation_only_1_percent_no_PA,configs/models/fm_objective_sf2m_flow_only_stable_v2.json,False,,,,,,,,,,,,,,,,,,,,,,,,,,,,,,,,,,,,,,,,,,,
fm_objective_sf2m_flow_only_stable_v2,SWAT,5,0,0,0,5,no_complete_result,validation_only_1_percent_no_PA,configs/models/fm_objective_sf2m_flow_only_stable_v2.json,False,,,,,,,,,,,,,,,,,,,,,,,,,,,,,,,,,,,,,,,,,,,
fm_objective_sf2m_stable_v2,CICIDS,5,0,0,0,5,no_complete_result,validation_only_1_percent_no_PA,configs/models/fm_objective_sf2m_stable_v2.json,False,,,,,,,,,,,,,,,,,,,,,,,,,,,,,,,,,,,,,,,,,,,
fm_objective_sf2m_stable_v2,MSL,5,0,0,0,5,no_complete_result,validation_only_1_percent_no_PA,configs/models/fm_objective_sf2m_stable_v2.json,False,,,,,,,,,,,,,,,,,,,,,,,,,,,,,,,,,,,,,,,,,,,
fm_objective_sf2m_stable_v2,PSM,5,0,1,0,4,no_complete_result,validation_only_1_percent_no_PA,configs/models/fm_objective_sf2m_stable_v2.json,False,,,,,,,,,,,,,,,,,,,,,,,,,,,,,,,,,,,,,,,,,,,
fm_objective_sf2m_stable_v2,SMAP,5,0,0,0,5,no_complete_result,validation_only_1_percent_no_PA,configs/models/fm_objective_sf2m_stable_v2.json,False,,,,,,,,,,,,,,,,,,,,,,,,,,,,,,,,,,,,,,,,,,,
fm_objective_sf2m_stable_v2,SMD,5,0,0,0,5,no_complete_result,validation_only_1_percent_no_PA,configs/models/fm_objective_sf2m_stable_v2.json,False,,,,,,,,,,,,,,,,,,,,,,,,,,,,,,,,,,,,,,,,,,,
fm_objective_sf2m_stable_v2,SWAN,5,0,0,0,5,no_complete_result,validation_only_1_percent_no_PA,configs/models/fm_objective_sf2m_stable_v2.json,False,,,,,,,,,,,,,,,,,,,,,,,,,,,,,,,,,,,,,,,,,,,
fm_objective_sf2m_stable_v2,SWAT,5,0,0,0,5,no_complete_result,validation_only_1_percent_no_PA,configs/models/fm_objective_sf2m_stable_v2.json,False,,,,,,,,,,,,,,,,,,,,,,,,,,,,,,,,,,,,,,,,,,,
fm_objective_target,CICIDS,5,0,0,0,5,no_complete_result,validation_only_1_percent_no_PA,configs/models/fm_objective_target.json,False,,,,,,,,,,,,,,,,,,,,,,,,,,,,,,,,,,,,,,,,,,,
fm_objective_target,SWAN,5,0,0,0,5,no_complete_result,validation_only_1_percent_no_PA,configs/models/fm_objective_target.json,False,,,,,,,,,,,,,,,,,,,,,,,,,,,,,,,,,,,,,,,,,,,
fm_objective_target,SWAT,5,0,0,0,5,no_complete_result,validation_only_1_percent_no_PA,configs/models/fm_objective_target.json,False,,,,,,,,,,,,,,,,,,,,,,,,,,,,,,,,,,,,,,,,,,,
fm_objective_vp,CICIDS,5,0,0,0,5,no_complete_result,validation_only_1_percent_no_PA,configs/models/fm_objective_vp.json,False,,,,,,,,,,,,,,,,,,,,,,,,,,,,,,,,,,,,,,,,,,,
fm_objective_vp,SMD,5,0,0,0,5,no_complete_result,validation_only_1_percent_no_PA,configs/models/fm_objective_vp.json,False,,,,,,,,,,,,,,,,,,,,,,,,,,,,,,,,,,,,,,,,,,,
fm_objective_vp,SWAN,5,0,0,0,5,no_complete_result,validation_only_1_percent_no_PA,configs/models/fm_objective_vp.json,False,,,,,,,,,,,,,,,,,,,,,,,,,,,,,,,,,,,,,,,,,,,
fm_objective_vp,SWAT,5,0,0,0,5,no_complete_result,validation_only_1_percent_no_PA,configs/models/fm_objective_vp.json,False,,,,,,,,,,,,,,,,,,,,,,,,,,,,,,,,,,,,,,,,,,,
fm_strict_anomaly_transformer__msl__registered,MSL,5,0,0,0,5,no_complete_result,validation_only_1_percent_no_PA,configs/models/fm_strict_baselines/fm_strict_anomaly_transformer__msl__registered.json,False,,,,,,,,,,,,,,,,,,,,,,,,,,,,,,,,,,,,,,,,,,,
fm_strict_anomaly_transformer__psm__registered,PSM,5,0,0,0,5,no_complete_result,validation_only_1_percent_no_PA,configs/models/fm_strict_baselines/fm_strict_anomaly_transformer__psm__registered.json,False,,,,,,,,,,,,,,,,,,,,,,,,,,,,,,,,,,,,,,,,,,,
fm_strict_anomaly_transformer__smap__registered,SMAP,5,0,0,0,5,no_complete_result,validation_only_1_percent_no_PA,configs/models/fm_strict_baselines/fm_strict_anomaly_transformer__smap__registered.json,False,,,,,,,,,,,,,,,,,,,,,,,,,,,,,,,,,,,,,,,,,,,
fm_strict_anomaly_transformer__smd__registered,SMD,5,0,0,0,5,no_complete_result,validation_only_1_percent_no_PA,configs/models/fm_strict_baselines/fm_strict_anomaly_transformer__smd__registered.json,False,,,,,,,,,,,,,,,,,,,,,,,,,,,,,,,,,,,,,,,,,,,
fm_strict_anomaly_transformer__swat__registered,SWAT,5,0,0,0,5,no_complete_result,validation_only_1_percent_no_PA,configs/models/fm_strict_baselines/fm_strict_anomaly_transformer__swat__registered.json,False,,,,,,,,,,,,,,,,,,,,,,,,,,,,,,,,,,,,,,,,,,,
fm_strict_dcdetector__msl__registered,MSL,5,0,0,0,5,no_complete_result,validation_only_1_percent_no_PA,configs/models/fm_strict_baselines/fm_strict_dcdetector__msl__registered.json,False,,,,,,,,,,,,,,,,,,,,,,,,,,,,,,,,,,,,,,,,,,,
fm_strict_dcdetector__psm__registered,PSM,5,0,0,0,5,no_complete_result,validation_only_1_percent_no_PA,configs/models/fm_strict_baselines/fm_strict_dcdetector__psm__registered.json,False,,,,,,,,,,,,,,,,,,,,,,,,,,,,,,,,,,,,,,,,,,,
fm_strict_dcdetector__smap__registered,SMAP,5,0,0,0,5,no_complete_result,validation_only_1_percent_no_PA,configs/models/fm_strict_baselines/fm_strict_dcdetector__smap__registered.json,False,,,,,,,,,,,,,,,,,,,,,,,,,,,,,,,,,,,,,,,,,,,
fm_strict_dcdetector__smd__registered,SMD,5,0,0,0,5,no_complete_result,validation_only_1_percent_no_PA,configs/models/fm_strict_baselines/fm_strict_dcdetector__smd__registered.json,False,,,,,,,,,,,,,,,,,,,,,,,,,,,,,,,,,,,,,,,,,,,
fm_strict_dcdetector__swat__registered,SWAT,5,0,0,0,5,no_complete_result,validation_only_1_percent_no_PA,configs/models/fm_strict_baselines/fm_strict_dcdetector__swat__registered.json,False,,,,,,,,,,,,,,,,,,,,,,,,,,,,,,,,,,,,,,,,,,,
fm_strict_itransformer__msl__registered,MSL,5,0,0,0,5,no_complete_result,validation_only_1_percent_no_PA,configs/models/fm_strict_baselines/fm_strict_itransformer__msl__registered.json,False,,,,,,,,,,,,,,,,,,,,,,,,,,,,,,,,,,,,,,,,,,,
fm_strict_itransformer__psm__registered,PSM,5,0,0,0,5,no_complete_result,validation_only_1_percent_no_PA,configs/models/fm_strict_baselines/fm_strict_itransformer__psm__registered.json,False,,,,,,,,,,,,,,,,,,,,,,,,,,,,,,,,,,,,,,,,,,,
fm_strict_itransformer__smap__registered,SMAP,5,0,0,0,5,no_complete_result,validation_only_1_percent_no_PA,configs/models/fm_strict_baselines/fm_strict_itransformer__smap__registered.json,False,,,,,,,,,,,,,,,,,,,,,,,,,,,,,,,,,,,,,,,,,,,
fm_strict_itransformer__smd__registered,SMD,5,0,0,0,5,no_complete_result,validation_only_1_percent_no_PA,configs/models/fm_strict_baselines/fm_strict_itransformer__smd__registered.json,False,,,,,,,,,,,,,,,,,,,,,,,,,,,,,,,,,,,,,,,,,,,
fm_strict_itransformer__swat__registered,SWAT,5,0,0,0,5,no_complete_result,validation_only_1_percent_no_PA,configs/models/fm_strict_baselines/fm_strict_itransformer__swat__registered.json,False,,,,,,,,,,,,,,,,,,,,,,,,,,,,,,,,,,,,,,,,,,,
fm_strict_timesnet__msl__registered,MSL,5,0,0,0,5,no_complete_result,validation_only_1_percent_no_PA,configs/models/fm_strict_baselines/fm_strict_timesnet__msl__registered.json,False,,,,,,,,,,,,,,,,,,,,,,,,,,,,,,,,,,,,,,,,,,,
fm_strict_timesnet__smap__registered,SMAP,5,0,0,0,5,no_complete_result,validation_only_1_percent_no_PA,configs/models/fm_strict_baselines/fm_strict_timesnet__smap__registered.json,False,,,,,,,,,,,,,,,,,,,,,,,,,,,,,,,,,,,,,,,,,,,
fm_strict_timesnet__smd__registered,SMD,5,0,0,0,5,no_complete_result,validation_only_1_percent_no_PA,configs/models/fm_strict_baselines/fm_strict_timesnet__smd__registered.json,False,,,,,,,,,,,,,,,,,,,,,,,,,,,,,,,,,,,,,,,,,,,
fm_strict_timesnet__swat__registered,SWAT,5,0,0,0,5,no_complete_result,validation_only_1_percent_no_PA,configs/models/fm_strict_baselines/fm_strict_timesnet__swat__registered.json,False,,,,,,,,,,,,,,,,,,,,,,,,,,,,,,,,,,,,,,,,,,,
fm_strict_tranad__msl__registered,MSL,5,0,0,0,5,no_complete_result,validation_only_1_percent_no_PA,configs/models/fm_strict_baselines/fm_strict_tranad__msl__registered.json,False,,,,,,,,,,,,,,,,,,,,,,,,,,,,,,,,,,,,,,,,,,,
fm_strict_tranad__psm__registered,PSM,5,0,0,0,5,no_complete_result,validation_only_1_percent_no_PA,configs/models/fm_strict_baselines/fm_strict_tranad__psm__registered.json,False,,,,,,,,,,,,,,,,,,,,,,,,,,,,,,,,,,,,,,,,,,,
fm_strict_tranad__smap__registered,SMAP,5,0,0,0,5,no_complete_result,validation_only_1_percent_no_PA,configs/models/fm_strict_baselines/fm_strict_tranad__smap__registered.json,False,,,,,,,,,,,,,,,,,,,,,,,,,,,,,,,,,,,,,,,,,,,
fm_strict_tranad__smd__registered,SMD,5,0,0,0,5,no_complete_result,validation_only_1_percent_no_PA,configs/models/fm_strict_baselines/fm_strict_tranad__smd__registered.json,False,,,,,,,,,,,,,,,,,,,,,,,,,,,,,,,,,,,,,,,,,,,
fm_strict_tranad__swat__registered,SWAT,5,0,0,0,5,no_complete_result,validation_only_1_percent_no_PA,configs/models/fm_strict_baselines/fm_strict_tranad__swat__registered.json,False,,,,,,,,,,,,,,,,,,,,,,,,,,,,,,,,,,,,,,,,,,,
fm_strict_usad__msl__registered,MSL,5,0,0,0,5,no_complete_result,validation_only_1_percent_no_PA,configs/models/fm_strict_baselines/fm_strict_usad__msl__registered.json,False,,,,,,,,,,,,,,,,,,,,,,,,,,,,,,,,,,,,,,,,,,,
fm_strict_usad__msl__signed_paper_loss,MSL,5,0,0,0,5,no_complete_result,validation_only_1_percent_no_PA,configs/models/fm_strict_baselines/fm_strict_usad__msl__signed_paper_loss.json,False,,,,,,,,,,,,,,,,,,,,,,,,,,,,,,,,,,,,,,,,,,,
fm_strict_usad__psm__registered,PSM,5,0,0,0,5,no_complete_result,validation_only_1_percent_no_PA,configs/models/fm_strict_baselines/fm_strict_usad__psm__registered.json,False,,,,,,,,,,,,,,,,,,,,,,,,,,,,,,,,,,,,,,,,,,,
fm_strict_usad__psm__signed_paper_loss,PSM,5,0,0,0,5,no_complete_result,validation_only_1_percent_no_PA,configs/models/fm_strict_baselines/fm_strict_usad__psm__signed_paper_loss.json,False,,,,,,,,,,,,,,,,,,,,,,,,,,,,,,,,,,,,,,,,,,,
fm_strict_usad__smap__registered,SMAP,5,0,0,0,5,no_complete_result,validation_only_1_percent_no_PA,configs/models/fm_strict_baselines/fm_strict_usad__smap__registered.json,False,,,,,,,,,,,,,,,,,,,,,,,,,,,,,,,,,,,,,,,,,,,
fm_strict_usad__smap__signed_paper_loss,SMAP,5,0,0,0,5,no_complete_result,validation_only_1_percent_no_PA,configs/models/fm_strict_baselines/fm_strict_usad__smap__signed_paper_loss.json,False,,,,,,,,,,,,,,,,,,,,,,,,,,,,,,,,,,,,,,,,,,,
fm_strict_usad__smd__registered,SMD,5,0,0,0,5,no_complete_result,validation_only_1_percent_no_PA,configs/models/fm_strict_baselines/fm_strict_usad__smd__registered.json,False,,,,,,,,,,,,,,,,,,,,,,,,,,,,,,,,,,,,,,,,,,,
fm_strict_usad__smd__signed_paper_loss,SMD,5,0,0,0,5,no_complete_result,validation_only_1_percent_no_PA,configs/models/fm_strict_baselines/fm_strict_usad__smd__signed_paper_loss.json,False,,,,,,,,,,,,,,,,,,,,,,,,,,,,,,,,,,,,,,,,,,,
fm_strict_usad__swat__registered,SWAT,5,0,0,0,5,no_complete_result,validation_only_1_percent_no_PA,configs/models/fm_strict_baselines/fm_strict_usad__swat__registered.json,False,,,,,,,,,,,,,,,,,,,,,,,,,,,,,,,,,,,,,,,,,,,
fm_strict_usad__swat__signed_paper_loss,SWAT,5,0,0,0,5,no_complete_result,validation_only_1_percent_no_PA,configs/models/fm_strict_baselines/fm_strict_usad__swat__signed_paper_loss.json,False,,,,,,,,,,,,,,,,,,,,,,,,,,,,,,,,,,,,,,,,,,,
