dataset,method,metric,paper_value,pdf,pdf_sha256,pdf_page,table,author_equivalence_certified
fred_md,SaShiMi,marginal_score,0.0482,papers/literature/flow_matching/project_additions/ls4_icml2023_zhou23i.pdf,c9cd58fbb9b2bb8f92511180376179815530c408a6b2daf9274ee7ad1ec62439,7,1,False
fred_md,SaShiMi,clf_score,0.00119,papers/literature/flow_matching/project_additions/ls4_icml2023_zhou23i.pdf,c9cd58fbb9b2bb8f92511180376179815530c408a6b2daf9274ee7ad1ec62439,7,1,False
fred_md,SaShiMi,predictive_score,0.232,papers/literature/flow_matching/project_additions/ls4_icml2023_zhou23i.pdf,c9cd58fbb9b2bb8f92511180376179815530c408a6b2daf9274ee7ad1ec62439,7,1,False
nn5_daily,SaShiMi,marginal_score,0.0199,papers/literature/flow_matching/project_additions/ls4_icml2023_zhou23i.pdf,c9cd58fbb9b2bb8f92511180376179815530c408a6b2daf9274ee7ad1ec62439,7,1,False
nn5_daily,SaShiMi,clf_score,0.0446,papers/literature/flow_matching/project_additions/ls4_icml2023_zhou23i.pdf,c9cd58fbb9b2bb8f92511180376179815530c408a6b2daf9274ee7ad1ec62439,7,1,False
nn5_daily,SaShiMi,predictive_score,0.849,papers/literature/flow_matching/project_additions/ls4_icml2023_zhou23i.pdf,c9cd58fbb9b2bb8f92511180376179815530c408a6b2daf9274ee7ad1ec62439,7,1,False
temperature_rain,SaShiMi,marginal_score,0.758,papers/literature/flow_matching/project_additions/ls4_icml2023_zhou23i.pdf,c9cd58fbb9b2bb8f92511180376179815530c408a6b2daf9274ee7ad1ec62439,7,1,False
temperature_rain,SaShiMi,clf_score,1.67e-05,papers/literature/flow_matching/project_additions/ls4_icml2023_zhou23i.pdf,c9cd58fbb9b2bb8f92511180376179815530c408a6b2daf9274ee7ad1ec62439,7,1,False
temperature_rain,SaShiMi,predictive_score,2.12,papers/literature/flow_matching/project_additions/ls4_icml2023_zhou23i.pdf,c9cd58fbb9b2bb8f92511180376179815530c408a6b2daf9274ee7ad1ec62439,7,1,False
solar_weekly,SaShiMi,marginal_score,0.173,papers/literature/flow_matching/project_additions/ls4_icml2023_zhou23i.pdf,c9cd58fbb9b2bb8f92511180376179815530c408a6b2daf9274ee7ad1ec62439,7,1,False
solar_weekly,SaShiMi,clf_score,0.00102,papers/literature/flow_matching/project_additions/ls4_icml2023_zhou23i.pdf,c9cd58fbb9b2bb8f92511180376179815530c408a6b2daf9274ee7ad1ec62439,7,1,False
solar_weekly,SaShiMi,predictive_score,0.578,papers/literature/flow_matching/project_additions/ls4_icml2023_zhou23i.pdf,c9cd58fbb9b2bb8f92511180376179815530c408a6b2daf9274ee7ad1ec62439,7,1,False
