canonical_id,dataset,profile,seed,samples,length,train_samples,test_samples,epochs,batch_size,generator_updates,classifier_updates_per_evaluation,predictor_updates_per_evaluation,source_config,model_config,model_config_sha256,author_equivalence_certified
sashimi_gaussian__paper_flat4__fred_md__seed42,fred_md,paper_flat4,42,107,728,85,22,7000,64,14000,100,100,experiments/runs/fm_spectral_table3_baseline_acquisition_v1/sources/ls4/original/configs/monash/vae_fred_md.yaml,configs/models/fm_sashimi_gaussian_v2__sashimi_gaussian__paper_flat4__fred_md__seed42.json,9292483040b59ffc40df4452167a193de5d6c109e046aa1f1ed35a2ffe09aeb0,False
sashimi_gaussian__paper_flat4__nn5_daily__seed42,nn5_daily,paper_flat4,42,111,791,88,23,7000,64,14000,100,100,experiments/runs/fm_spectral_table3_baseline_acquisition_v1/sources/ls4/original/configs/monash/vae_nn5daily.yaml,configs/models/fm_sashimi_gaussian_v2__sashimi_gaussian__paper_flat4__nn5_daily__seed42.json,27966bda853af92922ebd32919b9412e7beb92eee8a0398540ce37b044bb1433,False
sashimi_gaussian__paper_flat4__solar_weekly__seed42,solar_weekly,paper_flat4,42,137,52,109,28,7000,64,14000,100,100,experiments/runs/fm_spectral_table3_baseline_acquisition_v1/sources/ls4/original/configs/monash/vae_solarweekly.yaml,configs/models/fm_sashimi_gaussian_v2__sashimi_gaussian__paper_flat4__solar_weekly__seed42.json,c0371b6b8f594ce752e93384341c89f5a1f29faac1ac8370a94b92ce9bbbed86,False
sashimi_gaussian__paper_flat4__temperature_rain__seed42,temperature_rain,paper_flat4,42,32072,725,25657,6415,1000,64,401000,8100,5100,experiments/runs/fm_spectral_table3_baseline_acquisition_v1/sources/ls4/original/configs/monash/vae_temperature_rain.yaml,configs/models/fm_sashimi_gaussian_v2__sashimi_gaussian__paper_flat4__temperature_rain__seed42.json,942820225af952f84f1b0084616d8b5205502dc77fb1604f2440a6b6d78ad8b6,False
sashimi_gaussian__ls4_decoder_pool1_control__fred_md__seed42,fred_md,ls4_decoder_pool1_control,42,107,728,85,22,7000,64,14000,100,100,experiments/runs/fm_spectral_table3_baseline_acquisition_v1/sources/ls4/original/configs/monash/vae_fred_md.yaml,configs/models/fm_sashimi_gaussian_v2__sashimi_gaussian__ls4_decoder_pool1_control__fred_md__seed42.json,73cd7070e31d6c0a358089938954c0b0dc2b44783d05c1d27265857e2007fffc,False
sashimi_gaussian__ls4_decoder_pool1_control__nn5_daily__seed42,nn5_daily,ls4_decoder_pool1_control,42,111,791,88,23,7000,64,14000,100,100,experiments/runs/fm_spectral_table3_baseline_acquisition_v1/sources/ls4/original/configs/monash/vae_nn5daily.yaml,configs/models/fm_sashimi_gaussian_v2__sashimi_gaussian__ls4_decoder_pool1_control__nn5_daily__seed42.json,9425ca217725cf4a413118bc12a82a452ec80b380a2fac46c011062a74ccca01,False
sashimi_gaussian__ls4_decoder_pool1_control__solar_weekly__seed42,solar_weekly,ls4_decoder_pool1_control,42,137,52,109,28,7000,64,14000,100,100,experiments/runs/fm_spectral_table3_baseline_acquisition_v1/sources/ls4/original/configs/monash/vae_solarweekly.yaml,configs/models/fm_sashimi_gaussian_v2__sashimi_gaussian__ls4_decoder_pool1_control__solar_weekly__seed42.json,05c6758c260b41282b18b6aabde5949c22a43c8856e0121ee8f9d838df89ee6c,False
sashimi_gaussian__ls4_decoder_pool1_control__temperature_rain__seed42,temperature_rain,ls4_decoder_pool1_control,42,32072,725,25657,6415,1000,64,401000,8100,5100,experiments/runs/fm_spectral_table3_baseline_acquisition_v1/sources/ls4/original/configs/monash/vae_temperature_rain.yaml,configs/models/fm_sashimi_gaussian_v2__sashimi_gaussian__ls4_decoder_pool1_control__temperature_rain__seed42.json,3641a7e3469fcce9cff63fdf636e0487941bd64dedeb1fa868fa93427ced8e0b,False
sashimi_gaussian__paper_flat4__fred_md__seed1103,fred_md,paper_flat4,1103,107,728,85,22,7000,64,14000,100,100,experiments/runs/fm_spectral_table3_baseline_acquisition_v1/sources/ls4/original/configs/monash/vae_fred_md.yaml,configs/models/fm_sashimi_gaussian_v2__sashimi_gaussian__paper_flat4__fred_md__seed1103.json,d356ba462b202b87fe7827d1c9b6a4045309caf05c93d511eed292da04ac3b02,False
sashimi_gaussian__paper_flat4__nn5_daily__seed1103,nn5_daily,paper_flat4,1103,111,791,88,23,7000,64,14000,100,100,experiments/runs/fm_spectral_table3_baseline_acquisition_v1/sources/ls4/original/configs/monash/vae_nn5daily.yaml,configs/models/fm_sashimi_gaussian_v2__sashimi_gaussian__paper_flat4__nn5_daily__seed1103.json,878eab39c321e87ebef0f34c1bb08624ebc02a5389051af937e4d982a61b2032,False
sashimi_gaussian__paper_flat4__solar_weekly__seed1103,solar_weekly,paper_flat4,1103,137,52,109,28,7000,64,14000,100,100,experiments/runs/fm_spectral_table3_baseline_acquisition_v1/sources/ls4/original/configs/monash/vae_solarweekly.yaml,configs/models/fm_sashimi_gaussian_v2__sashimi_gaussian__paper_flat4__solar_weekly__seed1103.json,88be4d8b217358ff118b345fa7e7f8def5cba37ca1ce23ad7809f57b2a2450ff,False
sashimi_gaussian__paper_flat4__temperature_rain__seed1103,temperature_rain,paper_flat4,1103,32072,725,25657,6415,1000,64,401000,8100,5100,experiments/runs/fm_spectral_table3_baseline_acquisition_v1/sources/ls4/original/configs/monash/vae_temperature_rain.yaml,configs/models/fm_sashimi_gaussian_v2__sashimi_gaussian__paper_flat4__temperature_rain__seed1103.json,e561cb8f5aa5d9a16af7a655e145c6d18944da9598e5b153fdbff36baf6d07e9,False
sashimi_gaussian__ls4_decoder_pool1_control__fred_md__seed1103,fred_md,ls4_decoder_pool1_control,1103,107,728,85,22,7000,64,14000,100,100,experiments/runs/fm_spectral_table3_baseline_acquisition_v1/sources/ls4/original/configs/monash/vae_fred_md.yaml,configs/models/fm_sashimi_gaussian_v2__sashimi_gaussian__ls4_decoder_pool1_control__fred_md__seed1103.json,18fb999a3aa14a200446bd407d83c1662aaa3b2589a8ca78414f57001d494594,False
sashimi_gaussian__ls4_decoder_pool1_control__nn5_daily__seed1103,nn5_daily,ls4_decoder_pool1_control,1103,111,791,88,23,7000,64,14000,100,100,experiments/runs/fm_spectral_table3_baseline_acquisition_v1/sources/ls4/original/configs/monash/vae_nn5daily.yaml,configs/models/fm_sashimi_gaussian_v2__sashimi_gaussian__ls4_decoder_pool1_control__nn5_daily__seed1103.json,affb465d940b1fb889cbdabc7fe498c4105a0d4aa28338fdd7fdf003c40446f5,False
sashimi_gaussian__ls4_decoder_pool1_control__solar_weekly__seed1103,solar_weekly,ls4_decoder_pool1_control,1103,137,52,109,28,7000,64,14000,100,100,experiments/runs/fm_spectral_table3_baseline_acquisition_v1/sources/ls4/original/configs/monash/vae_solarweekly.yaml,configs/models/fm_sashimi_gaussian_v2__sashimi_gaussian__ls4_decoder_pool1_control__solar_weekly__seed1103.json,f670973f29ef82d97053d551f56801ab126c8e028c2a09bcc7e7bbbcf1e858e2,False
sashimi_gaussian__ls4_decoder_pool1_control__temperature_rain__seed1103,temperature_rain,ls4_decoder_pool1_control,1103,32072,725,25657,6415,1000,64,401000,8100,5100,experiments/runs/fm_spectral_table3_baseline_acquisition_v1/sources/ls4/original/configs/monash/vae_temperature_rain.yaml,configs/models/fm_sashimi_gaussian_v2__sashimi_gaussian__ls4_decoder_pool1_control__temperature_rain__seed1103.json,4009fc5093b9ffca279d9f307288a8f51c48b46daed4d543cc7c5877ac80b37e,False
sashimi_gaussian__paper_flat4__fred_md__seed1104,fred_md,paper_flat4,1104,107,728,85,22,7000,64,14000,100,100,experiments/runs/fm_spectral_table3_baseline_acquisition_v1/sources/ls4/original/configs/monash/vae_fred_md.yaml,configs/models/fm_sashimi_gaussian_v2__sashimi_gaussian__paper_flat4__fred_md__seed1104.json,95af085940f49f442f313f0f6fb0df3700ccb2a73fc6110575fb04057fecbbc7,False
sashimi_gaussian__paper_flat4__nn5_daily__seed1104,nn5_daily,paper_flat4,1104,111,791,88,23,7000,64,14000,100,100,experiments/runs/fm_spectral_table3_baseline_acquisition_v1/sources/ls4/original/configs/monash/vae_nn5daily.yaml,configs/models/fm_sashimi_gaussian_v2__sashimi_gaussian__paper_flat4__nn5_daily__seed1104.json,bb4a892344ec9b02821487e20ab62759337cd633c256aa5d8f210a27b9dd339a,False
sashimi_gaussian__paper_flat4__solar_weekly__seed1104,solar_weekly,paper_flat4,1104,137,52,109,28,7000,64,14000,100,100,experiments/runs/fm_spectral_table3_baseline_acquisition_v1/sources/ls4/original/configs/monash/vae_solarweekly.yaml,configs/models/fm_sashimi_gaussian_v2__sashimi_gaussian__paper_flat4__solar_weekly__seed1104.json,13e5e99edcb8d73c4d1137fb904fa7d83b2143e03d0ef49d58c15bc0b66a5914,False
sashimi_gaussian__paper_flat4__temperature_rain__seed1104,temperature_rain,paper_flat4,1104,32072,725,25657,6415,1000,64,401000,8100,5100,experiments/runs/fm_spectral_table3_baseline_acquisition_v1/sources/ls4/original/configs/monash/vae_temperature_rain.yaml,configs/models/fm_sashimi_gaussian_v2__sashimi_gaussian__paper_flat4__temperature_rain__seed1104.json,5d98d95b8934b2733ace00d47f5bb6a06847563546e0838a4a2dddc8df0848a7,False
sashimi_gaussian__ls4_decoder_pool1_control__fred_md__seed1104,fred_md,ls4_decoder_pool1_control,1104,107,728,85,22,7000,64,14000,100,100,experiments/runs/fm_spectral_table3_baseline_acquisition_v1/sources/ls4/original/configs/monash/vae_fred_md.yaml,configs/models/fm_sashimi_gaussian_v2__sashimi_gaussian__ls4_decoder_pool1_control__fred_md__seed1104.json,171537b6e3d978d7c568dfeb32eeed418c01fcf8a1a4707735e07a61ae9fbce2,False
sashimi_gaussian__ls4_decoder_pool1_control__nn5_daily__seed1104,nn5_daily,ls4_decoder_pool1_control,1104,111,791,88,23,7000,64,14000,100,100,experiments/runs/fm_spectral_table3_baseline_acquisition_v1/sources/ls4/original/configs/monash/vae_nn5daily.yaml,configs/models/fm_sashimi_gaussian_v2__sashimi_gaussian__ls4_decoder_pool1_control__nn5_daily__seed1104.json,5f7b6fed85546a02e57ccba7b9b9dea01795c8dfc3c004233aae3e81b4ea0d0e,False
sashimi_gaussian__ls4_decoder_pool1_control__solar_weekly__seed1104,solar_weekly,ls4_decoder_pool1_control,1104,137,52,109,28,7000,64,14000,100,100,experiments/runs/fm_spectral_table3_baseline_acquisition_v1/sources/ls4/original/configs/monash/vae_solarweekly.yaml,configs/models/fm_sashimi_gaussian_v2__sashimi_gaussian__ls4_decoder_pool1_control__solar_weekly__seed1104.json,6e04d4556fab68670086bf6b0c5eb5631ac15b0f8b0547a8d1e515b917c26012,False
sashimi_gaussian__ls4_decoder_pool1_control__temperature_rain__seed1104,temperature_rain,ls4_decoder_pool1_control,1104,32072,725,25657,6415,1000,64,401000,8100,5100,experiments/runs/fm_spectral_table3_baseline_acquisition_v1/sources/ls4/original/configs/monash/vae_temperature_rain.yaml,configs/models/fm_sashimi_gaussian_v2__sashimi_gaussian__ls4_decoder_pool1_control__temperature_rain__seed1104.json,8b6e4354caf0d407d164d3d6eb526bd0413202a5682b1fbc485a3367ea41cf7d,False
sashimi_gaussian__paper_flat4__fred_md__seed1105,fred_md,paper_flat4,1105,107,728,85,22,7000,64,14000,100,100,experiments/runs/fm_spectral_table3_baseline_acquisition_v1/sources/ls4/original/configs/monash/vae_fred_md.yaml,configs/models/fm_sashimi_gaussian_v2__sashimi_gaussian__paper_flat4__fred_md__seed1105.json,bbe88e1a00f096041fa838afcd164861ccc3555df4f9a9f8d3b2b881d9f2736b,False
sashimi_gaussian__paper_flat4__nn5_daily__seed1105,nn5_daily,paper_flat4,1105,111,791,88,23,7000,64,14000,100,100,experiments/runs/fm_spectral_table3_baseline_acquisition_v1/sources/ls4/original/configs/monash/vae_nn5daily.yaml,configs/models/fm_sashimi_gaussian_v2__sashimi_gaussian__paper_flat4__nn5_daily__seed1105.json,e49748321511af6016f678bb482e660c911ba459c2449ef895f6a58bbcfc88b3,False
sashimi_gaussian__paper_flat4__solar_weekly__seed1105,solar_weekly,paper_flat4,1105,137,52,109,28,7000,64,14000,100,100,experiments/runs/fm_spectral_table3_baseline_acquisition_v1/sources/ls4/original/configs/monash/vae_solarweekly.yaml,configs/models/fm_sashimi_gaussian_v2__sashimi_gaussian__paper_flat4__solar_weekly__seed1105.json,883889671bf463179249b80e2c95cf05b4de2b1381fe5b2d98c3ac9859e8dfa8,False
sashimi_gaussian__paper_flat4__temperature_rain__seed1105,temperature_rain,paper_flat4,1105,32072,725,25657,6415,1000,64,401000,8100,5100,experiments/runs/fm_spectral_table3_baseline_acquisition_v1/sources/ls4/original/configs/monash/vae_temperature_rain.yaml,configs/models/fm_sashimi_gaussian_v2__sashimi_gaussian__paper_flat4__temperature_rain__seed1105.json,8bbf352c73becf7248655df3f7ad646d4f270ef47d1d08968dd7f52d2be13ce9,False
sashimi_gaussian__ls4_decoder_pool1_control__fred_md__seed1105,fred_md,ls4_decoder_pool1_control,1105,107,728,85,22,7000,64,14000,100,100,experiments/runs/fm_spectral_table3_baseline_acquisition_v1/sources/ls4/original/configs/monash/vae_fred_md.yaml,configs/models/fm_sashimi_gaussian_v2__sashimi_gaussian__ls4_decoder_pool1_control__fred_md__seed1105.json,fc3f3f646e70afcf05288a8178b3230a1ae1db842ebe957eeacad9699e0e1336,False
sashimi_gaussian__ls4_decoder_pool1_control__nn5_daily__seed1105,nn5_daily,ls4_decoder_pool1_control,1105,111,791,88,23,7000,64,14000,100,100,experiments/runs/fm_spectral_table3_baseline_acquisition_v1/sources/ls4/original/configs/monash/vae_nn5daily.yaml,configs/models/fm_sashimi_gaussian_v2__sashimi_gaussian__ls4_decoder_pool1_control__nn5_daily__seed1105.json,72733ef536ea785e07774acd7a8de0f3263abcfa78205036a8437a40327eb1e5,False
sashimi_gaussian__ls4_decoder_pool1_control__solar_weekly__seed1105,solar_weekly,ls4_decoder_pool1_control,1105,137,52,109,28,7000,64,14000,100,100,experiments/runs/fm_spectral_table3_baseline_acquisition_v1/sources/ls4/original/configs/monash/vae_solarweekly.yaml,configs/models/fm_sashimi_gaussian_v2__sashimi_gaussian__ls4_decoder_pool1_control__solar_weekly__seed1105.json,49d9527814723077b198fdcdff94467c811f8545696094837fe494b90b83aac5,False
sashimi_gaussian__ls4_decoder_pool1_control__temperature_rain__seed1105,temperature_rain,ls4_decoder_pool1_control,1105,32072,725,25657,6415,1000,64,401000,8100,5100,experiments/runs/fm_spectral_table3_baseline_acquisition_v1/sources/ls4/original/configs/monash/vae_temperature_rain.yaml,configs/models/fm_sashimi_gaussian_v2__sashimi_gaussian__ls4_decoder_pool1_control__temperature_rain__seed1105.json,f3b2bad06404c92b75ac47e7f0e248996fdf492e87be8207eb29a7cb92658c7b,False
sashimi_gaussian__paper_flat4__fred_md__seed1106,fred_md,paper_flat4,1106,107,728,85,22,7000,64,14000,100,100,experiments/runs/fm_spectral_table3_baseline_acquisition_v1/sources/ls4/original/configs/monash/vae_fred_md.yaml,configs/models/fm_sashimi_gaussian_v2__sashimi_gaussian__paper_flat4__fred_md__seed1106.json,39bda769cbb5fe0067d2afae86a7fa6fc7772d26f684ed9980465ce9359a7721,False
sashimi_gaussian__paper_flat4__nn5_daily__seed1106,nn5_daily,paper_flat4,1106,111,791,88,23,7000,64,14000,100,100,experiments/runs/fm_spectral_table3_baseline_acquisition_v1/sources/ls4/original/configs/monash/vae_nn5daily.yaml,configs/models/fm_sashimi_gaussian_v2__sashimi_gaussian__paper_flat4__nn5_daily__seed1106.json,2a92f5490de5ef737ba51e3ff37fe891909efd69b8cbf139f45d3c7a86e37b34,False
sashimi_gaussian__paper_flat4__solar_weekly__seed1106,solar_weekly,paper_flat4,1106,137,52,109,28,7000,64,14000,100,100,experiments/runs/fm_spectral_table3_baseline_acquisition_v1/sources/ls4/original/configs/monash/vae_solarweekly.yaml,configs/models/fm_sashimi_gaussian_v2__sashimi_gaussian__paper_flat4__solar_weekly__seed1106.json,3ee9a7082398c4897ba96a0daf15e6c306cb965b566247edcc9c6ea06f2488b3,False
sashimi_gaussian__paper_flat4__temperature_rain__seed1106,temperature_rain,paper_flat4,1106,32072,725,25657,6415,1000,64,401000,8100,5100,experiments/runs/fm_spectral_table3_baseline_acquisition_v1/sources/ls4/original/configs/monash/vae_temperature_rain.yaml,configs/models/fm_sashimi_gaussian_v2__sashimi_gaussian__paper_flat4__temperature_rain__seed1106.json,ac0a995e5226a6142333f63eedcd0d9321b36368df847bb7b7bdc2bd481fefd3,False
sashimi_gaussian__ls4_decoder_pool1_control__fred_md__seed1106,fred_md,ls4_decoder_pool1_control,1106,107,728,85,22,7000,64,14000,100,100,experiments/runs/fm_spectral_table3_baseline_acquisition_v1/sources/ls4/original/configs/monash/vae_fred_md.yaml,configs/models/fm_sashimi_gaussian_v2__sashimi_gaussian__ls4_decoder_pool1_control__fred_md__seed1106.json,32d37af3339835de6377f2c62b5a020cf258b7586cbe5c4b060a8fd9f5594c5c,False
sashimi_gaussian__ls4_decoder_pool1_control__nn5_daily__seed1106,nn5_daily,ls4_decoder_pool1_control,1106,111,791,88,23,7000,64,14000,100,100,experiments/runs/fm_spectral_table3_baseline_acquisition_v1/sources/ls4/original/configs/monash/vae_nn5daily.yaml,configs/models/fm_sashimi_gaussian_v2__sashimi_gaussian__ls4_decoder_pool1_control__nn5_daily__seed1106.json,47aec64a1cc87d55eb85d42694ce10accb63aa09137ed84cdaa1620c6a963b89,False
sashimi_gaussian__ls4_decoder_pool1_control__solar_weekly__seed1106,solar_weekly,ls4_decoder_pool1_control,1106,137,52,109,28,7000,64,14000,100,100,experiments/runs/fm_spectral_table3_baseline_acquisition_v1/sources/ls4/original/configs/monash/vae_solarweekly.yaml,configs/models/fm_sashimi_gaussian_v2__sashimi_gaussian__ls4_decoder_pool1_control__solar_weekly__seed1106.json,aa39f3d7ae6d61bf8575f8e9eba6f2d58a217d39f66a106ddfc2f1f665e35559,False
sashimi_gaussian__ls4_decoder_pool1_control__temperature_rain__seed1106,temperature_rain,ls4_decoder_pool1_control,1106,32072,725,25657,6415,1000,64,401000,8100,5100,experiments/runs/fm_spectral_table3_baseline_acquisition_v1/sources/ls4/original/configs/monash/vae_temperature_rain.yaml,configs/models/fm_sashimi_gaussian_v2__sashimi_gaussian__ls4_decoder_pool1_control__temperature_rain__seed1106.json,7a55e35281d5c8699b9138348d66e0f49f004cadd003a58066ea9f6685b1a200,False
