algorithm,dataset,seed,source_samples,flow_evaluations,n,required_seeds,std,se,ci95_low,ci95_high,training_seconds,test_score_seconds,parameter_count,original_canonical_id,execution_id,author_equivalence_certified,protocol,metric,mean,paper_mean,signed_difference
GRASP/main,SWAN,1103,5,10,1,10,,,,,1924.9720487000886,86.60355010000058,69244,grasp_protocol_v3__main__swan__swan_sf__seed1103,grasp_protocol_v3__main__swan__swan_sf__seed1103__native_exact_recovery_v2,False,paper_test_label_oracle_no_PA,AP,0.5058201086135173,0.7556,-0.2497798913864827
GRASP/main,SWAN,1103,5,10,1,10,,,,,1924.9720487000886,86.60355010000058,69244,grasp_protocol_v3__main__swan__swan_sf__seed1103,grasp_protocol_v3__main__swan__swan_sf__seed1103__native_exact_recovery_v2,False,paper_test_label_oracle_no_PA,ROC,0.6788848503148994,0.8758,-0.1969151496851006
GRASP/main,SWAN,1103,5,10,1,10,,,,,1924.9720487000886,86.60355010000058,69244,grasp_protocol_v3__main__swan__swan_sf__seed1103,grasp_protocol_v3__main__swan__swan_sf__seed1103__native_exact_recovery_v2,False,paper_test_label_oracle_no_PA,Best_F1,0.4953316762380284,0.6886,-0.19326832376197162
GRASP/main,SWAN,1103,5,10,1,10,,,,,1924.9720487000886,86.60355010000058,69244,grasp_protocol_v3__main__swan__swan_sf__seed1103,grasp_protocol_v3__main__swan__swan_sf__seed1103__native_exact_recovery_v2,False,validation_only_1_percent_no_PA_control,precision,0.36153384984320236,,
GRASP/main,SWAN,1103,5,10,1,10,,,,,1924.9720487000886,86.60355010000058,69244,grasp_protocol_v3__main__swan__swan_sf__seed1103,grasp_protocol_v3__main__swan__swan_sf__seed1103__native_exact_recovery_v2,False,validation_only_1_percent_no_PA_control,recall,0.7800497512437811,,
GRASP/main,SWAN,1103,5,10,1,10,,,,,1924.9720487000886,86.60355010000058,69244,grasp_protocol_v3__main__swan__swan_sf__seed1103,grasp_protocol_v3__main__swan__swan_sf__seed1103__native_exact_recovery_v2,False,validation_only_1_percent_no_PA_control,f1,0.4940757547110355,,
GRASP/main,SWAN,1103,5,1,1,10,,,,,1924.9720487000886,21.35592560004443,69244,grasp_protocol_v3__main__swan__swan_sf__seed1103,grasp_protocol_v3__main__swan__swan_sf__seed1103__native_exact_recovery_v2,False,paper_test_label_oracle_no_PA,AP,0.4943588225563987,,
GRASP/main,SWAN,1103,5,1,1,10,,,,,1924.9720487000886,21.35592560004443,69244,grasp_protocol_v3__main__swan__swan_sf__seed1103,grasp_protocol_v3__main__swan__swan_sf__seed1103__native_exact_recovery_v2,False,paper_test_label_oracle_no_PA,ROC,0.6595960745405918,,
GRASP/main,SWAN,1103,5,1,1,10,,,,,1924.9720487000886,21.35592560004443,69244,grasp_protocol_v3__main__swan__swan_sf__seed1103,grasp_protocol_v3__main__swan__swan_sf__seed1103__native_exact_recovery_v2,False,paper_test_label_oracle_no_PA,Best_F1,0.4837705098858796,,
GRASP/main,SWAN,1103,5,1,1,10,,,,,1924.9720487000886,21.35592560004443,69244,grasp_protocol_v3__main__swan__swan_sf__seed1103,grasp_protocol_v3__main__swan__swan_sf__seed1103__native_exact_recovery_v2,False,validation_only_1_percent_no_PA_control,precision,0.37008957478955323,,
GRASP/main,SWAN,1103,5,1,1,10,,,,,1924.9720487000886,21.35592560004443,69244,grasp_protocol_v3__main__swan__swan_sf__seed1103,grasp_protocol_v3__main__swan__swan_sf__seed1103__native_exact_recovery_v2,False,validation_only_1_percent_no_PA_control,recall,0.6824378109452737,,
GRASP/main,SWAN,1103,5,1,1,10,,,,,1924.9720487000886,21.35592560004443,69244,grasp_protocol_v3__main__swan__swan_sf__seed1103,grasp_protocol_v3__main__swan__swan_sf__seed1103__native_exact_recovery_v2,False,validation_only_1_percent_no_PA_control,f1,0.47991743055069624,,
GRASP/main,SWAN,1103,5,2,1,10,,,,,1924.9720487000886,27.6671913000755,69244,grasp_protocol_v3__main__swan__swan_sf__seed1103,grasp_protocol_v3__main__swan__swan_sf__seed1103__native_exact_recovery_v2,False,paper_test_label_oracle_no_PA,AP,0.49713673410237763,,
GRASP/main,SWAN,1103,5,2,1,10,,,,,1924.9720487000886,27.6671913000755,69244,grasp_protocol_v3__main__swan__swan_sf__seed1103,grasp_protocol_v3__main__swan__swan_sf__seed1103__native_exact_recovery_v2,False,paper_test_label_oracle_no_PA,ROC,0.6642994617471409,,
GRASP/main,SWAN,1103,5,2,1,10,,,,,1924.9720487000886,27.6671913000755,69244,grasp_protocol_v3__main__swan__swan_sf__seed1103,grasp_protocol_v3__main__swan__swan_sf__seed1103__native_exact_recovery_v2,False,paper_test_label_oracle_no_PA,Best_F1,0.4852508496735573,,
GRASP/main,SWAN,1103,5,2,1,10,,,,,1924.9720487000886,27.6671913000755,69244,grasp_protocol_v3__main__swan__swan_sf__seed1103,grasp_protocol_v3__main__swan__swan_sf__seed1103__native_exact_recovery_v2,False,validation_only_1_percent_no_PA_control,precision,0.359569279799126,,
GRASP/main,SWAN,1103,5,2,1,10,,,,,1924.9720487000886,27.6671913000755,69244,grasp_protocol_v3__main__swan__swan_sf__seed1103,grasp_protocol_v3__main__swan__swan_sf__seed1103__native_exact_recovery_v2,False,validation_only_1_percent_no_PA_control,recall,0.7409452736318408,,
GRASP/main,SWAN,1103,5,2,1,10,,,,,1924.9720487000886,27.6671913000755,69244,grasp_protocol_v3__main__swan__swan_sf__seed1103,grasp_protocol_v3__main__swan__swan_sf__seed1103__native_exact_recovery_v2,False,validation_only_1_percent_no_PA_control,f1,0.4841756205399958,,
GRASP/main,SWAN,1103,5,5,1,10,,,,,1924.9720487000886,49.980926299933344,69244,grasp_protocol_v3__main__swan__swan_sf__seed1103,grasp_protocol_v3__main__swan__swan_sf__seed1103__native_exact_recovery_v2,False,paper_test_label_oracle_no_PA,AP,0.5029027035858399,,
GRASP/main,SWAN,1103,5,5,1,10,,,,,1924.9720487000886,49.980926299933344,69244,grasp_protocol_v3__main__swan__swan_sf__seed1103,grasp_protocol_v3__main__swan__swan_sf__seed1103__native_exact_recovery_v2,False,paper_test_label_oracle_no_PA,ROC,0.6744966377170027,,
GRASP/main,SWAN,1103,5,5,1,10,,,,,1924.9720487000886,49.980926299933344,69244,grasp_protocol_v3__main__swan__swan_sf__seed1103,grasp_protocol_v3__main__swan__swan_sf__seed1103__native_exact_recovery_v2,False,paper_test_label_oracle_no_PA,Best_F1,0.4926888933788482,,
GRASP/main,SWAN,1103,5,5,1,10,,,,,1924.9720487000886,49.980926299933344,69244,grasp_protocol_v3__main__swan__swan_sf__seed1103,grasp_protocol_v3__main__swan__swan_sf__seed1103__native_exact_recovery_v2,False,validation_only_1_percent_no_PA_control,precision,0.3606633746389639,,
GRASP/main,SWAN,1103,5,5,1,10,,,,,1924.9720487000886,49.980926299933344,69244,grasp_protocol_v3__main__swan__swan_sf__seed1103,grasp_protocol_v3__main__swan__swan_sf__seed1103__native_exact_recovery_v2,False,validation_only_1_percent_no_PA_control,recall,0.7703482587064676,,
GRASP/main,SWAN,1103,5,5,1,10,,,,,1924.9720487000886,49.980926299933344,69244,grasp_protocol_v3__main__swan__swan_sf__seed1103,grasp_protocol_v3__main__swan__swan_sf__seed1103__native_exact_recovery_v2,False,validation_only_1_percent_no_PA_control,f1,0.49130600329991114,,
GRASP/main,SWAN,1103,5,20,1,10,,,,,1924.9720487000886,140.50337629998103,69244,grasp_protocol_v3__main__swan__swan_sf__seed1103,grasp_protocol_v3__main__swan__swan_sf__seed1103__native_exact_recovery_v2,False,paper_test_label_oracle_no_PA,AP,0.5072729669130316,,
GRASP/main,SWAN,1103,5,20,1,10,,,,,1924.9720487000886,140.50337629998103,69244,grasp_protocol_v3__main__swan__swan_sf__seed1103,grasp_protocol_v3__main__swan__swan_sf__seed1103__native_exact_recovery_v2,False,paper_test_label_oracle_no_PA,ROC,0.6809881905501395,,
GRASP/main,SWAN,1103,5,20,1,10,,,,,1924.9720487000886,140.50337629998103,69244,grasp_protocol_v3__main__swan__swan_sf__seed1103,grasp_protocol_v3__main__swan__swan_sf__seed1103__native_exact_recovery_v2,False,paper_test_label_oracle_no_PA,Best_F1,0.49700082243336285,,
GRASP/main,SWAN,1103,5,20,1,10,,,,,1924.9720487000886,140.50337629998103,69244,grasp_protocol_v3__main__swan__swan_sf__seed1103,grasp_protocol_v3__main__swan__swan_sf__seed1103__native_exact_recovery_v2,False,validation_only_1_percent_no_PA_control,precision,0.36225860524925946,,
GRASP/main,SWAN,1103,5,20,1,10,,,,,1924.9720487000886,140.50337629998103,69244,grasp_protocol_v3__main__swan__swan_sf__seed1103,grasp_protocol_v3__main__swan__swan_sf__seed1103__native_exact_recovery_v2,False,validation_only_1_percent_no_PA_control,recall,0.7848756218905473,,
GRASP/main,SWAN,1103,5,20,1,10,,,,,1924.9720487000886,140.50337629998103,69244,grasp_protocol_v3__main__swan__swan_sf__seed1103,grasp_protocol_v3__main__swan__swan_sf__seed1103__native_exact_recovery_v2,False,validation_only_1_percent_no_PA_control,f1,0.4957187072852676,,
GRASP/main,SWAN,1103,5,50,1,10,,,,,1924.9720487000886,316.7531008000951,69244,grasp_protocol_v3__main__swan__swan_sf__seed1103,grasp_protocol_v3__main__swan__swan_sf__seed1103__native_exact_recovery_v2,False,paper_test_label_oracle_no_PA,AP,0.5081529617848912,,
GRASP/main,SWAN,1103,5,50,1,10,,,,,1924.9720487000886,316.7531008000951,69244,grasp_protocol_v3__main__swan__swan_sf__seed1103,grasp_protocol_v3__main__swan__swan_sf__seed1103__native_exact_recovery_v2,False,paper_test_label_oracle_no_PA,ROC,0.6822089398863103,,
GRASP/main,SWAN,1103,5,50,1,10,,,,,1924.9720487000886,316.7531008000951,69244,grasp_protocol_v3__main__swan__swan_sf__seed1103,grasp_protocol_v3__main__swan__swan_sf__seed1103__native_exact_recovery_v2,False,paper_test_label_oracle_no_PA,Best_F1,0.49772923302492234,,
GRASP/main,SWAN,1103,5,50,1,10,,,,,1924.9720487000886,316.7531008000951,69244,grasp_protocol_v3__main__swan__swan_sf__seed1103,grasp_protocol_v3__main__swan__swan_sf__seed1103__native_exact_recovery_v2,False,validation_only_1_percent_no_PA_control,precision,0.3626940628798129,,
GRASP/main,SWAN,1103,5,50,1,10,,,,,1924.9720487000886,316.7531008000951,69244,grasp_protocol_v3__main__swan__swan_sf__seed1103,grasp_protocol_v3__main__swan__swan_sf__seed1103__native_exact_recovery_v2,False,validation_only_1_percent_no_PA_control,recall,0.786865671641791,,
GRASP/main,SWAN,1103,5,50,1,10,,,,,1924.9720487000886,316.7531008000951,69244,grasp_protocol_v3__main__swan__swan_sf__seed1103,grasp_protocol_v3__main__swan__swan_sf__seed1103__native_exact_recovery_v2,False,validation_only_1_percent_no_PA_control,f1,0.49652314502330985,,
GRASP/main,SWAN,1103,1,10,1,10,,,,,1924.9720487000886,20.266903599957004,69244,grasp_protocol_v3__main__swan__swan_sf__seed1103,grasp_protocol_v3__main__swan__swan_sf__seed1103__native_exact_recovery_v2,False,paper_test_label_oracle_no_PA,AP,0.5058924343822494,,
GRASP/main,SWAN,1103,1,10,1,10,,,,,1924.9720487000886,20.266903599957004,69244,grasp_protocol_v3__main__swan__swan_sf__seed1103,grasp_protocol_v3__main__swan__swan_sf__seed1103__native_exact_recovery_v2,False,paper_test_label_oracle_no_PA,ROC,0.6789602939061915,,
GRASP/main,SWAN,1103,1,10,1,10,,,,,1924.9720487000886,20.266903599957004,69244,grasp_protocol_v3__main__swan__swan_sf__seed1103,grasp_protocol_v3__main__swan__swan_sf__seed1103__native_exact_recovery_v2,False,paper_test_label_oracle_no_PA,Best_F1,0.49544569859141613,,
GRASP/main,SWAN,1103,1,10,1,10,,,,,1924.9720487000886,20.266903599957004,69244,grasp_protocol_v3__main__swan__swan_sf__seed1103,grasp_protocol_v3__main__swan__swan_sf__seed1103__native_exact_recovery_v2,False,validation_only_1_percent_no_PA_control,precision,0.3621388689386743,,
GRASP/main,SWAN,1103,1,10,1,10,,,,,1924.9720487000886,20.266903599957004,69244,grasp_protocol_v3__main__swan__swan_sf__seed1103,grasp_protocol_v3__main__swan__swan_sf__seed1103__native_exact_recovery_v2,False,validation_only_1_percent_no_PA_control,recall,0.7776616915422886,,
GRASP/main,SWAN,1103,1,10,1,10,,,,,1924.9720487000886,20.266903599957004,69244,grasp_protocol_v3__main__swan__swan_sf__seed1103,grasp_protocol_v3__main__swan__swan_sf__seed1103__native_exact_recovery_v2,False,validation_only_1_percent_no_PA_control,f1,0.4941593032262144,,
GRASP/main,SWAN,1103,2,10,1,10,,,,,1924.9720487000886,33.22687550005503,69244,grasp_protocol_v3__main__swan__swan_sf__seed1103,grasp_protocol_v3__main__swan__swan_sf__seed1103__native_exact_recovery_v2,False,paper_test_label_oracle_no_PA,AP,0.5057789772377407,,
GRASP/main,SWAN,1103,2,10,1,10,,,,,1924.9720487000886,33.22687550005503,69244,grasp_protocol_v3__main__swan__swan_sf__seed1103,grasp_protocol_v3__main__swan__swan_sf__seed1103__native_exact_recovery_v2,False,paper_test_label_oracle_no_PA,ROC,0.6788219691523116,,
GRASP/main,SWAN,1103,2,10,1,10,,,,,1924.9720487000886,33.22687550005503,69244,grasp_protocol_v3__main__swan__swan_sf__seed1103,grasp_protocol_v3__main__swan__swan_sf__seed1103__native_exact_recovery_v2,False,paper_test_label_oracle_no_PA,Best_F1,0.4955424750067593,,
GRASP/main,SWAN,1103,2,10,1,10,,,,,1924.9720487000886,33.22687550005503,69244,grasp_protocol_v3__main__swan__swan_sf__seed1103,grasp_protocol_v3__main__swan__swan_sf__seed1103__native_exact_recovery_v2,False,validation_only_1_percent_no_PA_control,precision,0.36180533099274725,,
GRASP/main,SWAN,1103,2,10,1,10,,,,,1924.9720487000886,33.22687550005503,69244,grasp_protocol_v3__main__swan__swan_sf__seed1103,grasp_protocol_v3__main__swan__swan_sf__seed1103__native_exact_recovery_v2,False,validation_only_1_percent_no_PA_control,recall,0.7793034825870647,,
GRASP/main,SWAN,1103,2,10,1,10,,,,,1924.9720487000886,33.22687550005503,69244,grasp_protocol_v3__main__swan__swan_sf__seed1103,grasp_protocol_v3__main__swan__swan_sf__seed1103__native_exact_recovery_v2,False,validation_only_1_percent_no_PA_control,f1,0.4941792598668644,,
GRASP/main,SWAN,1103,10,10,1,10,,,,,1924.9720487000886,143.9084294999484,69244,grasp_protocol_v3__main__swan__swan_sf__seed1103,grasp_protocol_v3__main__swan__swan_sf__seed1103__native_exact_recovery_v2,False,paper_test_label_oracle_no_PA,AP,0.5058311920233127,,
GRASP/main,SWAN,1103,10,10,1,10,,,,,1924.9720487000886,143.9084294999484,69244,grasp_protocol_v3__main__swan__swan_sf__seed1103,grasp_protocol_v3__main__swan__swan_sf__seed1103__native_exact_recovery_v2,False,paper_test_label_oracle_no_PA,ROC,0.6789051740334935,,
GRASP/main,SWAN,1103,10,10,1,10,,,,,1924.9720487000886,143.9084294999484,69244,grasp_protocol_v3__main__swan__swan_sf__seed1103,grasp_protocol_v3__main__swan__swan_sf__seed1103__native_exact_recovery_v2,False,paper_test_label_oracle_no_PA,Best_F1,0.495406017684457,,
GRASP/main,SWAN,1103,10,10,1,10,,,,,1924.9720487000886,143.9084294999484,69244,grasp_protocol_v3__main__swan__swan_sf__seed1103,grasp_protocol_v3__main__swan__swan_sf__seed1103__native_exact_recovery_v2,False,validation_only_1_percent_no_PA_control,precision,0.36120247487177126,,
GRASP/main,SWAN,1103,10,10,1,10,,,,,1924.9720487000886,143.9084294999484,69244,grasp_protocol_v3__main__swan__swan_sf__seed1103,grasp_protocol_v3__main__swan__swan_sf__seed1103__native_exact_recovery_v2,False,validation_only_1_percent_no_PA_control,recall,0.7812935323383084,,
GRASP/main,SWAN,1103,10,10,1,10,,,,,1924.9720487000886,143.9084294999484,69244,grasp_protocol_v3__main__swan__swan_sf__seed1103,grasp_protocol_v3__main__swan__swan_sf__seed1103__native_exact_recovery_v2,False,validation_only_1_percent_no_PA_control,f1,0.4940151312581594,,
GRASP/main,SWAN,1103,20,10,1,10,,,,,1924.9720487000886,290.5055976000149,69244,grasp_protocol_v3__main__swan__swan_sf__seed1103,grasp_protocol_v3__main__swan__swan_sf__seed1103__native_exact_recovery_v2,False,paper_test_label_oracle_no_PA,AP,0.5058478957164201,,
GRASP/main,SWAN,1103,20,10,1,10,,,,,1924.9720487000886,290.5055976000149,69244,grasp_protocol_v3__main__swan__swan_sf__seed1103,grasp_protocol_v3__main__swan__swan_sf__seed1103__native_exact_recovery_v2,False,paper_test_label_oracle_no_PA,ROC,0.6789384359512649,,
GRASP/main,SWAN,1103,20,10,1,10,,,,,1924.9720487000886,290.5055976000149,69244,grasp_protocol_v3__main__swan__swan_sf__seed1103,grasp_protocol_v3__main__swan__swan_sf__seed1103__native_exact_recovery_v2,False,paper_test_label_oracle_no_PA,Best_F1,0.4953828993842316,,
GRASP/main,SWAN,1103,20,10,1,10,,,,,1924.9720487000886,290.5055976000149,69244,grasp_protocol_v3__main__swan__swan_sf__seed1103,grasp_protocol_v3__main__swan__swan_sf__seed1103__native_exact_recovery_v2,False,validation_only_1_percent_no_PA_control,precision,0.3611679974228583,,
GRASP/main,SWAN,1103,20,10,1,10,,,,,1924.9720487000886,290.5055976000149,69244,grasp_protocol_v3__main__swan__swan_sf__seed1103,grasp_protocol_v3__main__swan__swan_sf__seed1103__native_exact_recovery_v2,False,validation_only_1_percent_no_PA_control,recall,0.7808955223880597,,
GRASP/main,SWAN,1103,20,10,1,10,,,,,1924.9720487000886,290.5055976000149,69244,grasp_protocol_v3__main__swan__swan_sf__seed1103,grasp_protocol_v3__main__swan__swan_sf__seed1103__native_exact_recovery_v2,False,validation_only_1_percent_no_PA_control,f1,0.49390330244339903,,
GRASP/transformer,SWAN,1103,5,10,1,10,,,,,2305.4670970998704,85.72900780010968,220338,grasp_protocol_v3__transformer__swan__swan_sf__seed1103,grasp_protocol_v3__transformer__swan__swan_sf__seed1103__native_exact_recovery_v2,False,paper_test_label_oracle_no_PA,AP,0.41445312036984305,0.5594,-0.14494687963015696
GRASP/transformer,SWAN,1103,5,10,1,10,,,,,2305.4670970998704,85.72900780010968,220338,grasp_protocol_v3__transformer__swan__swan_sf__seed1103,grasp_protocol_v3__transformer__swan__swan_sf__seed1103__native_exact_recovery_v2,False,paper_test_label_oracle_no_PA,ROC,0.5285688436430565,0.6758,-0.1472311563569435
GRASP/transformer,SWAN,1103,5,10,1,10,,,,,2305.4670970998704,85.72900780010968,220338,grasp_protocol_v3__transformer__swan__swan_sf__seed1103,grasp_protocol_v3__transformer__swan__swan_sf__seed1103__native_exact_recovery_v2,False,paper_test_label_oracle_no_PA,Best_F1,0.43658770113351164,0.5122,-0.07561229886648835
GRASP/transformer,SWAN,1103,5,10,1,10,,,,,2305.4670970998704,85.72900780010968,220338,grasp_protocol_v3__transformer__swan__swan_sf__seed1103,grasp_protocol_v3__transformer__swan__swan_sf__seed1103__native_exact_recovery_v2,False,validation_only_1_percent_no_PA_control,precision,0.32570806100217864,,
GRASP/transformer,SWAN,1103,5,10,1,10,,,,,2305.4670970998704,85.72900780010968,220338,grasp_protocol_v3__transformer__swan__swan_sf__seed1103,grasp_protocol_v3__transformer__swan__swan_sf__seed1103__native_exact_recovery_v2,False,validation_only_1_percent_no_PA_control,recall,0.5057711442786069,,
GRASP/transformer,SWAN,1103,5,10,1,10,,,,,2305.4670970998704,85.72900780010968,220338,grasp_protocol_v3__transformer__swan__swan_sf__seed1103,grasp_protocol_v3__transformer__swan__swan_sf__seed1103__native_exact_recovery_v2,False,validation_only_1_percent_no_PA_control,f1,0.39624259432491427,,
