id,dataset,protocol,seed,samples,length,train_samples,test_samples,epochs,batch_size,sigma,latent_dimensions,ema_decay,generator_updates,metric_calls,classifier_updates_per_metric,predictor_updates_per_metric,classifier_test_batches,predictor_test_batches,status,model_config
ls4_extended_monash__released__solar_weekly__seed42,solar_weekly,released,42,137,52,109,28,100000,128,0.1,5,0.99,100000,200,100,100,1,1,full_data_audit_passed_waiting_full_gpu,configs/models/fm_ls4_extended_monash__released__solar_weekly__seed42.json
ls4_extended_monash__released__temperature_rain__seed42,temperature_rain,released,42,32072,725,25657,6415,1000,128,0.1,10,0.999,201000,200,8100,5100,21,51,full_data_audit_passed_waiting_full_gpu,configs/models/fm_ls4_extended_monash__released__temperature_rain__seed42.json
ls4_extended_monash__paper_literal__solar_weekly__seed42,solar_weekly,paper_literal,42,137,52,109,28,7000,64,0.1,5,0.999,14000,14,100,100,1,1,full_data_audit_passed_waiting_full_gpu,configs/models/fm_ls4_extended_monash__paper_literal__solar_weekly__seed42.json
ls4_extended_monash__paper_literal__temperature_rain__seed42,temperature_rain,paper_literal,42,32072,725,25657,6415,1000,64,0.1,5,0.999,401000,200,8100,5100,21,51,full_data_audit_passed_waiting_full_gpu,configs/models/fm_ls4_extended_monash__paper_literal__temperature_rain__seed42.json
ls4_extended_monash__released__solar_weekly__seed1103,solar_weekly,released,1103,137,52,109,28,100000,128,0.1,5,0.99,100000,200,100,100,1,1,full_data_audit_passed_waiting_full_gpu,configs/models/fm_ls4_extended_monash__released__solar_weekly__seed1103.json
ls4_extended_monash__released__temperature_rain__seed1103,temperature_rain,released,1103,32072,725,25657,6415,1000,128,0.1,10,0.999,201000,200,8100,5100,21,51,full_data_audit_passed_waiting_full_gpu,configs/models/fm_ls4_extended_monash__released__temperature_rain__seed1103.json
ls4_extended_monash__paper_literal__solar_weekly__seed1103,solar_weekly,paper_literal,1103,137,52,109,28,7000,64,0.1,5,0.999,14000,14,100,100,1,1,full_data_audit_passed_waiting_full_gpu,configs/models/fm_ls4_extended_monash__paper_literal__solar_weekly__seed1103.json
ls4_extended_monash__paper_literal__temperature_rain__seed1103,temperature_rain,paper_literal,1103,32072,725,25657,6415,1000,64,0.1,5,0.999,401000,200,8100,5100,21,51,full_data_audit_passed_waiting_full_gpu,configs/models/fm_ls4_extended_monash__paper_literal__temperature_rain__seed1103.json
ls4_extended_monash__released__solar_weekly__seed1104,solar_weekly,released,1104,137,52,109,28,100000,128,0.1,5,0.99,100000,200,100,100,1,1,full_data_audit_passed_waiting_full_gpu,configs/models/fm_ls4_extended_monash__released__solar_weekly__seed1104.json
ls4_extended_monash__released__temperature_rain__seed1104,temperature_rain,released,1104,32072,725,25657,6415,1000,128,0.1,10,0.999,201000,200,8100,5100,21,51,full_data_audit_passed_waiting_full_gpu,configs/models/fm_ls4_extended_monash__released__temperature_rain__seed1104.json
ls4_extended_monash__paper_literal__solar_weekly__seed1104,solar_weekly,paper_literal,1104,137,52,109,28,7000,64,0.1,5,0.999,14000,14,100,100,1,1,full_data_audit_passed_waiting_full_gpu,configs/models/fm_ls4_extended_monash__paper_literal__solar_weekly__seed1104.json
ls4_extended_monash__paper_literal__temperature_rain__seed1104,temperature_rain,paper_literal,1104,32072,725,25657,6415,1000,64,0.1,5,0.999,401000,200,8100,5100,21,51,full_data_audit_passed_waiting_full_gpu,configs/models/fm_ls4_extended_monash__paper_literal__temperature_rain__seed1104.json
ls4_extended_monash__released__solar_weekly__seed1105,solar_weekly,released,1105,137,52,109,28,100000,128,0.1,5,0.99,100000,200,100,100,1,1,full_data_audit_passed_waiting_full_gpu,configs/models/fm_ls4_extended_monash__released__solar_weekly__seed1105.json
ls4_extended_monash__released__temperature_rain__seed1105,temperature_rain,released,1105,32072,725,25657,6415,1000,128,0.1,10,0.999,201000,200,8100,5100,21,51,full_data_audit_passed_waiting_full_gpu,configs/models/fm_ls4_extended_monash__released__temperature_rain__seed1105.json
ls4_extended_monash__paper_literal__solar_weekly__seed1105,solar_weekly,paper_literal,1105,137,52,109,28,7000,64,0.1,5,0.999,14000,14,100,100,1,1,full_data_audit_passed_waiting_full_gpu,configs/models/fm_ls4_extended_monash__paper_literal__solar_weekly__seed1105.json
ls4_extended_monash__paper_literal__temperature_rain__seed1105,temperature_rain,paper_literal,1105,32072,725,25657,6415,1000,64,0.1,5,0.999,401000,200,8100,5100,21,51,full_data_audit_passed_waiting_full_gpu,configs/models/fm_ls4_extended_monash__paper_literal__temperature_rain__seed1105.json
ls4_extended_monash__released__solar_weekly__seed1106,solar_weekly,released,1106,137,52,109,28,100000,128,0.1,5,0.99,100000,200,100,100,1,1,full_data_audit_passed_waiting_full_gpu,configs/models/fm_ls4_extended_monash__released__solar_weekly__seed1106.json
ls4_extended_monash__released__temperature_rain__seed1106,temperature_rain,released,1106,32072,725,25657,6415,1000,128,0.1,10,0.999,201000,200,8100,5100,21,51,full_data_audit_passed_waiting_full_gpu,configs/models/fm_ls4_extended_monash__released__temperature_rain__seed1106.json
ls4_extended_monash__paper_literal__solar_weekly__seed1106,solar_weekly,paper_literal,1106,137,52,109,28,7000,64,0.1,5,0.999,14000,14,100,100,1,1,full_data_audit_passed_waiting_full_gpu,configs/models/fm_ls4_extended_monash__paper_literal__solar_weekly__seed1106.json
ls4_extended_monash__paper_literal__temperature_rain__seed1106,temperature_rain,paper_literal,1106,32072,725,25657,6415,1000,64,0.1,5,0.999,401000,200,8100,5100,21,51,full_data_audit_passed_waiting_full_gpu,configs/models/fm_ls4_extended_monash__paper_literal__temperature_rain__seed1106.json
