id,dataset,protocol,seed,samples,length,epochs,batch_size,sigma,generator_updates,metric_calls,evaluator_epochs_per_metric,status,model_config
ls4_original__released__fred_md__seed42,fred_md,released,42,107,728,10000,64,0.1,20000,20,100,registered_full_budget_not_completed,configs/models/fm_ls4_original__released__fred_md__seed42.json
ls4_original__released__nn5_daily__seed42,nn5_daily,released,42,111,791,10000,128,0.5,10000,20,100,registered_full_budget_not_completed,configs/models/fm_ls4_original__released__nn5_daily__seed42.json
ls4_original__paper_literal__fred_md__seed42,fred_md,paper_literal,42,107,728,7000,64,0.1,14000,14,100,registered_full_budget_not_completed,configs/models/fm_ls4_original__paper_literal__fred_md__seed42.json
ls4_original__paper_literal__nn5_daily__seed42,nn5_daily,paper_literal,42,111,791,7000,64,0.1,14000,14,100,registered_full_budget_not_completed,configs/models/fm_ls4_original__paper_literal__nn5_daily__seed42.json
ls4_original__released__fred_md__seed1103,fred_md,released,1103,107,728,10000,64,0.1,20000,20,100,registered_full_budget_not_completed,configs/models/fm_ls4_original__released__fred_md__seed1103.json
ls4_original__released__nn5_daily__seed1103,nn5_daily,released,1103,111,791,10000,128,0.5,10000,20,100,registered_full_budget_not_completed,configs/models/fm_ls4_original__released__nn5_daily__seed1103.json
ls4_original__paper_literal__fred_md__seed1103,fred_md,paper_literal,1103,107,728,7000,64,0.1,14000,14,100,registered_full_budget_not_completed,configs/models/fm_ls4_original__paper_literal__fred_md__seed1103.json
ls4_original__paper_literal__nn5_daily__seed1103,nn5_daily,paper_literal,1103,111,791,7000,64,0.1,14000,14,100,registered_full_budget_not_completed,configs/models/fm_ls4_original__paper_literal__nn5_daily__seed1103.json
ls4_original__released__fred_md__seed1104,fred_md,released,1104,107,728,10000,64,0.1,20000,20,100,registered_full_budget_not_completed,configs/models/fm_ls4_original__released__fred_md__seed1104.json
ls4_original__released__nn5_daily__seed1104,nn5_daily,released,1104,111,791,10000,128,0.5,10000,20,100,registered_full_budget_not_completed,configs/models/fm_ls4_original__released__nn5_daily__seed1104.json
ls4_original__paper_literal__fred_md__seed1104,fred_md,paper_literal,1104,107,728,7000,64,0.1,14000,14,100,registered_full_budget_not_completed,configs/models/fm_ls4_original__paper_literal__fred_md__seed1104.json
ls4_original__paper_literal__nn5_daily__seed1104,nn5_daily,paper_literal,1104,111,791,7000,64,0.1,14000,14,100,registered_full_budget_not_completed,configs/models/fm_ls4_original__paper_literal__nn5_daily__seed1104.json
ls4_original__released__fred_md__seed1105,fred_md,released,1105,107,728,10000,64,0.1,20000,20,100,registered_full_budget_not_completed,configs/models/fm_ls4_original__released__fred_md__seed1105.json
ls4_original__released__nn5_daily__seed1105,nn5_daily,released,1105,111,791,10000,128,0.5,10000,20,100,registered_full_budget_not_completed,configs/models/fm_ls4_original__released__nn5_daily__seed1105.json
ls4_original__paper_literal__fred_md__seed1105,fred_md,paper_literal,1105,107,728,7000,64,0.1,14000,14,100,registered_full_budget_not_completed,configs/models/fm_ls4_original__paper_literal__fred_md__seed1105.json
ls4_original__paper_literal__nn5_daily__seed1105,nn5_daily,paper_literal,1105,111,791,7000,64,0.1,14000,14,100,registered_full_budget_not_completed,configs/models/fm_ls4_original__paper_literal__nn5_daily__seed1105.json
ls4_original__released__fred_md__seed1106,fred_md,released,1106,107,728,10000,64,0.1,20000,20,100,registered_full_budget_not_completed,configs/models/fm_ls4_original__released__fred_md__seed1106.json
ls4_original__released__nn5_daily__seed1106,nn5_daily,released,1106,111,791,10000,128,0.5,10000,20,100,registered_full_budget_not_completed,configs/models/fm_ls4_original__released__nn5_daily__seed1106.json
ls4_original__paper_literal__fred_md__seed1106,fred_md,paper_literal,1106,107,728,7000,64,0.1,14000,14,100,registered_full_budget_not_completed,configs/models/fm_ls4_original__paper_literal__fred_md__seed1106.json
ls4_original__paper_literal__nn5_daily__seed1106,nn5_daily,paper_literal,1106,111,791,7000,64,0.1,14000,14,100,registered_full_budget_not_completed,configs/models/fm_ls4_original__paper_literal__nn5_daily__seed1106.json
