algorithm,dataset,track,recipe,seed,status,id,queue,queue_sha256,output_directory,metrics,result_sha256,strict_TAB_result
giflow,air36,released_mirror,main,393,pending,giflow_native__released_mirror__air36__main__seed393,configs/experiments/fm_giflow_native_queue.v1.json,84e0bbe212d5db8abf7ca82c97f67f85b0b17a5e1fc1b21a54d07acd5bef8352,experiments/runs/fm_giflow_native_v1/jobs/giflow_native__released_mirror__air36__main__seed393,,,False
giflow,air36,reviewed_corrected,main,393,pending,giflow_native__reviewed_corrected__air36__main__seed393,configs/experiments/fm_giflow_native_queue.v1.json,84e0bbe212d5db8abf7ca82c97f67f85b0b17a5e1fc1b21a54d07acd5bef8352,experiments/runs/fm_giflow_native_v1/jobs/giflow_native__reviewed_corrected__air36__main__seed393,,,False
giflow,air36,released_mirror,main,394,pending,giflow_native__released_mirror__air36__main__seed394,configs/experiments/fm_giflow_native_queue.v1.json,84e0bbe212d5db8abf7ca82c97f67f85b0b17a5e1fc1b21a54d07acd5bef8352,experiments/runs/fm_giflow_native_v1/jobs/giflow_native__released_mirror__air36__main__seed394,,,False
giflow,air36,reviewed_corrected,main,394,pending,giflow_native__reviewed_corrected__air36__main__seed394,configs/experiments/fm_giflow_native_queue.v1.json,84e0bbe212d5db8abf7ca82c97f67f85b0b17a5e1fc1b21a54d07acd5bef8352,experiments/runs/fm_giflow_native_v1/jobs/giflow_native__reviewed_corrected__air36__main__seed394,,,False
giflow,air36,released_mirror,main,395,pending,giflow_native__released_mirror__air36__main__seed395,configs/experiments/fm_giflow_native_queue.v1.json,84e0bbe212d5db8abf7ca82c97f67f85b0b17a5e1fc1b21a54d07acd5bef8352,experiments/runs/fm_giflow_native_v1/jobs/giflow_native__released_mirror__air36__main__seed395,,,False
giflow,air36,reviewed_corrected,main,395,pending,giflow_native__reviewed_corrected__air36__main__seed395,configs/experiments/fm_giflow_native_queue.v1.json,84e0bbe212d5db8abf7ca82c97f67f85b0b17a5e1fc1b21a54d07acd5bef8352,experiments/runs/fm_giflow_native_v1/jobs/giflow_native__reviewed_corrected__air36__main__seed395,,,False
giflow,air36,released_mirror,main,396,pending,giflow_native__released_mirror__air36__main__seed396,configs/experiments/fm_giflow_native_queue.v1.json,84e0bbe212d5db8abf7ca82c97f67f85b0b17a5e1fc1b21a54d07acd5bef8352,experiments/runs/fm_giflow_native_v1/jobs/giflow_native__released_mirror__air36__main__seed396,,,False
giflow,air36,reviewed_corrected,main,396,pending,giflow_native__reviewed_corrected__air36__main__seed396,configs/experiments/fm_giflow_native_queue.v1.json,84e0bbe212d5db8abf7ca82c97f67f85b0b17a5e1fc1b21a54d07acd5bef8352,experiments/runs/fm_giflow_native_v1/jobs/giflow_native__reviewed_corrected__air36__main__seed396,,,False
giflow,air36,released_mirror,main,397,pending,giflow_native__released_mirror__air36__main__seed397,configs/experiments/fm_giflow_native_queue.v1.json,84e0bbe212d5db8abf7ca82c97f67f85b0b17a5e1fc1b21a54d07acd5bef8352,experiments/runs/fm_giflow_native_v1/jobs/giflow_native__released_mirror__air36__main__seed397,,,False
giflow,air36,reviewed_corrected,main,397,pending,giflow_native__reviewed_corrected__air36__main__seed397,configs/experiments/fm_giflow_native_queue.v1.json,84e0bbe212d5db8abf7ca82c97f67f85b0b17a5e1fc1b21a54d07acd5bef8352,experiments/runs/fm_giflow_native_v1/jobs/giflow_native__reviewed_corrected__air36__main__seed397,,,False
giflow,aqi,released_mirror,main,393,pending,giflow_native__released_mirror__aqi__main__seed393,configs/experiments/fm_giflow_native_queue.v1.json,84e0bbe212d5db8abf7ca82c97f67f85b0b17a5e1fc1b21a54d07acd5bef8352,experiments/runs/fm_giflow_native_v1/jobs/giflow_native__released_mirror__aqi__main__seed393,,,False
giflow,aqi,reviewed_corrected,main,393,pending,giflow_native__reviewed_corrected__aqi__main__seed393,configs/experiments/fm_giflow_native_queue.v1.json,84e0bbe212d5db8abf7ca82c97f67f85b0b17a5e1fc1b21a54d07acd5bef8352,experiments/runs/fm_giflow_native_v1/jobs/giflow_native__reviewed_corrected__aqi__main__seed393,,,False
giflow,aqi,released_mirror,main,394,pending,giflow_native__released_mirror__aqi__main__seed394,configs/experiments/fm_giflow_native_queue.v1.json,84e0bbe212d5db8abf7ca82c97f67f85b0b17a5e1fc1b21a54d07acd5bef8352,experiments/runs/fm_giflow_native_v1/jobs/giflow_native__released_mirror__aqi__main__seed394,,,False
giflow,aqi,reviewed_corrected,main,394,pending,giflow_native__reviewed_corrected__aqi__main__seed394,configs/experiments/fm_giflow_native_queue.v1.json,84e0bbe212d5db8abf7ca82c97f67f85b0b17a5e1fc1b21a54d07acd5bef8352,experiments/runs/fm_giflow_native_v1/jobs/giflow_native__reviewed_corrected__aqi__main__seed394,,,False
giflow,aqi,released_mirror,main,395,pending,giflow_native__released_mirror__aqi__main__seed395,configs/experiments/fm_giflow_native_queue.v1.json,84e0bbe212d5db8abf7ca82c97f67f85b0b17a5e1fc1b21a54d07acd5bef8352,experiments/runs/fm_giflow_native_v1/jobs/giflow_native__released_mirror__aqi__main__seed395,,,False
giflow,aqi,reviewed_corrected,main,395,pending,giflow_native__reviewed_corrected__aqi__main__seed395,configs/experiments/fm_giflow_native_queue.v1.json,84e0bbe212d5db8abf7ca82c97f67f85b0b17a5e1fc1b21a54d07acd5bef8352,experiments/runs/fm_giflow_native_v1/jobs/giflow_native__reviewed_corrected__aqi__main__seed395,,,False
giflow,aqi,released_mirror,main,396,pending,giflow_native__released_mirror__aqi__main__seed396,configs/experiments/fm_giflow_native_queue.v1.json,84e0bbe212d5db8abf7ca82c97f67f85b0b17a5e1fc1b21a54d07acd5bef8352,experiments/runs/fm_giflow_native_v1/jobs/giflow_native__released_mirror__aqi__main__seed396,,,False
giflow,aqi,reviewed_corrected,main,396,pending,giflow_native__reviewed_corrected__aqi__main__seed396,configs/experiments/fm_giflow_native_queue.v1.json,84e0bbe212d5db8abf7ca82c97f67f85b0b17a5e1fc1b21a54d07acd5bef8352,experiments/runs/fm_giflow_native_v1/jobs/giflow_native__reviewed_corrected__aqi__main__seed396,,,False
giflow,aqi,released_mirror,main,397,pending,giflow_native__released_mirror__aqi__main__seed397,configs/experiments/fm_giflow_native_queue.v1.json,84e0bbe212d5db8abf7ca82c97f67f85b0b17a5e1fc1b21a54d07acd5bef8352,experiments/runs/fm_giflow_native_v1/jobs/giflow_native__released_mirror__aqi__main__seed397,,,False
giflow,aqi,reviewed_corrected,main,397,pending,giflow_native__reviewed_corrected__aqi__main__seed397,configs/experiments/fm_giflow_native_queue.v1.json,84e0bbe212d5db8abf7ca82c97f67f85b0b17a5e1fc1b21a54d07acd5bef8352,experiments/runs/fm_giflow_native_v1/jobs/giflow_native__reviewed_corrected__aqi__main__seed397,,,False
giflow,air36,released_mirror,prior_graph,393,pending,giflow_native__released_mirror__air36__prior_graph__seed393,configs/experiments/fm_giflow_native_queue.v1.json,84e0bbe212d5db8abf7ca82c97f67f85b0b17a5e1fc1b21a54d07acd5bef8352,experiments/runs/fm_giflow_native_v1/jobs/giflow_native__released_mirror__air36__prior_graph__seed393,,,False
giflow,air36,reviewed_corrected,prior_graph,393,pending,giflow_native__reviewed_corrected__air36__prior_graph__seed393,configs/experiments/fm_giflow_native_queue.v1.json,84e0bbe212d5db8abf7ca82c97f67f85b0b17a5e1fc1b21a54d07acd5bef8352,experiments/runs/fm_giflow_native_v1/jobs/giflow_native__reviewed_corrected__air36__prior_graph__seed393,,,False
giflow,air36,released_mirror,prior_graph,394,pending,giflow_native__released_mirror__air36__prior_graph__seed394,configs/experiments/fm_giflow_native_queue.v1.json,84e0bbe212d5db8abf7ca82c97f67f85b0b17a5e1fc1b21a54d07acd5bef8352,experiments/runs/fm_giflow_native_v1/jobs/giflow_native__released_mirror__air36__prior_graph__seed394,,,False
giflow,air36,reviewed_corrected,prior_graph,394,pending,giflow_native__reviewed_corrected__air36__prior_graph__seed394,configs/experiments/fm_giflow_native_queue.v1.json,84e0bbe212d5db8abf7ca82c97f67f85b0b17a5e1fc1b21a54d07acd5bef8352,experiments/runs/fm_giflow_native_v1/jobs/giflow_native__reviewed_corrected__air36__prior_graph__seed394,,,False
giflow,air36,released_mirror,prior_graph,395,pending,giflow_native__released_mirror__air36__prior_graph__seed395,configs/experiments/fm_giflow_native_queue.v1.json,84e0bbe212d5db8abf7ca82c97f67f85b0b17a5e1fc1b21a54d07acd5bef8352,experiments/runs/fm_giflow_native_v1/jobs/giflow_native__released_mirror__air36__prior_graph__seed395,,,False
giflow,air36,reviewed_corrected,prior_graph,395,pending,giflow_native__reviewed_corrected__air36__prior_graph__seed395,configs/experiments/fm_giflow_native_queue.v1.json,84e0bbe212d5db8abf7ca82c97f67f85b0b17a5e1fc1b21a54d07acd5bef8352,experiments/runs/fm_giflow_native_v1/jobs/giflow_native__reviewed_corrected__air36__prior_graph__seed395,,,False
giflow,air36,released_mirror,prior_graph,396,pending,giflow_native__released_mirror__air36__prior_graph__seed396,configs/experiments/fm_giflow_native_queue.v1.json,84e0bbe212d5db8abf7ca82c97f67f85b0b17a5e1fc1b21a54d07acd5bef8352,experiments/runs/fm_giflow_native_v1/jobs/giflow_native__released_mirror__air36__prior_graph__seed396,,,False
giflow,air36,reviewed_corrected,prior_graph,396,pending,giflow_native__reviewed_corrected__air36__prior_graph__seed396,configs/experiments/fm_giflow_native_queue.v1.json,84e0bbe212d5db8abf7ca82c97f67f85b0b17a5e1fc1b21a54d07acd5bef8352,experiments/runs/fm_giflow_native_v1/jobs/giflow_native__reviewed_corrected__air36__prior_graph__seed396,,,False
giflow,air36,released_mirror,prior_graph,397,pending,giflow_native__released_mirror__air36__prior_graph__seed397,configs/experiments/fm_giflow_native_queue.v1.json,84e0bbe212d5db8abf7ca82c97f67f85b0b17a5e1fc1b21a54d07acd5bef8352,experiments/runs/fm_giflow_native_v1/jobs/giflow_native__released_mirror__air36__prior_graph__seed397,,,False
giflow,air36,reviewed_corrected,prior_graph,397,pending,giflow_native__reviewed_corrected__air36__prior_graph__seed397,configs/experiments/fm_giflow_native_queue.v1.json,84e0bbe212d5db8abf7ca82c97f67f85b0b17a5e1fc1b21a54d07acd5bef8352,experiments/runs/fm_giflow_native_v1/jobs/giflow_native__reviewed_corrected__air36__prior_graph__seed397,,,False
giflow,air36,released_mirror,prior_time,393,pending,giflow_native__released_mirror__air36__prior_time__seed393,configs/experiments/fm_giflow_native_queue.v1.json,84e0bbe212d5db8abf7ca82c97f67f85b0b17a5e1fc1b21a54d07acd5bef8352,experiments/runs/fm_giflow_native_v1/jobs/giflow_native__released_mirror__air36__prior_time__seed393,,,False
giflow,air36,reviewed_corrected,prior_time,393,pending,giflow_native__reviewed_corrected__air36__prior_time__seed393,configs/experiments/fm_giflow_native_queue.v1.json,84e0bbe212d5db8abf7ca82c97f67f85b0b17a5e1fc1b21a54d07acd5bef8352,experiments/runs/fm_giflow_native_v1/jobs/giflow_native__reviewed_corrected__air36__prior_time__seed393,,,False
giflow,air36,released_mirror,prior_time,394,pending,giflow_native__released_mirror__air36__prior_time__seed394,configs/experiments/fm_giflow_native_queue.v1.json,84e0bbe212d5db8abf7ca82c97f67f85b0b17a5e1fc1b21a54d07acd5bef8352,experiments/runs/fm_giflow_native_v1/jobs/giflow_native__released_mirror__air36__prior_time__seed394,,,False
giflow,air36,reviewed_corrected,prior_time,394,pending,giflow_native__reviewed_corrected__air36__prior_time__seed394,configs/experiments/fm_giflow_native_queue.v1.json,84e0bbe212d5db8abf7ca82c97f67f85b0b17a5e1fc1b21a54d07acd5bef8352,experiments/runs/fm_giflow_native_v1/jobs/giflow_native__reviewed_corrected__air36__prior_time__seed394,,,False
giflow,air36,released_mirror,prior_time,395,pending,giflow_native__released_mirror__air36__prior_time__seed395,configs/experiments/fm_giflow_native_queue.v1.json,84e0bbe212d5db8abf7ca82c97f67f85b0b17a5e1fc1b21a54d07acd5bef8352,experiments/runs/fm_giflow_native_v1/jobs/giflow_native__released_mirror__air36__prior_time__seed395,,,False
giflow,air36,reviewed_corrected,prior_time,395,pending,giflow_native__reviewed_corrected__air36__prior_time__seed395,configs/experiments/fm_giflow_native_queue.v1.json,84e0bbe212d5db8abf7ca82c97f67f85b0b17a5e1fc1b21a54d07acd5bef8352,experiments/runs/fm_giflow_native_v1/jobs/giflow_native__reviewed_corrected__air36__prior_time__seed395,,,False
giflow,air36,released_mirror,prior_time,396,pending,giflow_native__released_mirror__air36__prior_time__seed396,configs/experiments/fm_giflow_native_queue.v1.json,84e0bbe212d5db8abf7ca82c97f67f85b0b17a5e1fc1b21a54d07acd5bef8352,experiments/runs/fm_giflow_native_v1/jobs/giflow_native__released_mirror__air36__prior_time__seed396,,,False
giflow,air36,reviewed_corrected,prior_time,396,pending,giflow_native__reviewed_corrected__air36__prior_time__seed396,configs/experiments/fm_giflow_native_queue.v1.json,84e0bbe212d5db8abf7ca82c97f67f85b0b17a5e1fc1b21a54d07acd5bef8352,experiments/runs/fm_giflow_native_v1/jobs/giflow_native__reviewed_corrected__air36__prior_time__seed396,,,False
giflow,air36,released_mirror,prior_time,397,pending,giflow_native__released_mirror__air36__prior_time__seed397,configs/experiments/fm_giflow_native_queue.v1.json,84e0bbe212d5db8abf7ca82c97f67f85b0b17a5e1fc1b21a54d07acd5bef8352,experiments/runs/fm_giflow_native_v1/jobs/giflow_native__released_mirror__air36__prior_time__seed397,,,False
giflow,air36,reviewed_corrected,prior_time,397,pending,giflow_native__reviewed_corrected__air36__prior_time__seed397,configs/experiments/fm_giflow_native_queue.v1.json,84e0bbe212d5db8abf7ca82c97f67f85b0b17a5e1fc1b21a54d07acd5bef8352,experiments/runs/fm_giflow_native_v1/jobs/giflow_native__reviewed_corrected__air36__prior_time__seed397,,,False
giflow,air36,released_mirror,prior_none,393,pending,giflow_native__released_mirror__air36__prior_none__seed393,configs/experiments/fm_giflow_native_queue.v1.json,84e0bbe212d5db8abf7ca82c97f67f85b0b17a5e1fc1b21a54d07acd5bef8352,experiments/runs/fm_giflow_native_v1/jobs/giflow_native__released_mirror__air36__prior_none__seed393,,,False
giflow,air36,reviewed_corrected,prior_none,393,pending,giflow_native__reviewed_corrected__air36__prior_none__seed393,configs/experiments/fm_giflow_native_queue.v1.json,84e0bbe212d5db8abf7ca82c97f67f85b0b17a5e1fc1b21a54d07acd5bef8352,experiments/runs/fm_giflow_native_v1/jobs/giflow_native__reviewed_corrected__air36__prior_none__seed393,,,False
giflow,air36,released_mirror,prior_none,394,pending,giflow_native__released_mirror__air36__prior_none__seed394,configs/experiments/fm_giflow_native_queue.v1.json,84e0bbe212d5db8abf7ca82c97f67f85b0b17a5e1fc1b21a54d07acd5bef8352,experiments/runs/fm_giflow_native_v1/jobs/giflow_native__released_mirror__air36__prior_none__seed394,,,False
giflow,air36,reviewed_corrected,prior_none,394,pending,giflow_native__reviewed_corrected__air36__prior_none__seed394,configs/experiments/fm_giflow_native_queue.v1.json,84e0bbe212d5db8abf7ca82c97f67f85b0b17a5e1fc1b21a54d07acd5bef8352,experiments/runs/fm_giflow_native_v1/jobs/giflow_native__reviewed_corrected__air36__prior_none__seed394,,,False
giflow,air36,released_mirror,prior_none,395,pending,giflow_native__released_mirror__air36__prior_none__seed395,configs/experiments/fm_giflow_native_queue.v1.json,84e0bbe212d5db8abf7ca82c97f67f85b0b17a5e1fc1b21a54d07acd5bef8352,experiments/runs/fm_giflow_native_v1/jobs/giflow_native__released_mirror__air36__prior_none__seed395,,,False
giflow,air36,reviewed_corrected,prior_none,395,pending,giflow_native__reviewed_corrected__air36__prior_none__seed395,configs/experiments/fm_giflow_native_queue.v1.json,84e0bbe212d5db8abf7ca82c97f67f85b0b17a5e1fc1b21a54d07acd5bef8352,experiments/runs/fm_giflow_native_v1/jobs/giflow_native__reviewed_corrected__air36__prior_none__seed395,,,False
giflow,air36,released_mirror,prior_none,396,pending,giflow_native__released_mirror__air36__prior_none__seed396,configs/experiments/fm_giflow_native_queue.v1.json,84e0bbe212d5db8abf7ca82c97f67f85b0b17a5e1fc1b21a54d07acd5bef8352,experiments/runs/fm_giflow_native_v1/jobs/giflow_native__released_mirror__air36__prior_none__seed396,,,False
giflow,air36,reviewed_corrected,prior_none,396,pending,giflow_native__reviewed_corrected__air36__prior_none__seed396,configs/experiments/fm_giflow_native_queue.v1.json,84e0bbe212d5db8abf7ca82c97f67f85b0b17a5e1fc1b21a54d07acd5bef8352,experiments/runs/fm_giflow_native_v1/jobs/giflow_native__reviewed_corrected__air36__prior_none__seed396,,,False
giflow,air36,released_mirror,prior_none,397,pending,giflow_native__released_mirror__air36__prior_none__seed397,configs/experiments/fm_giflow_native_queue.v1.json,84e0bbe212d5db8abf7ca82c97f67f85b0b17a5e1fc1b21a54d07acd5bef8352,experiments/runs/fm_giflow_native_v1/jobs/giflow_native__released_mirror__air36__prior_none__seed397,,,False
giflow,air36,reviewed_corrected,prior_none,397,pending,giflow_native__reviewed_corrected__air36__prior_none__seed397,configs/experiments/fm_giflow_native_queue.v1.json,84e0bbe212d5db8abf7ca82c97f67f85b0b17a5e1fc1b21a54d07acd5bef8352,experiments/runs/fm_giflow_native_v1/jobs/giflow_native__reviewed_corrected__air36__prior_none__seed397,,,False
giflow,air36,released_mirror,point_0.3,393,pending,giflow_native__released_mirror__air36__point_0p3__seed393,configs/experiments/fm_giflow_native_queue.v1.json,84e0bbe212d5db8abf7ca82c97f67f85b0b17a5e1fc1b21a54d07acd5bef8352,experiments/runs/fm_giflow_native_v1/jobs/giflow_native__released_mirror__air36__point_0p3__seed393,,,False
giflow,air36,reviewed_corrected,point_0.3,393,pending,giflow_native__reviewed_corrected__air36__point_0p3__seed393,configs/experiments/fm_giflow_native_queue.v1.json,84e0bbe212d5db8abf7ca82c97f67f85b0b17a5e1fc1b21a54d07acd5bef8352,experiments/runs/fm_giflow_native_v1/jobs/giflow_native__reviewed_corrected__air36__point_0p3__seed393,,,False
giflow,air36,released_mirror,point_0.3,394,pending,giflow_native__released_mirror__air36__point_0p3__seed394,configs/experiments/fm_giflow_native_queue.v1.json,84e0bbe212d5db8abf7ca82c97f67f85b0b17a5e1fc1b21a54d07acd5bef8352,experiments/runs/fm_giflow_native_v1/jobs/giflow_native__released_mirror__air36__point_0p3__seed394,,,False
giflow,air36,reviewed_corrected,point_0.3,394,pending,giflow_native__reviewed_corrected__air36__point_0p3__seed394,configs/experiments/fm_giflow_native_queue.v1.json,84e0bbe212d5db8abf7ca82c97f67f85b0b17a5e1fc1b21a54d07acd5bef8352,experiments/runs/fm_giflow_native_v1/jobs/giflow_native__reviewed_corrected__air36__point_0p3__seed394,,,False
giflow,air36,released_mirror,point_0.3,395,pending,giflow_native__released_mirror__air36__point_0p3__seed395,configs/experiments/fm_giflow_native_queue.v1.json,84e0bbe212d5db8abf7ca82c97f67f85b0b17a5e1fc1b21a54d07acd5bef8352,experiments/runs/fm_giflow_native_v1/jobs/giflow_native__released_mirror__air36__point_0p3__seed395,,,False
giflow,air36,reviewed_corrected,point_0.3,395,pending,giflow_native__reviewed_corrected__air36__point_0p3__seed395,configs/experiments/fm_giflow_native_queue.v1.json,84e0bbe212d5db8abf7ca82c97f67f85b0b17a5e1fc1b21a54d07acd5bef8352,experiments/runs/fm_giflow_native_v1/jobs/giflow_native__reviewed_corrected__air36__point_0p3__seed395,,,False
giflow,air36,released_mirror,point_0.3,396,pending,giflow_native__released_mirror__air36__point_0p3__seed396,configs/experiments/fm_giflow_native_queue.v1.json,84e0bbe212d5db8abf7ca82c97f67f85b0b17a5e1fc1b21a54d07acd5bef8352,experiments/runs/fm_giflow_native_v1/jobs/giflow_native__released_mirror__air36__point_0p3__seed396,,,False
giflow,air36,reviewed_corrected,point_0.3,396,pending,giflow_native__reviewed_corrected__air36__point_0p3__seed396,configs/experiments/fm_giflow_native_queue.v1.json,84e0bbe212d5db8abf7ca82c97f67f85b0b17a5e1fc1b21a54d07acd5bef8352,experiments/runs/fm_giflow_native_v1/jobs/giflow_native__reviewed_corrected__air36__point_0p3__seed396,,,False
giflow,air36,released_mirror,point_0.3,397,pending,giflow_native__released_mirror__air36__point_0p3__seed397,configs/experiments/fm_giflow_native_queue.v1.json,84e0bbe212d5db8abf7ca82c97f67f85b0b17a5e1fc1b21a54d07acd5bef8352,experiments/runs/fm_giflow_native_v1/jobs/giflow_native__released_mirror__air36__point_0p3__seed397,,,False
giflow,air36,reviewed_corrected,point_0.3,397,pending,giflow_native__reviewed_corrected__air36__point_0p3__seed397,configs/experiments/fm_giflow_native_queue.v1.json,84e0bbe212d5db8abf7ca82c97f67f85b0b17a5e1fc1b21a54d07acd5bef8352,experiments/runs/fm_giflow_native_v1/jobs/giflow_native__reviewed_corrected__air36__point_0p3__seed397,,,False
giflow,air36,released_mirror,point_0.4,393,pending,giflow_native__released_mirror__air36__point_0p4__seed393,configs/experiments/fm_giflow_native_queue.v1.json,84e0bbe212d5db8abf7ca82c97f67f85b0b17a5e1fc1b21a54d07acd5bef8352,experiments/runs/fm_giflow_native_v1/jobs/giflow_native__released_mirror__air36__point_0p4__seed393,,,False
giflow,air36,reviewed_corrected,point_0.4,393,pending,giflow_native__reviewed_corrected__air36__point_0p4__seed393,configs/experiments/fm_giflow_native_queue.v1.json,84e0bbe212d5db8abf7ca82c97f67f85b0b17a5e1fc1b21a54d07acd5bef8352,experiments/runs/fm_giflow_native_v1/jobs/giflow_native__reviewed_corrected__air36__point_0p4__seed393,,,False
giflow,air36,released_mirror,point_0.4,394,pending,giflow_native__released_mirror__air36__point_0p4__seed394,configs/experiments/fm_giflow_native_queue.v1.json,84e0bbe212d5db8abf7ca82c97f67f85b0b17a5e1fc1b21a54d07acd5bef8352,experiments/runs/fm_giflow_native_v1/jobs/giflow_native__released_mirror__air36__point_0p4__seed394,,,False
giflow,air36,reviewed_corrected,point_0.4,394,pending,giflow_native__reviewed_corrected__air36__point_0p4__seed394,configs/experiments/fm_giflow_native_queue.v1.json,84e0bbe212d5db8abf7ca82c97f67f85b0b17a5e1fc1b21a54d07acd5bef8352,experiments/runs/fm_giflow_native_v1/jobs/giflow_native__reviewed_corrected__air36__point_0p4__seed394,,,False
giflow,air36,released_mirror,point_0.4,395,pending,giflow_native__released_mirror__air36__point_0p4__seed395,configs/experiments/fm_giflow_native_queue.v1.json,84e0bbe212d5db8abf7ca82c97f67f85b0b17a5e1fc1b21a54d07acd5bef8352,experiments/runs/fm_giflow_native_v1/jobs/giflow_native__released_mirror__air36__point_0p4__seed395,,,False
giflow,air36,reviewed_corrected,point_0.4,395,pending,giflow_native__reviewed_corrected__air36__point_0p4__seed395,configs/experiments/fm_giflow_native_queue.v1.json,84e0bbe212d5db8abf7ca82c97f67f85b0b17a5e1fc1b21a54d07acd5bef8352,experiments/runs/fm_giflow_native_v1/jobs/giflow_native__reviewed_corrected__air36__point_0p4__seed395,,,False
giflow,air36,released_mirror,point_0.4,396,pending,giflow_native__released_mirror__air36__point_0p4__seed396,configs/experiments/fm_giflow_native_queue.v1.json,84e0bbe212d5db8abf7ca82c97f67f85b0b17a5e1fc1b21a54d07acd5bef8352,experiments/runs/fm_giflow_native_v1/jobs/giflow_native__released_mirror__air36__point_0p4__seed396,,,False
giflow,air36,reviewed_corrected,point_0.4,396,pending,giflow_native__reviewed_corrected__air36__point_0p4__seed396,configs/experiments/fm_giflow_native_queue.v1.json,84e0bbe212d5db8abf7ca82c97f67f85b0b17a5e1fc1b21a54d07acd5bef8352,experiments/runs/fm_giflow_native_v1/jobs/giflow_native__reviewed_corrected__air36__point_0p4__seed396,,,False
giflow,air36,released_mirror,point_0.4,397,pending,giflow_native__released_mirror__air36__point_0p4__seed397,configs/experiments/fm_giflow_native_queue.v1.json,84e0bbe212d5db8abf7ca82c97f67f85b0b17a5e1fc1b21a54d07acd5bef8352,experiments/runs/fm_giflow_native_v1/jobs/giflow_native__released_mirror__air36__point_0p4__seed397,,,False
giflow,air36,reviewed_corrected,point_0.4,397,pending,giflow_native__reviewed_corrected__air36__point_0p4__seed397,configs/experiments/fm_giflow_native_queue.v1.json,84e0bbe212d5db8abf7ca82c97f67f85b0b17a5e1fc1b21a54d07acd5bef8352,experiments/runs/fm_giflow_native_v1/jobs/giflow_native__reviewed_corrected__air36__point_0p4__seed397,,,False
giflow,air36,released_mirror,point_0.5,393,pending,giflow_native__released_mirror__air36__point_0p5__seed393,configs/experiments/fm_giflow_native_queue.v1.json,84e0bbe212d5db8abf7ca82c97f67f85b0b17a5e1fc1b21a54d07acd5bef8352,experiments/runs/fm_giflow_native_v1/jobs/giflow_native__released_mirror__air36__point_0p5__seed393,,,False
giflow,air36,reviewed_corrected,point_0.5,393,pending,giflow_native__reviewed_corrected__air36__point_0p5__seed393,configs/experiments/fm_giflow_native_queue.v1.json,84e0bbe212d5db8abf7ca82c97f67f85b0b17a5e1fc1b21a54d07acd5bef8352,experiments/runs/fm_giflow_native_v1/jobs/giflow_native__reviewed_corrected__air36__point_0p5__seed393,,,False
giflow,air36,released_mirror,point_0.5,394,pending,giflow_native__released_mirror__air36__point_0p5__seed394,configs/experiments/fm_giflow_native_queue.v1.json,84e0bbe212d5db8abf7ca82c97f67f85b0b17a5e1fc1b21a54d07acd5bef8352,experiments/runs/fm_giflow_native_v1/jobs/giflow_native__released_mirror__air36__point_0p5__seed394,,,False
giflow,air36,reviewed_corrected,point_0.5,394,pending,giflow_native__reviewed_corrected__air36__point_0p5__seed394,configs/experiments/fm_giflow_native_queue.v1.json,84e0bbe212d5db8abf7ca82c97f67f85b0b17a5e1fc1b21a54d07acd5bef8352,experiments/runs/fm_giflow_native_v1/jobs/giflow_native__reviewed_corrected__air36__point_0p5__seed394,,,False
giflow,air36,released_mirror,point_0.5,395,pending,giflow_native__released_mirror__air36__point_0p5__seed395,configs/experiments/fm_giflow_native_queue.v1.json,84e0bbe212d5db8abf7ca82c97f67f85b0b17a5e1fc1b21a54d07acd5bef8352,experiments/runs/fm_giflow_native_v1/jobs/giflow_native__released_mirror__air36__point_0p5__seed395,,,False
giflow,air36,reviewed_corrected,point_0.5,395,pending,giflow_native__reviewed_corrected__air36__point_0p5__seed395,configs/experiments/fm_giflow_native_queue.v1.json,84e0bbe212d5db8abf7ca82c97f67f85b0b17a5e1fc1b21a54d07acd5bef8352,experiments/runs/fm_giflow_native_v1/jobs/giflow_native__reviewed_corrected__air36__point_0p5__seed395,,,False
giflow,air36,released_mirror,point_0.5,396,pending,giflow_native__released_mirror__air36__point_0p5__seed396,configs/experiments/fm_giflow_native_queue.v1.json,84e0bbe212d5db8abf7ca82c97f67f85b0b17a5e1fc1b21a54d07acd5bef8352,experiments/runs/fm_giflow_native_v1/jobs/giflow_native__released_mirror__air36__point_0p5__seed396,,,False
giflow,air36,reviewed_corrected,point_0.5,396,pending,giflow_native__reviewed_corrected__air36__point_0p5__seed396,configs/experiments/fm_giflow_native_queue.v1.json,84e0bbe212d5db8abf7ca82c97f67f85b0b17a5e1fc1b21a54d07acd5bef8352,experiments/runs/fm_giflow_native_v1/jobs/giflow_native__reviewed_corrected__air36__point_0p5__seed396,,,False
giflow,air36,released_mirror,point_0.5,397,pending,giflow_native__released_mirror__air36__point_0p5__seed397,configs/experiments/fm_giflow_native_queue.v1.json,84e0bbe212d5db8abf7ca82c97f67f85b0b17a5e1fc1b21a54d07acd5bef8352,experiments/runs/fm_giflow_native_v1/jobs/giflow_native__released_mirror__air36__point_0p5__seed397,,,False
giflow,air36,reviewed_corrected,point_0.5,397,pending,giflow_native__reviewed_corrected__air36__point_0p5__seed397,configs/experiments/fm_giflow_native_queue.v1.json,84e0bbe212d5db8abf7ca82c97f67f85b0b17a5e1fc1b21a54d07acd5bef8352,experiments/runs/fm_giflow_native_v1/jobs/giflow_native__reviewed_corrected__air36__point_0p5__seed397,,,False
giflow,air36,released_mirror,point_0.6,393,pending,giflow_native__released_mirror__air36__point_0p6__seed393,configs/experiments/fm_giflow_native_queue.v1.json,84e0bbe212d5db8abf7ca82c97f67f85b0b17a5e1fc1b21a54d07acd5bef8352,experiments/runs/fm_giflow_native_v1/jobs/giflow_native__released_mirror__air36__point_0p6__seed393,,,False
giflow,air36,reviewed_corrected,point_0.6,393,pending,giflow_native__reviewed_corrected__air36__point_0p6__seed393,configs/experiments/fm_giflow_native_queue.v1.json,84e0bbe212d5db8abf7ca82c97f67f85b0b17a5e1fc1b21a54d07acd5bef8352,experiments/runs/fm_giflow_native_v1/jobs/giflow_native__reviewed_corrected__air36__point_0p6__seed393,,,False
giflow,air36,released_mirror,point_0.6,394,pending,giflow_native__released_mirror__air36__point_0p6__seed394,configs/experiments/fm_giflow_native_queue.v1.json,84e0bbe212d5db8abf7ca82c97f67f85b0b17a5e1fc1b21a54d07acd5bef8352,experiments/runs/fm_giflow_native_v1/jobs/giflow_native__released_mirror__air36__point_0p6__seed394,,,False
giflow,air36,reviewed_corrected,point_0.6,394,pending,giflow_native__reviewed_corrected__air36__point_0p6__seed394,configs/experiments/fm_giflow_native_queue.v1.json,84e0bbe212d5db8abf7ca82c97f67f85b0b17a5e1fc1b21a54d07acd5bef8352,experiments/runs/fm_giflow_native_v1/jobs/giflow_native__reviewed_corrected__air36__point_0p6__seed394,,,False
giflow,air36,released_mirror,point_0.6,395,pending,giflow_native__released_mirror__air36__point_0p6__seed395,configs/experiments/fm_giflow_native_queue.v1.json,84e0bbe212d5db8abf7ca82c97f67f85b0b17a5e1fc1b21a54d07acd5bef8352,experiments/runs/fm_giflow_native_v1/jobs/giflow_native__released_mirror__air36__point_0p6__seed395,,,False
giflow,air36,reviewed_corrected,point_0.6,395,pending,giflow_native__reviewed_corrected__air36__point_0p6__seed395,configs/experiments/fm_giflow_native_queue.v1.json,84e0bbe212d5db8abf7ca82c97f67f85b0b17a5e1fc1b21a54d07acd5bef8352,experiments/runs/fm_giflow_native_v1/jobs/giflow_native__reviewed_corrected__air36__point_0p6__seed395,,,False
giflow,air36,released_mirror,point_0.6,396,pending,giflow_native__released_mirror__air36__point_0p6__seed396,configs/experiments/fm_giflow_native_queue.v1.json,84e0bbe212d5db8abf7ca82c97f67f85b0b17a5e1fc1b21a54d07acd5bef8352,experiments/runs/fm_giflow_native_v1/jobs/giflow_native__released_mirror__air36__point_0p6__seed396,,,False
giflow,air36,reviewed_corrected,point_0.6,396,pending,giflow_native__reviewed_corrected__air36__point_0p6__seed396,configs/experiments/fm_giflow_native_queue.v1.json,84e0bbe212d5db8abf7ca82c97f67f85b0b17a5e1fc1b21a54d07acd5bef8352,experiments/runs/fm_giflow_native_v1/jobs/giflow_native__reviewed_corrected__air36__point_0p6__seed396,,,False
giflow,air36,released_mirror,point_0.6,397,pending,giflow_native__released_mirror__air36__point_0p6__seed397,configs/experiments/fm_giflow_native_queue.v1.json,84e0bbe212d5db8abf7ca82c97f67f85b0b17a5e1fc1b21a54d07acd5bef8352,experiments/runs/fm_giflow_native_v1/jobs/giflow_native__released_mirror__air36__point_0p6__seed397,,,False
giflow,air36,reviewed_corrected,point_0.6,397,pending,giflow_native__reviewed_corrected__air36__point_0p6__seed397,configs/experiments/fm_giflow_native_queue.v1.json,84e0bbe212d5db8abf7ca82c97f67f85b0b17a5e1fc1b21a54d07acd5bef8352,experiments/runs/fm_giflow_native_v1/jobs/giflow_native__reviewed_corrected__air36__point_0p6__seed397,,,False
giflow,air36,released_mirror,threshold_0.02,393,pending,giflow_native__released_mirror__air36__threshold_0p02__seed393,configs/experiments/fm_giflow_native_queue.v1.json,84e0bbe212d5db8abf7ca82c97f67f85b0b17a5e1fc1b21a54d07acd5bef8352,experiments/runs/fm_giflow_native_v1/jobs/giflow_native__released_mirror__air36__threshold_0p02__seed393,,,False
giflow,air36,reviewed_corrected,threshold_0.02,393,pending,giflow_native__reviewed_corrected__air36__threshold_0p02__seed393,configs/experiments/fm_giflow_native_queue.v1.json,84e0bbe212d5db8abf7ca82c97f67f85b0b17a5e1fc1b21a54d07acd5bef8352,experiments/runs/fm_giflow_native_v1/jobs/giflow_native__reviewed_corrected__air36__threshold_0p02__seed393,,,False
giflow,air36,released_mirror,threshold_0.02,394,pending,giflow_native__released_mirror__air36__threshold_0p02__seed394,configs/experiments/fm_giflow_native_queue.v1.json,84e0bbe212d5db8abf7ca82c97f67f85b0b17a5e1fc1b21a54d07acd5bef8352,experiments/runs/fm_giflow_native_v1/jobs/giflow_native__released_mirror__air36__threshold_0p02__seed394,,,False
giflow,air36,reviewed_corrected,threshold_0.02,394,pending,giflow_native__reviewed_corrected__air36__threshold_0p02__seed394,configs/experiments/fm_giflow_native_queue.v1.json,84e0bbe212d5db8abf7ca82c97f67f85b0b17a5e1fc1b21a54d07acd5bef8352,experiments/runs/fm_giflow_native_v1/jobs/giflow_native__reviewed_corrected__air36__threshold_0p02__seed394,,,False
giflow,air36,released_mirror,threshold_0.02,395,pending,giflow_native__released_mirror__air36__threshold_0p02__seed395,configs/experiments/fm_giflow_native_queue.v1.json,84e0bbe212d5db8abf7ca82c97f67f85b0b17a5e1fc1b21a54d07acd5bef8352,experiments/runs/fm_giflow_native_v1/jobs/giflow_native__released_mirror__air36__threshold_0p02__seed395,,,False
giflow,air36,reviewed_corrected,threshold_0.02,395,pending,giflow_native__reviewed_corrected__air36__threshold_0p02__seed395,configs/experiments/fm_giflow_native_queue.v1.json,84e0bbe212d5db8abf7ca82c97f67f85b0b17a5e1fc1b21a54d07acd5bef8352,experiments/runs/fm_giflow_native_v1/jobs/giflow_native__reviewed_corrected__air36__threshold_0p02__seed395,,,False
giflow,air36,released_mirror,threshold_0.02,396,pending,giflow_native__released_mirror__air36__threshold_0p02__seed396,configs/experiments/fm_giflow_native_queue.v1.json,84e0bbe212d5db8abf7ca82c97f67f85b0b17a5e1fc1b21a54d07acd5bef8352,experiments/runs/fm_giflow_native_v1/jobs/giflow_native__released_mirror__air36__threshold_0p02__seed396,,,False
giflow,air36,reviewed_corrected,threshold_0.02,396,pending,giflow_native__reviewed_corrected__air36__threshold_0p02__seed396,configs/experiments/fm_giflow_native_queue.v1.json,84e0bbe212d5db8abf7ca82c97f67f85b0b17a5e1fc1b21a54d07acd5bef8352,experiments/runs/fm_giflow_native_v1/jobs/giflow_native__reviewed_corrected__air36__threshold_0p02__seed396,,,False
giflow,air36,released_mirror,threshold_0.02,397,pending,giflow_native__released_mirror__air36__threshold_0p02__seed397,configs/experiments/fm_giflow_native_queue.v1.json,84e0bbe212d5db8abf7ca82c97f67f85b0b17a5e1fc1b21a54d07acd5bef8352,experiments/runs/fm_giflow_native_v1/jobs/giflow_native__released_mirror__air36__threshold_0p02__seed397,,,False
giflow,air36,reviewed_corrected,threshold_0.02,397,pending,giflow_native__reviewed_corrected__air36__threshold_0p02__seed397,configs/experiments/fm_giflow_native_queue.v1.json,84e0bbe212d5db8abf7ca82c97f67f85b0b17a5e1fc1b21a54d07acd5bef8352,experiments/runs/fm_giflow_native_v1/jobs/giflow_native__reviewed_corrected__air36__threshold_0p02__seed397,,,False
giflow,air36,released_mirror,threshold_0.05,393,pending,giflow_native__released_mirror__air36__threshold_0p05__seed393,configs/experiments/fm_giflow_native_queue.v1.json,84e0bbe212d5db8abf7ca82c97f67f85b0b17a5e1fc1b21a54d07acd5bef8352,experiments/runs/fm_giflow_native_v1/jobs/giflow_native__released_mirror__air36__threshold_0p05__seed393,,,False
giflow,air36,reviewed_corrected,threshold_0.05,393,pending,giflow_native__reviewed_corrected__air36__threshold_0p05__seed393,configs/experiments/fm_giflow_native_queue.v1.json,84e0bbe212d5db8abf7ca82c97f67f85b0b17a5e1fc1b21a54d07acd5bef8352,experiments/runs/fm_giflow_native_v1/jobs/giflow_native__reviewed_corrected__air36__threshold_0p05__seed393,,,False
giflow,air36,released_mirror,threshold_0.05,394,pending,giflow_native__released_mirror__air36__threshold_0p05__seed394,configs/experiments/fm_giflow_native_queue.v1.json,84e0bbe212d5db8abf7ca82c97f67f85b0b17a5e1fc1b21a54d07acd5bef8352,experiments/runs/fm_giflow_native_v1/jobs/giflow_native__released_mirror__air36__threshold_0p05__seed394,,,False
giflow,air36,reviewed_corrected,threshold_0.05,394,pending,giflow_native__reviewed_corrected__air36__threshold_0p05__seed394,configs/experiments/fm_giflow_native_queue.v1.json,84e0bbe212d5db8abf7ca82c97f67f85b0b17a5e1fc1b21a54d07acd5bef8352,experiments/runs/fm_giflow_native_v1/jobs/giflow_native__reviewed_corrected__air36__threshold_0p05__seed394,,,False
giflow,air36,released_mirror,threshold_0.05,395,pending,giflow_native__released_mirror__air36__threshold_0p05__seed395,configs/experiments/fm_giflow_native_queue.v1.json,84e0bbe212d5db8abf7ca82c97f67f85b0b17a5e1fc1b21a54d07acd5bef8352,experiments/runs/fm_giflow_native_v1/jobs/giflow_native__released_mirror__air36__threshold_0p05__seed395,,,False
giflow,air36,reviewed_corrected,threshold_0.05,395,pending,giflow_native__reviewed_corrected__air36__threshold_0p05__seed395,configs/experiments/fm_giflow_native_queue.v1.json,84e0bbe212d5db8abf7ca82c97f67f85b0b17a5e1fc1b21a54d07acd5bef8352,experiments/runs/fm_giflow_native_v1/jobs/giflow_native__reviewed_corrected__air36__threshold_0p05__seed395,,,False
giflow,air36,released_mirror,threshold_0.05,396,pending,giflow_native__released_mirror__air36__threshold_0p05__seed396,configs/experiments/fm_giflow_native_queue.v1.json,84e0bbe212d5db8abf7ca82c97f67f85b0b17a5e1fc1b21a54d07acd5bef8352,experiments/runs/fm_giflow_native_v1/jobs/giflow_native__released_mirror__air36__threshold_0p05__seed396,,,False
giflow,air36,reviewed_corrected,threshold_0.05,396,pending,giflow_native__reviewed_corrected__air36__threshold_0p05__seed396,configs/experiments/fm_giflow_native_queue.v1.json,84e0bbe212d5db8abf7ca82c97f67f85b0b17a5e1fc1b21a54d07acd5bef8352,experiments/runs/fm_giflow_native_v1/jobs/giflow_native__reviewed_corrected__air36__threshold_0p05__seed396,,,False
giflow,air36,released_mirror,threshold_0.05,397,pending,giflow_native__released_mirror__air36__threshold_0p05__seed397,configs/experiments/fm_giflow_native_queue.v1.json,84e0bbe212d5db8abf7ca82c97f67f85b0b17a5e1fc1b21a54d07acd5bef8352,experiments/runs/fm_giflow_native_v1/jobs/giflow_native__released_mirror__air36__threshold_0p05__seed397,,,False
giflow,air36,reviewed_corrected,threshold_0.05,397,pending,giflow_native__reviewed_corrected__air36__threshold_0p05__seed397,configs/experiments/fm_giflow_native_queue.v1.json,84e0bbe212d5db8abf7ca82c97f67f85b0b17a5e1fc1b21a54d07acd5bef8352,experiments/runs/fm_giflow_native_v1/jobs/giflow_native__reviewed_corrected__air36__threshold_0p05__seed397,,,False
giflow,air36,released_mirror,threshold_0.2,393,pending,giflow_native__released_mirror__air36__threshold_0p2__seed393,configs/experiments/fm_giflow_native_queue.v1.json,84e0bbe212d5db8abf7ca82c97f67f85b0b17a5e1fc1b21a54d07acd5bef8352,experiments/runs/fm_giflow_native_v1/jobs/giflow_native__released_mirror__air36__threshold_0p2__seed393,,,False
giflow,air36,reviewed_corrected,threshold_0.2,393,pending,giflow_native__reviewed_corrected__air36__threshold_0p2__seed393,configs/experiments/fm_giflow_native_queue.v1.json,84e0bbe212d5db8abf7ca82c97f67f85b0b17a5e1fc1b21a54d07acd5bef8352,experiments/runs/fm_giflow_native_v1/jobs/giflow_native__reviewed_corrected__air36__threshold_0p2__seed393,,,False
giflow,air36,released_mirror,threshold_0.2,394,pending,giflow_native__released_mirror__air36__threshold_0p2__seed394,configs/experiments/fm_giflow_native_queue.v1.json,84e0bbe212d5db8abf7ca82c97f67f85b0b17a5e1fc1b21a54d07acd5bef8352,experiments/runs/fm_giflow_native_v1/jobs/giflow_native__released_mirror__air36__threshold_0p2__seed394,,,False
giflow,air36,reviewed_corrected,threshold_0.2,394,pending,giflow_native__reviewed_corrected__air36__threshold_0p2__seed394,configs/experiments/fm_giflow_native_queue.v1.json,84e0bbe212d5db8abf7ca82c97f67f85b0b17a5e1fc1b21a54d07acd5bef8352,experiments/runs/fm_giflow_native_v1/jobs/giflow_native__reviewed_corrected__air36__threshold_0p2__seed394,,,False
giflow,air36,released_mirror,threshold_0.2,395,pending,giflow_native__released_mirror__air36__threshold_0p2__seed395,configs/experiments/fm_giflow_native_queue.v1.json,84e0bbe212d5db8abf7ca82c97f67f85b0b17a5e1fc1b21a54d07acd5bef8352,experiments/runs/fm_giflow_native_v1/jobs/giflow_native__released_mirror__air36__threshold_0p2__seed395,,,False
giflow,air36,reviewed_corrected,threshold_0.2,395,pending,giflow_native__reviewed_corrected__air36__threshold_0p2__seed395,configs/experiments/fm_giflow_native_queue.v1.json,84e0bbe212d5db8abf7ca82c97f67f85b0b17a5e1fc1b21a54d07acd5bef8352,experiments/runs/fm_giflow_native_v1/jobs/giflow_native__reviewed_corrected__air36__threshold_0p2__seed395,,,False
giflow,air36,released_mirror,threshold_0.2,396,pending,giflow_native__released_mirror__air36__threshold_0p2__seed396,configs/experiments/fm_giflow_native_queue.v1.json,84e0bbe212d5db8abf7ca82c97f67f85b0b17a5e1fc1b21a54d07acd5bef8352,experiments/runs/fm_giflow_native_v1/jobs/giflow_native__released_mirror__air36__threshold_0p2__seed396,,,False
giflow,air36,reviewed_corrected,threshold_0.2,396,pending,giflow_native__reviewed_corrected__air36__threshold_0p2__seed396,configs/experiments/fm_giflow_native_queue.v1.json,84e0bbe212d5db8abf7ca82c97f67f85b0b17a5e1fc1b21a54d07acd5bef8352,experiments/runs/fm_giflow_native_v1/jobs/giflow_native__reviewed_corrected__air36__threshold_0p2__seed396,,,False
giflow,air36,released_mirror,threshold_0.2,397,pending,giflow_native__released_mirror__air36__threshold_0p2__seed397,configs/experiments/fm_giflow_native_queue.v1.json,84e0bbe212d5db8abf7ca82c97f67f85b0b17a5e1fc1b21a54d07acd5bef8352,experiments/runs/fm_giflow_native_v1/jobs/giflow_native__released_mirror__air36__threshold_0p2__seed397,,,False
giflow,air36,reviewed_corrected,threshold_0.2,397,pending,giflow_native__reviewed_corrected__air36__threshold_0p2__seed397,configs/experiments/fm_giflow_native_queue.v1.json,84e0bbe212d5db8abf7ca82c97f67f85b0b17a5e1fc1b21a54d07acd5bef8352,experiments/runs/fm_giflow_native_v1/jobs/giflow_native__reviewed_corrected__air36__threshold_0p2__seed397,,,False
giflow,air36,released_mirror,threshold_0.4,393,pending,giflow_native__released_mirror__air36__threshold_0p4__seed393,configs/experiments/fm_giflow_native_queue.v1.json,84e0bbe212d5db8abf7ca82c97f67f85b0b17a5e1fc1b21a54d07acd5bef8352,experiments/runs/fm_giflow_native_v1/jobs/giflow_native__released_mirror__air36__threshold_0p4__seed393,,,False
giflow,air36,reviewed_corrected,threshold_0.4,393,pending,giflow_native__reviewed_corrected__air36__threshold_0p4__seed393,configs/experiments/fm_giflow_native_queue.v1.json,84e0bbe212d5db8abf7ca82c97f67f85b0b17a5e1fc1b21a54d07acd5bef8352,experiments/runs/fm_giflow_native_v1/jobs/giflow_native__reviewed_corrected__air36__threshold_0p4__seed393,,,False
giflow,air36,released_mirror,threshold_0.4,394,pending,giflow_native__released_mirror__air36__threshold_0p4__seed394,configs/experiments/fm_giflow_native_queue.v1.json,84e0bbe212d5db8abf7ca82c97f67f85b0b17a5e1fc1b21a54d07acd5bef8352,experiments/runs/fm_giflow_native_v1/jobs/giflow_native__released_mirror__air36__threshold_0p4__seed394,,,False
giflow,air36,reviewed_corrected,threshold_0.4,394,pending,giflow_native__reviewed_corrected__air36__threshold_0p4__seed394,configs/experiments/fm_giflow_native_queue.v1.json,84e0bbe212d5db8abf7ca82c97f67f85b0b17a5e1fc1b21a54d07acd5bef8352,experiments/runs/fm_giflow_native_v1/jobs/giflow_native__reviewed_corrected__air36__threshold_0p4__seed394,,,False
giflow,air36,released_mirror,threshold_0.4,395,pending,giflow_native__released_mirror__air36__threshold_0p4__seed395,configs/experiments/fm_giflow_native_queue.v1.json,84e0bbe212d5db8abf7ca82c97f67f85b0b17a5e1fc1b21a54d07acd5bef8352,experiments/runs/fm_giflow_native_v1/jobs/giflow_native__released_mirror__air36__threshold_0p4__seed395,,,False
giflow,air36,reviewed_corrected,threshold_0.4,395,pending,giflow_native__reviewed_corrected__air36__threshold_0p4__seed395,configs/experiments/fm_giflow_native_queue.v1.json,84e0bbe212d5db8abf7ca82c97f67f85b0b17a5e1fc1b21a54d07acd5bef8352,experiments/runs/fm_giflow_native_v1/jobs/giflow_native__reviewed_corrected__air36__threshold_0p4__seed395,,,False
giflow,air36,released_mirror,threshold_0.4,396,pending,giflow_native__released_mirror__air36__threshold_0p4__seed396,configs/experiments/fm_giflow_native_queue.v1.json,84e0bbe212d5db8abf7ca82c97f67f85b0b17a5e1fc1b21a54d07acd5bef8352,experiments/runs/fm_giflow_native_v1/jobs/giflow_native__released_mirror__air36__threshold_0p4__seed396,,,False
giflow,air36,reviewed_corrected,threshold_0.4,396,pending,giflow_native__reviewed_corrected__air36__threshold_0p4__seed396,configs/experiments/fm_giflow_native_queue.v1.json,84e0bbe212d5db8abf7ca82c97f67f85b0b17a5e1fc1b21a54d07acd5bef8352,experiments/runs/fm_giflow_native_v1/jobs/giflow_native__reviewed_corrected__air36__threshold_0p4__seed396,,,False
giflow,air36,released_mirror,threshold_0.4,397,pending,giflow_native__released_mirror__air36__threshold_0p4__seed397,configs/experiments/fm_giflow_native_queue.v1.json,84e0bbe212d5db8abf7ca82c97f67f85b0b17a5e1fc1b21a54d07acd5bef8352,experiments/runs/fm_giflow_native_v1/jobs/giflow_native__released_mirror__air36__threshold_0p4__seed397,,,False
giflow,air36,reviewed_corrected,threshold_0.4,397,pending,giflow_native__reviewed_corrected__air36__threshold_0p4__seed397,configs/experiments/fm_giflow_native_queue.v1.json,84e0bbe212d5db8abf7ca82c97f67f85b0b17a5e1fc1b21a54d07acd5bef8352,experiments/runs/fm_giflow_native_v1/jobs/giflow_native__reviewed_corrected__air36__threshold_0p4__seed397,,,False
giflow,air36,released_mirror,threshold_0.6,393,pending,giflow_native__released_mirror__air36__threshold_0p6__seed393,configs/experiments/fm_giflow_native_queue.v1.json,84e0bbe212d5db8abf7ca82c97f67f85b0b17a5e1fc1b21a54d07acd5bef8352,experiments/runs/fm_giflow_native_v1/jobs/giflow_native__released_mirror__air36__threshold_0p6__seed393,,,False
giflow,air36,reviewed_corrected,threshold_0.6,393,pending,giflow_native__reviewed_corrected__air36__threshold_0p6__seed393,configs/experiments/fm_giflow_native_queue.v1.json,84e0bbe212d5db8abf7ca82c97f67f85b0b17a5e1fc1b21a54d07acd5bef8352,experiments/runs/fm_giflow_native_v1/jobs/giflow_native__reviewed_corrected__air36__threshold_0p6__seed393,,,False
giflow,air36,released_mirror,threshold_0.6,394,pending,giflow_native__released_mirror__air36__threshold_0p6__seed394,configs/experiments/fm_giflow_native_queue.v1.json,84e0bbe212d5db8abf7ca82c97f67f85b0b17a5e1fc1b21a54d07acd5bef8352,experiments/runs/fm_giflow_native_v1/jobs/giflow_native__released_mirror__air36__threshold_0p6__seed394,,,False
giflow,air36,reviewed_corrected,threshold_0.6,394,pending,giflow_native__reviewed_corrected__air36__threshold_0p6__seed394,configs/experiments/fm_giflow_native_queue.v1.json,84e0bbe212d5db8abf7ca82c97f67f85b0b17a5e1fc1b21a54d07acd5bef8352,experiments/runs/fm_giflow_native_v1/jobs/giflow_native__reviewed_corrected__air36__threshold_0p6__seed394,,,False
giflow,air36,released_mirror,threshold_0.6,395,pending,giflow_native__released_mirror__air36__threshold_0p6__seed395,configs/experiments/fm_giflow_native_queue.v1.json,84e0bbe212d5db8abf7ca82c97f67f85b0b17a5e1fc1b21a54d07acd5bef8352,experiments/runs/fm_giflow_native_v1/jobs/giflow_native__released_mirror__air36__threshold_0p6__seed395,,,False
giflow,air36,reviewed_corrected,threshold_0.6,395,pending,giflow_native__reviewed_corrected__air36__threshold_0p6__seed395,configs/experiments/fm_giflow_native_queue.v1.json,84e0bbe212d5db8abf7ca82c97f67f85b0b17a5e1fc1b21a54d07acd5bef8352,experiments/runs/fm_giflow_native_v1/jobs/giflow_native__reviewed_corrected__air36__threshold_0p6__seed395,,,False
giflow,air36,released_mirror,threshold_0.6,396,pending,giflow_native__released_mirror__air36__threshold_0p6__seed396,configs/experiments/fm_giflow_native_queue.v1.json,84e0bbe212d5db8abf7ca82c97f67f85b0b17a5e1fc1b21a54d07acd5bef8352,experiments/runs/fm_giflow_native_v1/jobs/giflow_native__released_mirror__air36__threshold_0p6__seed396,,,False
giflow,air36,reviewed_corrected,threshold_0.6,396,pending,giflow_native__reviewed_corrected__air36__threshold_0p6__seed396,configs/experiments/fm_giflow_native_queue.v1.json,84e0bbe212d5db8abf7ca82c97f67f85b0b17a5e1fc1b21a54d07acd5bef8352,experiments/runs/fm_giflow_native_v1/jobs/giflow_native__reviewed_corrected__air36__threshold_0p6__seed396,,,False
giflow,air36,released_mirror,threshold_0.6,397,pending,giflow_native__released_mirror__air36__threshold_0p6__seed397,configs/experiments/fm_giflow_native_queue.v1.json,84e0bbe212d5db8abf7ca82c97f67f85b0b17a5e1fc1b21a54d07acd5bef8352,experiments/runs/fm_giflow_native_v1/jobs/giflow_native__released_mirror__air36__threshold_0p6__seed397,,,False
giflow,air36,reviewed_corrected,threshold_0.6,397,pending,giflow_native__reviewed_corrected__air36__threshold_0p6__seed397,configs/experiments/fm_giflow_native_queue.v1.json,84e0bbe212d5db8abf7ca82c97f67f85b0b17a5e1fc1b21a54d07acd5bef8352,experiments/runs/fm_giflow_native_v1/jobs/giflow_native__reviewed_corrected__air36__threshold_0p6__seed397,,,False
