id,profile,dataset,entity,seed,status,result_path,result_sha256,metric_path,value
grasp_protocol_v3__gnn__swan__swan_sf__seed1103,gnn,swan,swan_sf,1103,completed,experiments/runs/fm_grasp_protocol_v3/jobs/grasp_protocol_v3__gnn__swan__swan_sf__seed1103/result.json,e41868a7b88e66b864bba147648e724ae579c0d5d12485af475e2657624df7be,job.seed,1103
grasp_protocol_v3__gnn__swan__swan_sf__seed1103,gnn,swan,swan_sf,1103,completed,experiments/runs/fm_grasp_protocol_v3/jobs/grasp_protocol_v3__gnn__swan__swan_sf__seed1103/result.json,e41868a7b88e66b864bba147648e724ae579c0d5d12485af475e2657624df7be,job.expected_optimizer_updates,93000
grasp_protocol_v3__gnn__swan__swan_sf__seed1103,gnn,swan,swan_sf,1103,completed,experiments/runs/fm_grasp_protocol_v3/jobs/grasp_protocol_v3__gnn__swan__swan_sf__seed1103/result.json,e41868a7b88e66b864bba147648e724ae579c0d5d12485af475e2657624df7be,job.test_points,72000
grasp_protocol_v3__gnn__swan__swan_sf__seed1103,gnn,swan,swan_sf,1103,completed,experiments/runs/fm_grasp_protocol_v3/jobs/grasp_protocol_v3__gnn__swan__swan_sf__seed1103/result.json,e41868a7b88e66b864bba147648e724ae579c0d5d12485af475e2657624df7be,job.validation_points,3935
grasp_protocol_v3__gnn__swan__swan_sf__seed1103,gnn,swan,swan_sf,1103,completed,experiments/runs/fm_grasp_protocol_v3/jobs/grasp_protocol_v3__gnn__swan__swan_sf__seed1103/result.json,e41868a7b88e66b864bba147648e724ae579c0d5d12485af475e2657624df7be,job.score_recipes[0].source_samples,5
grasp_protocol_v3__gnn__swan__swan_sf__seed1103,gnn,swan,swan_sf,1103,completed,experiments/runs/fm_grasp_protocol_v3/jobs/grasp_protocol_v3__gnn__swan__swan_sf__seed1103/result.json,e41868a7b88e66b864bba147648e724ae579c0d5d12485af475e2657624df7be,job.score_recipes[0].flow_evaluations,10
grasp_protocol_v3__gnn__swan__swan_sf__seed1103,gnn,swan,swan_sf,1103,completed,experiments/runs/fm_grasp_protocol_v3/jobs/grasp_protocol_v3__gnn__swan__swan_sf__seed1103/result.json,e41868a7b88e66b864bba147648e724ae579c0d5d12485af475e2657624df7be,epochs_completed,1500
grasp_protocol_v3__gnn__swan__swan_sf__seed1103,gnn,swan,swan_sf,1103,completed,experiments/runs/fm_grasp_protocol_v3/jobs/grasp_protocol_v3__gnn__swan__swan_sf__seed1103/result.json,e41868a7b88e66b864bba147648e724ae579c0d5d12485af475e2657624df7be,optimizer_updates,93000
grasp_protocol_v3__gnn__swan__swan_sf__seed1103,gnn,swan,swan_sf,1103,completed,experiments/runs/fm_grasp_protocol_v3/jobs/grasp_protocol_v3__gnn__swan__swan_sf__seed1103/result.json,e41868a7b88e66b864bba147648e724ae579c0d5d12485af475e2657624df7be,scored_points,72000
grasp_protocol_v3__gnn__swan__swan_sf__seed1103,gnn,swan,swan_sf,1103,completed,experiments/runs/fm_grasp_protocol_v3/jobs/grasp_protocol_v3__gnn__swan__swan_sf__seed1103/result.json,e41868a7b88e66b864bba147648e724ae579c0d5d12485af475e2657624df7be,validation_points,3935
grasp_protocol_v3__gnn__swan__swan_sf__seed1103,gnn,swan,swan_sf,1103,completed,experiments/runs/fm_grasp_protocol_v3/jobs/grasp_protocol_v3__gnn__swan__swan_sf__seed1103/result.json,e41868a7b88e66b864bba147648e724ae579c0d5d12485af475e2657624df7be,score_recipes[0].source_samples,5
grasp_protocol_v3__gnn__swan__swan_sf__seed1103,gnn,swan,swan_sf,1103,completed,experiments/runs/fm_grasp_protocol_v3/jobs/grasp_protocol_v3__gnn__swan__swan_sf__seed1103/result.json,e41868a7b88e66b864bba147648e724ae579c0d5d12485af475e2657624df7be,score_recipes[0].flow_evaluations,10
grasp_protocol_v3__gnn__swan__swan_sf__seed1103,gnn,swan,swan_sf,1103,completed,experiments/runs/fm_grasp_protocol_v3/jobs/grasp_protocol_v3__gnn__swan__swan_sf__seed1103/result.json,e41868a7b88e66b864bba147648e724ae579c0d5d12485af475e2657624df7be,parameter_count,54706
grasp_protocol_v3__gnn__swan__swan_sf__seed1103,gnn,swan,swan_sf,1103,completed,experiments/runs/fm_grasp_protocol_v3/jobs/grasp_protocol_v3__gnn__swan__swan_sf__seed1103/result.json,e41868a7b88e66b864bba147648e724ae579c0d5d12485af475e2657624df7be,training_seconds,1732.4290981001686
grasp_protocol_v3__gnn__swan__swan_sf__seed1103,gnn,swan,swan_sf,1103,completed,experiments/runs/fm_grasp_protocol_v3/jobs/grasp_protocol_v3__gnn__swan__swan_sf__seed1103/result.json,e41868a7b88e66b864bba147648e724ae579c0d5d12485af475e2657624df7be,peak_cuda_allocated_bytes,133625856
grasp_protocol_v3__gnn__swan__swan_sf__seed1103,gnn,swan,swan_sf,1103,completed,experiments/runs/fm_grasp_protocol_v3/jobs/grasp_protocol_v3__gnn__swan__swan_sf__seed1103/result.json,e41868a7b88e66b864bba147648e724ae579c0d5d12485af475e2657624df7be,peak_cuda_reserved_bytes,161480704
grasp_protocol_v3__gnn__swan__swan_sf__seed1103,gnn,swan,swan_sf,1103,completed,experiments/runs/fm_grasp_protocol_v3/jobs/grasp_protocol_v3__gnn__swan__swan_sf__seed1103/result.json,e41868a7b88e66b864bba147648e724ae579c0d5d12485af475e2657624df7be,cpu_threads,2
grasp_protocol_v3__gnn__swan__swan_sf__seed1103,gnn,swan,swan_sf,1103,completed,experiments/runs/fm_grasp_protocol_v3/jobs/grasp_protocol_v3__gnn__swan__swan_sf__seed1103/result.json,e41868a7b88e66b864bba147648e724ae579c0d5d12485af475e2657624df7be,metrics[0].recipe.source_samples,5
grasp_protocol_v3__gnn__swan__swan_sf__seed1103,gnn,swan,swan_sf,1103,completed,experiments/runs/fm_grasp_protocol_v3/jobs/grasp_protocol_v3__gnn__swan__swan_sf__seed1103/result.json,e41868a7b88e66b864bba147648e724ae579c0d5d12485af475e2657624df7be,metrics[0].recipe.flow_evaluations,10
grasp_protocol_v3__gnn__swan__swan_sf__seed1103,gnn,swan,swan_sf,1103,completed,experiments/runs/fm_grasp_protocol_v3/jobs/grasp_protocol_v3__gnn__swan__swan_sf__seed1103/result.json,e41868a7b88e66b864bba147648e724ae579c0d5d12485af475e2657624df7be,metrics[0].metrics.paper_retrospective.AP,0.4120569090206635
grasp_protocol_v3__gnn__swan__swan_sf__seed1103,gnn,swan,swan_sf,1103,completed,experiments/runs/fm_grasp_protocol_v3/jobs/grasp_protocol_v3__gnn__swan__swan_sf__seed1103/result.json,e41868a7b88e66b864bba147648e724ae579c0d5d12485af475e2657624df7be,metrics[0].metrics.paper_retrospective.ROC,0.6049448230907122
grasp_protocol_v3__gnn__swan__swan_sf__seed1103,gnn,swan,swan_sf,1103,completed,experiments/runs/fm_grasp_protocol_v3/jobs/grasp_protocol_v3__gnn__swan__swan_sf__seed1103/result.json,e41868a7b88e66b864bba147648e724ae579c0d5d12485af475e2657624df7be,metrics[0].metrics.paper_retrospective.Best_F1,0.46551041433458495
grasp_protocol_v3__gnn__swan__swan_sf__seed1103,gnn,swan,swan_sf,1103,completed,experiments/runs/fm_grasp_protocol_v3/jobs/grasp_protocol_v3__gnn__swan__swan_sf__seed1103/result.json,e41868a7b88e66b864bba147648e724ae579c0d5d12485af475e2657624df7be,metrics[0].metrics.validation_only_control.precision,0.36773093614383134
grasp_protocol_v3__gnn__swan__swan_sf__seed1103,gnn,swan,swan_sf,1103,completed,experiments/runs/fm_grasp_protocol_v3/jobs/grasp_protocol_v3__gnn__swan__swan_sf__seed1103/result.json,e41868a7b88e66b864bba147648e724ae579c0d5d12485af475e2657624df7be,metrics[0].metrics.validation_only_control.recall,0.5901990049751243
grasp_protocol_v3__gnn__swan__swan_sf__seed1103,gnn,swan,swan_sf,1103,completed,experiments/runs/fm_grasp_protocol_v3/jobs/grasp_protocol_v3__gnn__swan__swan_sf__seed1103/result.json,e41868a7b88e66b864bba147648e724ae579c0d5d12485af475e2657624df7be,metrics[0].metrics.validation_only_control.f1,0.4531321619556914
grasp_protocol_v3__gnn__swan__swan_sf__seed1103,gnn,swan,swan_sf,1103,completed,experiments/runs/fm_grasp_protocol_v3/jobs/grasp_protocol_v3__gnn__swan__swan_sf__seed1103/result.json,e41868a7b88e66b864bba147648e724ae579c0d5d12485af475e2657624df7be,metrics[0].metrics.validation_only_control.threshold,19915.414651562478
grasp_protocol_v3__gnn__swan__swan_sf__seed1103,gnn,swan,swan_sf,1103,completed,experiments/runs/fm_grasp_protocol_v3/jobs/grasp_protocol_v3__gnn__swan__swan_sf__seed1103/result.json,e41868a7b88e66b864bba147648e724ae579c0d5d12485af475e2657624df7be,metrics[0].metrics.validation_only_control.quantile,0.99
grasp_protocol_v3__gnn__swan__swan_sf__seed1103,gnn,swan,swan_sf,1103,completed,experiments/runs/fm_grasp_protocol_v3/jobs/grasp_protocol_v3__gnn__swan__swan_sf__seed1103/result.json,e41868a7b88e66b864bba147648e724ae579c0d5d12485af475e2657624df7be,metrics[0].validation_score_seconds,4.965675699990243
grasp_protocol_v3__gnn__swan__swan_sf__seed1103,gnn,swan,swan_sf,1103,completed,experiments/runs/fm_grasp_protocol_v3/jobs/grasp_protocol_v3__gnn__swan__swan_sf__seed1103/result.json,e41868a7b88e66b864bba147648e724ae579c0d5d12485af475e2657624df7be,metrics[0].test_score_seconds,85.80595349986106
grasp_protocol_v3__gnn__swan__swan_sf__seed1103,gnn,swan,swan_sf,1103,completed,experiments/runs/fm_grasp_protocol_v3/jobs/grasp_protocol_v3__gnn__swan__swan_sf__seed1103/result.json,e41868a7b88e66b864bba147648e724ae579c0d5d12485af475e2657624df7be,metrics[0].window_evaluations,71951
grasp_protocol_v3__gnn__swan__swan_sf__seed1103,gnn,swan,swan_sf,1103,completed,experiments/runs/fm_grasp_protocol_v3/jobs/grasp_protocol_v3__gnn__swan__swan_sf__seed1103/result.json,e41868a7b88e66b864bba147648e724ae579c0d5d12485af475e2657624df7be,data_audit.raw_train_points,19672
grasp_protocol_v3__gnn__swan__swan_sf__seed1103,gnn,swan,swan_sf,1103,completed,experiments/runs/fm_grasp_protocol_v3/jobs/grasp_protocol_v3__gnn__swan__swan_sf__seed1103/result.json,e41868a7b88e66b864bba147648e724ae579c0d5d12485af475e2657624df7be,data_audit.split_cut,15737
grasp_protocol_v3__gnn__swan__swan_sf__seed1103,gnn,swan,swan_sf,1103,completed,experiments/runs/fm_grasp_protocol_v3/jobs/grasp_protocol_v3__gnn__swan__swan_sf__seed1103/result.json,e41868a7b88e66b864bba147648e724ae579c0d5d12485af475e2657624df7be,data_audit.fit_points,15737
grasp_protocol_v3__gnn__swan__swan_sf__seed1103,gnn,swan,swan_sf,1103,completed,experiments/runs/fm_grasp_protocol_v3/jobs/grasp_protocol_v3__gnn__swan__swan_sf__seed1103/result.json,e41868a7b88e66b864bba147648e724ae579c0d5d12485af475e2657624df7be,data_audit.validation_points,3935
grasp_protocol_v3__gnn__swan__swan_sf__seed1103,gnn,swan,swan_sf,1103,completed,experiments/runs/fm_grasp_protocol_v3/jobs/grasp_protocol_v3__gnn__swan__swan_sf__seed1103/result.json,e41868a7b88e66b864bba147648e724ae579c0d5d12485af475e2657624df7be,data_audit.test_points,72000
grasp_protocol_v3__gnn__swan__swan_sf__seed1103,gnn,swan,swan_sf,1103,completed,experiments/runs/fm_grasp_protocol_v3/jobs/grasp_protocol_v3__gnn__swan__swan_sf__seed1103/result.json,e41868a7b88e66b864bba147648e724ae579c0d5d12485af475e2657624df7be,data_audit.test_anomaly_points,20100
grasp_protocol_v3__gnn__swan__swan_sf__seed1103,gnn,swan,swan_sf,1103,completed,experiments/runs/fm_grasp_protocol_v3/jobs/grasp_protocol_v3__gnn__swan__swan_sf__seed1103/result.json,e41868a7b88e66b864bba147648e724ae579c0d5d12485af475e2657624df7be,data_audit.features,38
grasp_protocol_v3__gnn__swan__swan_sf__seed1103,gnn,swan,swan_sf,1103,completed,experiments/runs/fm_grasp_protocol_v3/jobs/grasp_protocol_v3__gnn__swan__swan_sf__seed1103/result.json,e41868a7b88e66b864bba147648e724ae579c0d5d12485af475e2657624df7be,data_audit.paper_variables,39
grasp_protocol_v3__gnn__swan__swan_sf__seed1103,gnn,swan,swan_sf,1103,completed,experiments/runs/fm_grasp_protocol_v3/jobs/grasp_protocol_v3__gnn__swan__swan_sf__seed1103/result.json,e41868a7b88e66b864bba147648e724ae579c0d5d12485af475e2657624df7be,data_audit.fit_window_count,15688
grasp_protocol_v3__gnn__swan__swan_sf__seed1103,gnn,swan,swan_sf,1103,completed,experiments/runs/fm_grasp_protocol_v3/jobs/grasp_protocol_v3__gnn__swan__swan_sf__seed1103/result.json,e41868a7b88e66b864bba147648e724ae579c0d5d12485af475e2657624df7be,data_audit.validation_window_count,3886
grasp_protocol_v3__gnn__swan__swan_sf__seed1103,gnn,swan,swan_sf,1103,completed,experiments/runs/fm_grasp_protocol_v3/jobs/grasp_protocol_v3__gnn__swan__swan_sf__seed1103/result.json,e41868a7b88e66b864bba147648e724ae579c0d5d12485af475e2657624df7be,data_audit.test_window_count,71951
grasp_protocol_v3__gnn__swan__swan_sf__seed1103,gnn,swan,swan_sf,1103,completed,experiments/runs/fm_grasp_protocol_v3/jobs/grasp_protocol_v3__gnn__swan__swan_sf__seed1103/result.json,e41868a7b88e66b864bba147648e724ae579c0d5d12485af475e2657624df7be,data_audit.source_audit.training_anomaly_points,0
grasp_protocol_v3__gnn__swan__swan_sf__seed1103,gnn,swan,swan_sf,1103,completed,experiments/runs/fm_grasp_protocol_v3/jobs/grasp_protocol_v3__gnn__swan__swan_sf__seed1103/result.json,e41868a7b88e66b864bba147648e724ae579c0d5d12485af475e2657624df7be,data_audit.train_only_scaler.median[0],109.79161766427605
grasp_protocol_v3__gnn__swan__swan_sf__seed1103,gnn,swan,swan_sf,1103,completed,experiments/runs/fm_grasp_protocol_v3/jobs/grasp_protocol_v3__gnn__swan__swan_sf__seed1103/result.json,e41868a7b88e66b864bba147648e724ae579c0d5d12485af475e2657624df7be,data_audit.train_only_scaler.median[1],902576622.3893
grasp_protocol_v3__gnn__swan__swan_sf__seed1103,gnn,swan,swan_sf,1103,completed,experiments/runs/fm_grasp_protocol_v3/jobs/grasp_protocol_v3__gnn__swan__swan_sf__seed1103/result.json,e41868a7b88e66b864bba147648e724ae579c0d5d12485af475e2657624df7be,data_audit.train_only_scaler.median[2],7.167510432855177e+21
grasp_protocol_v3__gnn__swan__swan_sf__seed1103,gnn,swan,swan_sf,1103,completed,experiments/runs/fm_grasp_protocol_v3/jobs/grasp_protocol_v3__gnn__swan__swan_sf__seed1103/result.json,e41868a7b88e66b864bba147648e724ae579c0d5d12485af475e2657624df7be,data_audit.train_only_scaler.median[3],2295775301630.038
grasp_protocol_v3__gnn__swan__swan_sf__seed1103,gnn,swan,swan_sf,1103,completed,experiments/runs/fm_grasp_protocol_v3/jobs/grasp_protocol_v3__gnn__swan__swan_sf__seed1103/result.json,e41868a7b88e66b864bba147648e724ae579c0d5d12485af475e2657624df7be,data_audit.train_only_scaler.median[4],7.525211717955138
grasp_protocol_v3__gnn__swan__swan_sf__seed1103,gnn,swan,swan_sf,1103,completed,experiments/runs/fm_grasp_protocol_v3/jobs/grasp_protocol_v3__gnn__swan__swan_sf__seed1103/result.json,e41868a7b88e66b864bba147648e724ae579c0d5d12485af475e2657624df7be,data_audit.train_only_scaler.median[5],644965299185.6748
grasp_protocol_v3__gnn__swan__swan_sf__seed1103,gnn,swan,swan_sf,1103,completed,experiments/runs/fm_grasp_protocol_v3/jobs/grasp_protocol_v3__gnn__swan__swan_sf__seed1103/result.json,e41868a7b88e66b864bba147648e724ae579c0d5d12485af475e2657624df7be,data_audit.train_only_scaler.median[6],1.5930829208471184e+21
grasp_protocol_v3__gnn__swan__swan_sf__seed1103,gnn,swan,swan_sf,1103,completed,experiments/runs/fm_grasp_protocol_v3/jobs/grasp_protocol_v3__gnn__swan__swan_sf__seed1103/result.json,e41868a7b88e66b864bba147648e724ae579c0d5d12485af475e2657624df7be,data_audit.train_only_scaler.median[7],-6.896515213991394e+23
grasp_protocol_v3__gnn__swan__swan_sf__seed1103,gnn,swan,swan_sf,1103,completed,experiments/runs/fm_grasp_protocol_v3/jobs/grasp_protocol_v3__gnn__swan__swan_sf__seed1103/result.json,e41868a7b88e66b864bba147648e724ae579c0d5d12485af475e2657624df7be,data_audit.train_only_scaler.median[8],1881.226580056299
grasp_protocol_v3__gnn__swan__swan_sf__seed1103,gnn,swan,swan_sf,1103,completed,experiments/runs/fm_grasp_protocol_v3/jobs/grasp_protocol_v3__gnn__swan__swan_sf__seed1103/result.json,e41868a7b88e66b864bba147648e724ae579c0d5d12485af475e2657624df7be,data_audit.train_only_scaler.median[9],-0.5826949720780651
grasp_protocol_v3__gnn__swan__swan_sf__seed1103,gnn,swan,swan_sf,1103,completed,experiments/runs/fm_grasp_protocol_v3/jobs/grasp_protocol_v3__gnn__swan__swan_sf__seed1103/result.json,e41868a7b88e66b864bba147648e724ae579c0d5d12485af475e2657624df7be,data_audit.train_only_scaler.median[10],23.2614382342434
grasp_protocol_v3__gnn__swan__swan_sf__seed1103,gnn,swan,swan_sf,1103,completed,experiments/runs/fm_grasp_protocol_v3/jobs/grasp_protocol_v3__gnn__swan__swan_sf__seed1103/result.json,e41868a7b88e66b864bba147648e724ae579c0d5d12485af475e2657624df7be,data_audit.train_only_scaler.median[11],4.1031652989449015
grasp_protocol_v3__gnn__swan__swan_sf__seed1103,gnn,swan,swan_sf,1103,completed,experiments/runs/fm_grasp_protocol_v3/jobs/grasp_protocol_v3__gnn__swan__swan_sf__seed1103/result.json,e41868a7b88e66b864bba147648e724ae579c0d5d12485af475e2657624df7be,data_audit.train_only_scaler.median[12],30.334544652596342
grasp_protocol_v3__gnn__swan__swan_sf__seed1103,gnn,swan,swan_sf,1103,completed,experiments/runs/fm_grasp_protocol_v3/jobs/grasp_protocol_v3__gnn__swan__swan_sf__seed1103/result.json,e41868a7b88e66b864bba147648e724ae579c0d5d12485af475e2657624df7be,data_audit.train_only_scaler.median[13],123.55687630744043
grasp_protocol_v3__gnn__swan__swan_sf__seed1103,gnn,swan,swan_sf,1103,completed,experiments/runs/fm_grasp_protocol_v3/jobs/grasp_protocol_v3__gnn__swan__swan_sf__seed1103/result.json,e41868a7b88e66b864bba147648e724ae579c0d5d12485af475e2657624df7be,data_audit.train_only_scaler.median[14],124.10909511835108
grasp_protocol_v3__gnn__swan__swan_sf__seed1103,gnn,swan,swan_sf,1103,completed,experiments/runs/fm_grasp_protocol_v3/jobs/grasp_protocol_v3__gnn__swan__swan_sf__seed1103/result.json,e41868a7b88e66b864bba147648e724ae579c0d5d12485af475e2657624df7be,data_audit.train_only_scaler.median[15],53.50452393957681
grasp_protocol_v3__gnn__swan__swan_sf__seed1103,gnn,swan,swan_sf,1103,completed,experiments/runs/fm_grasp_protocol_v3/jobs/grasp_protocol_v3__gnn__swan__swan_sf__seed1103/result.json,e41868a7b88e66b864bba147648e724ae579c0d5d12485af475e2657624df7be,data_audit.train_only_scaler.median[16],0.0007316367027569
grasp_protocol_v3__gnn__swan__swan_sf__seed1103,gnn,swan,swan_sf,1103,completed,experiments/runs/fm_grasp_protocol_v3/jobs/grasp_protocol_v3__gnn__swan__swan_sf__seed1103/result.json,e41868a7b88e66b864bba147648e724ae579c0d5d12485af475e2657624df7be,data_audit.train_only_scaler.median[17],-1.612043362204535e+22
grasp_protocol_v3__gnn__swan__swan_sf__seed1103,gnn,swan,swan_sf,1103,completed,experiments/runs/fm_grasp_protocol_v3/jobs/grasp_protocol_v3__gnn__swan__swan_sf__seed1103/result.json,e41868a7b88e66b864bba147648e724ae579c0d5d12485af475e2657624df7be,data_audit.train_only_scaler.median[18],0.1806838037433196
grasp_protocol_v3__gnn__swan__swan_sf__seed1103,gnn,swan,swan_sf,1103,completed,experiments/runs/fm_grasp_protocol_v3/jobs/grasp_protocol_v3__gnn__swan__swan_sf__seed1103/result.json,e41868a7b88e66b864bba147648e724ae579c0d5d12485af475e2657624df7be,data_audit.train_only_scaler.median[19],0.0024643825097276
grasp_protocol_v3__gnn__swan__swan_sf__seed1103,gnn,swan,swan_sf,1103,completed,experiments/runs/fm_grasp_protocol_v3/jobs/grasp_protocol_v3__gnn__swan__swan_sf__seed1103/result.json,e41868a7b88e66b864bba147648e724ae579c0d5d12485af475e2657624df7be,data_audit.train_only_scaler.median[20],-1.7582466676047812e+22
grasp_protocol_v3__gnn__swan__swan_sf__seed1103,gnn,swan,swan_sf,1103,completed,experiments/runs/fm_grasp_protocol_v3/jobs/grasp_protocol_v3__gnn__swan__swan_sf__seed1103/result.json,e41868a7b88e66b864bba147648e724ae579c0d5d12485af475e2657624df7be,data_audit.train_only_scaler.median[21],0.0248835927535584
grasp_protocol_v3__gnn__swan__swan_sf__seed1103,gnn,swan,swan_sf,1103,completed,experiments/runs/fm_grasp_protocol_v3/jobs/grasp_protocol_v3__gnn__swan__swan_sf__seed1103/result.json,e41868a7b88e66b864bba147648e724ae579c0d5d12485af475e2657624df7be,data_audit.train_only_scaler.median[22],0.0411580664279638
grasp_protocol_v3__gnn__swan__swan_sf__seed1103,gnn,swan,swan_sf,1103,completed,experiments/runs/fm_grasp_protocol_v3/jobs/grasp_protocol_v3__gnn__swan__swan_sf__seed1103/result.json,e41868a7b88e66b864bba147648e724ae579c0d5d12485af475e2657624df7be,data_audit.train_only_scaler.median[23],0.0
grasp_protocol_v3__gnn__swan__swan_sf__seed1103,gnn,swan,swan_sf,1103,completed,experiments/runs/fm_grasp_protocol_v3/jobs/grasp_protocol_v3__gnn__swan__swan_sf__seed1103/result.json,e41868a7b88e66b864bba147648e724ae579c0d5d12485af475e2657624df7be,data_audit.train_only_scaler.median[24],223.862839
grasp_protocol_v3__gnn__swan__swan_sf__seed1103,gnn,swan,swan_sf,1103,completed,experiments/runs/fm_grasp_protocol_v3/jobs/grasp_protocol_v3__gnn__swan__swan_sf__seed1103/result.json,e41868a7b88e66b864bba147648e724ae579c0d5d12485af475e2657624df7be,data_audit.train_only_scaler.median[25],263.178192
grasp_protocol_v3__gnn__swan__swan_sf__seed1103,gnn,swan,swan_sf,1103,completed,experiments/runs/fm_grasp_protocol_v3/jobs/grasp_protocol_v3__gnn__swan__swan_sf__seed1103/result.json,e41868a7b88e66b864bba147648e724ae579c0d5d12485af475e2657624df7be,data_audit.train_only_scaler.median[26],3.667938
grasp_protocol_v3__gnn__swan__swan_sf__seed1103,gnn,swan,swan_sf,1103,completed,experiments/runs/fm_grasp_protocol_v3/jobs/grasp_protocol_v3__gnn__swan__swan_sf__seed1103/result.json,e41868a7b88e66b864bba147648e724ae579c0d5d12485af475e2657624df7be,data_audit.train_only_scaler.median[27],-2.074256
grasp_protocol_v3__gnn__swan__swan_sf__seed1103,gnn,swan,swan_sf,1103,completed,experiments/runs/fm_grasp_protocol_v3/jobs/grasp_protocol_v3__gnn__swan__swan_sf__seed1103/result.json,e41868a7b88e66b864bba147648e724ae579c0d5d12485af475e2657624df7be,data_audit.train_only_scaler.median[28],6.692411
grasp_protocol_v3__gnn__swan__swan_sf__seed1103,gnn,swan,swan_sf,1103,completed,experiments/runs/fm_grasp_protocol_v3/jobs/grasp_protocol_v3__gnn__swan__swan_sf__seed1103/result.json,e41868a7b88e66b864bba147648e724ae579c0d5d12485af475e2657624df7be,data_audit.train_only_scaler.median[29],10.207301
grasp_protocol_v3__gnn__swan__swan_sf__seed1103,gnn,swan,swan_sf,1103,completed,experiments/runs/fm_grasp_protocol_v3/jobs/grasp_protocol_v3__gnn__swan__swan_sf__seed1103/result.json,e41868a7b88e66b864bba147648e724ae579c0d5d12485af475e2657624df7be,data_audit.train_only_scaler.median[30],0.0
grasp_protocol_v3__gnn__swan__swan_sf__seed1103,gnn,swan,swan_sf,1103,completed,experiments/runs/fm_grasp_protocol_v3/jobs/grasp_protocol_v3__gnn__swan__swan_sf__seed1103/result.json,e41868a7b88e66b864bba147648e724ae579c0d5d12485af475e2657624df7be,data_audit.train_only_scaler.median[31],1.0
grasp_protocol_v3__gnn__swan__swan_sf__seed1103,gnn,swan,swan_sf,1103,completed,experiments/runs/fm_grasp_protocol_v3/jobs/grasp_protocol_v3__gnn__swan__swan_sf__seed1103/result.json,e41868a7b88e66b864bba147648e724ae579c0d5d12485af475e2657624df7be,data_audit.train_only_scaler.median[32],0.0
grasp_protocol_v3__gnn__swan__swan_sf__seed1103,gnn,swan,swan_sf,1103,completed,experiments/runs/fm_grasp_protocol_v3/jobs/grasp_protocol_v3__gnn__swan__swan_sf__seed1103/result.json,e41868a7b88e66b864bba147648e724ae579c0d5d12485af475e2657624df7be,data_audit.train_only_scaler.median[33],0.0
grasp_protocol_v3__gnn__swan__swan_sf__seed1103,gnn,swan,swan_sf,1103,completed,experiments/runs/fm_grasp_protocol_v3/jobs/grasp_protocol_v3__gnn__swan__swan_sf__seed1103/result.json,e41868a7b88e66b864bba147648e724ae579c0d5d12485af475e2657624df7be,data_audit.train_only_scaler.median[34],0.0
grasp_protocol_v3__gnn__swan__swan_sf__seed1103,gnn,swan,swan_sf,1103,completed,experiments/runs/fm_grasp_protocol_v3/jobs/grasp_protocol_v3__gnn__swan__swan_sf__seed1103/result.json,e41868a7b88e66b864bba147648e724ae579c0d5d12485af475e2657624df7be,data_audit.train_only_scaler.median[35],0.0
grasp_protocol_v3__gnn__swan__swan_sf__seed1103,gnn,swan,swan_sf,1103,completed,experiments/runs/fm_grasp_protocol_v3/jobs/grasp_protocol_v3__gnn__swan__swan_sf__seed1103/result.json,e41868a7b88e66b864bba147648e724ae579c0d5d12485af475e2657624df7be,data_audit.train_only_scaler.median[36],1.23e-06
grasp_protocol_v3__gnn__swan__swan_sf__seed1103,gnn,swan,swan_sf,1103,completed,experiments/runs/fm_grasp_protocol_v3/jobs/grasp_protocol_v3__gnn__swan__swan_sf__seed1103/result.json,e41868a7b88e66b864bba147648e724ae579c0d5d12485af475e2657624df7be,data_audit.train_only_scaler.median[37],12.0
grasp_protocol_v3__gnn__swan__swan_sf__seed1103,gnn,swan,swan_sf,1103,completed,experiments/runs/fm_grasp_protocol_v3/jobs/grasp_protocol_v3__gnn__swan__swan_sf__seed1103/result.json,e41868a7b88e66b864bba147648e724ae579c0d5d12485af475e2657624df7be,data_audit.train_only_scaler.mean[0],305.1626169607622
grasp_protocol_v3__gnn__swan__swan_sf__seed1103,gnn,swan,swan_sf,1103,completed,experiments/runs/fm_grasp_protocol_v3/jobs/grasp_protocol_v3__gnn__swan__swan_sf__seed1103/result.json,e41868a7b88e66b864bba147648e724ae579c0d5d12485af475e2657624df7be,data_audit.train_only_scaler.mean[1],3891992090.7515807
grasp_protocol_v3__gnn__swan__swan_sf__seed1103,gnn,swan,swan_sf,1103,completed,experiments/runs/fm_grasp_protocol_v3/jobs/grasp_protocol_v3__gnn__swan__swan_sf__seed1103/result.json,e41868a7b88e66b864bba147648e724ae579c0d5d12485af475e2657624df7be,data_audit.train_only_scaler.mean[2],1.0852574129680566e+23
grasp_protocol_v3__gnn__swan__swan_sf__seed1103,gnn,swan,swan_sf,1103,completed,experiments/runs/fm_grasp_protocol_v3/jobs/grasp_protocol_v3__gnn__swan__swan_sf__seed1103/result.json,e41868a7b88e66b864bba147648e724ae579c0d5d12485af475e2657624df7be,data_audit.train_only_scaler.mean[3],6278208406547.6875
grasp_protocol_v3__gnn__swan__swan_sf__seed1103,gnn,swan,swan_sf,1103,completed,experiments/runs/fm_grasp_protocol_v3/jobs/grasp_protocol_v3__gnn__swan__swan_sf__seed1103/result.json,e41868a7b88e66b864bba147648e724ae579c0d5d12485af475e2657624df7be,data_audit.train_only_scaler.mean[4],41.4241013709116
grasp_protocol_v3__gnn__swan__swan_sf__seed1103,gnn,swan,swan_sf,1103,completed,experiments/runs/fm_grasp_protocol_v3/jobs/grasp_protocol_v3__gnn__swan__swan_sf__seed1103/result.json,e41868a7b88e66b864bba147648e724ae579c0d5d12485af475e2657624df7be,data_audit.train_only_scaler.mean[5],2144531812602.708
grasp_protocol_v3__gnn__swan__swan_sf__seed1103,gnn,swan,swan_sf,1103,completed,experiments/runs/fm_grasp_protocol_v3/jobs/grasp_protocol_v3__gnn__swan__swan_sf__seed1103/result.json,e41868a7b88e66b864bba147648e724ae579c0d5d12485af475e2657624df7be,data_audit.train_only_scaler.mean[6],4.5793002135186697e+21
grasp_protocol_v3__gnn__swan__swan_sf__seed1103,gnn,swan,swan_sf,1103,completed,experiments/runs/fm_grasp_protocol_v3/jobs/grasp_protocol_v3__gnn__swan__swan_sf__seed1103/result.json,e41868a7b88e66b864bba147648e724ae579c0d5d12485af475e2657624df7be,data_audit.train_only_scaler.mean[7],-1.8388628813093173e+24
grasp_protocol_v3__gnn__swan__swan_sf__seed1103,gnn,swan,swan_sf,1103,completed,experiments/runs/fm_grasp_protocol_v3/jobs/grasp_protocol_v3__gnn__swan__swan_sf__seed1103/result.json,e41868a7b88e66b864bba147648e724ae579c0d5d12485af475e2657624df7be,data_audit.train_only_scaler.mean[8],436248.2433815505
grasp_protocol_v3__gnn__swan__swan_sf__seed1103,gnn,swan,swan_sf,1103,completed,experiments/runs/fm_grasp_protocol_v3/jobs/grasp_protocol_v3__gnn__swan__swan_sf__seed1103/result.json,e41868a7b88e66b864bba147648e724ae579c0d5d12485af475e2657624df7be,data_audit.train_only_scaler.mean[9],-0.5304256504971101
grasp_protocol_v3__gnn__swan__swan_sf__seed1103,gnn,swan,swan_sf,1103,completed,experiments/runs/fm_grasp_protocol_v3/jobs/grasp_protocol_v3__gnn__swan__swan_sf__seed1103/result.json,e41868a7b88e66b864bba147648e724ae579c0d5d12485af475e2657624df7be,data_audit.train_only_scaler.mean[10],26.18927621491827
grasp_protocol_v3__gnn__swan__swan_sf__seed1103,gnn,swan,swan_sf,1103,completed,experiments/runs/fm_grasp_protocol_v3/jobs/grasp_protocol_v3__gnn__swan__swan_sf__seed1103/result.json,e41868a7b88e66b864bba147648e724ae579c0d5d12485af475e2657624df7be,data_audit.train_only_scaler.mean[11],11.104307795097283
grasp_protocol_v3__gnn__swan__swan_sf__seed1103,gnn,swan,swan_sf,1103,completed,experiments/runs/fm_grasp_protocol_v3/jobs/grasp_protocol_v3__gnn__swan__swan_sf__seed1103/result.json,e41868a7b88e66b864bba147648e724ae579c0d5d12485af475e2657624df7be,data_audit.train_only_scaler.mean[12],34.1471406854236
grasp_protocol_v3__gnn__swan__swan_sf__seed1103,gnn,swan,swan_sf,1103,completed,experiments/runs/fm_grasp_protocol_v3/jobs/grasp_protocol_v3__gnn__swan__swan_sf__seed1103/result.json,e41868a7b88e66b864bba147648e724ae579c0d5d12485af475e2657624df7be,data_audit.train_only_scaler.mean[13],121.46471916884391
grasp_protocol_v3__gnn__swan__swan_sf__seed1103,gnn,swan,swan_sf,1103,completed,experiments/runs/fm_grasp_protocol_v3/jobs/grasp_protocol_v3__gnn__swan__swan_sf__seed1103/result.json,e41868a7b88e66b864bba147648e724ae579c0d5d12485af475e2657624df7be,data_audit.train_only_scaler.mean[14],122.77046639364936
grasp_protocol_v3__gnn__swan__swan_sf__seed1103,gnn,swan,swan_sf,1103,completed,experiments/runs/fm_grasp_protocol_v3/jobs/grasp_protocol_v3__gnn__swan__swan_sf__seed1103/result.json,e41868a7b88e66b864bba147648e724ae579c0d5d12485af475e2657624df7be,data_audit.train_only_scaler.mean[15],54.72076190157697
grasp_protocol_v3__gnn__swan__swan_sf__seed1103,gnn,swan,swan_sf,1103,completed,experiments/runs/fm_grasp_protocol_v3/jobs/grasp_protocol_v3__gnn__swan__swan_sf__seed1103/result.json,e41868a7b88e66b864bba147648e724ae579c0d5d12485af475e2657624df7be,data_audit.train_only_scaler.mean[16],0.0004028268090018369
grasp_protocol_v3__gnn__swan__swan_sf__seed1103,gnn,swan,swan_sf,1103,completed,experiments/runs/fm_grasp_protocol_v3/jobs/grasp_protocol_v3__gnn__swan__swan_sf__seed1103/result.json,e41868a7b88e66b864bba147648e724ae579c0d5d12485af475e2657624df7be,data_audit.train_only_scaler.mean[17],-1.085305984839892e+23
grasp_protocol_v3__gnn__swan__swan_sf__seed1103,gnn,swan,swan_sf,1103,completed,experiments/runs/fm_grasp_protocol_v3/jobs/grasp_protocol_v3__gnn__swan__swan_sf__seed1103/result.json,e41868a7b88e66b864bba147648e724ae579c0d5d12485af475e2657624df7be,data_audit.train_only_scaler.mean[18],0.3314377587114313
grasp_protocol_v3__gnn__swan__swan_sf__seed1103,gnn,swan,swan_sf,1103,completed,experiments/runs/fm_grasp_protocol_v3/jobs/grasp_protocol_v3__gnn__swan__swan_sf__seed1103/result.json,e41868a7b88e66b864bba147648e724ae579c0d5d12485af475e2657624df7be,data_audit.train_only_scaler.mean[19],0.0017608309675426538
grasp_protocol_v3__gnn__swan__swan_sf__seed1103,gnn,swan,swan_sf,1103,completed,experiments/runs/fm_grasp_protocol_v3/jobs/grasp_protocol_v3__gnn__swan__swan_sf__seed1103/result.json,e41868a7b88e66b864bba147648e724ae579c0d5d12485af475e2657624df7be,data_audit.train_only_scaler.mean[20],-6.4804778061874636e+22
grasp_protocol_v3__gnn__swan__swan_sf__seed1103,gnn,swan,swan_sf,1103,completed,experiments/runs/fm_grasp_protocol_v3/jobs/grasp_protocol_v3__gnn__swan__swan_sf__seed1103/result.json,e41868a7b88e66b864bba147648e724ae579c0d5d12485af475e2657624df7be,data_audit.train_only_scaler.mean[21],0.012395267187078311
grasp_protocol_v3__gnn__swan__swan_sf__seed1103,gnn,swan,swan_sf,1103,completed,experiments/runs/fm_grasp_protocol_v3/jobs/grasp_protocol_v3__gnn__swan__swan_sf__seed1103/result.json,e41868a7b88e66b864bba147648e724ae579c0d5d12485af475e2657624df7be,data_audit.train_only_scaler.mean[22],0.018506858863011996
grasp_protocol_v3__gnn__swan__swan_sf__seed1103,gnn,swan,swan_sf,1103,completed,experiments/runs/fm_grasp_protocol_v3/jobs/grasp_protocol_v3__gnn__swan__swan_sf__seed1103/result.json,e41868a7b88e66b864bba147648e724ae579c0d5d12485af475e2657624df7be,data_audit.train_only_scaler.mean[23],1.418514473790745
grasp_protocol_v3__gnn__swan__swan_sf__seed1103,gnn,swan,swan_sf,1103,completed,experiments/runs/fm_grasp_protocol_v3/jobs/grasp_protocol_v3__gnn__swan__swan_sf__seed1103/result.json,e41868a7b88e66b864bba147648e724ae579c0d5d12485af475e2657624df7be,data_audit.train_only_scaler.mean[24],201.065698432738
grasp_protocol_v3__gnn__swan__swan_sf__seed1103,gnn,swan,swan_sf,1103,completed,experiments/runs/fm_grasp_protocol_v3/jobs/grasp_protocol_v3__gnn__swan__swan_sf__seed1103/result.json,e41868a7b88e66b864bba147648e724ae579c0d5d12485af475e2657624df7be,data_audit.train_only_scaler.mean[25],198.70728841208506
grasp_protocol_v3__gnn__swan__swan_sf__seed1103,gnn,swan,swan_sf,1103,completed,experiments/runs/fm_grasp_protocol_v3/jobs/grasp_protocol_v3__gnn__swan__swan_sf__seed1103/result.json,e41868a7b88e66b864bba147648e724ae579c0d5d12485af475e2657624df7be,data_audit.train_only_scaler.mean[26],-0.722098970705977
grasp_protocol_v3__gnn__swan__swan_sf__seed1103,gnn,swan,swan_sf,1103,completed,experiments/runs/fm_grasp_protocol_v3/jobs/grasp_protocol_v3__gnn__swan__swan_sf__seed1103/result.json,e41868a7b88e66b864bba147648e724ae579c0d5d12485af475e2657624df7be,data_audit.train_only_scaler.mean[27],-3.9825264890385723
grasp_protocol_v3__gnn__swan__swan_sf__seed1103,gnn,swan,swan_sf,1103,completed,experiments/runs/fm_grasp_protocol_v3/jobs/grasp_protocol_v3__gnn__swan__swan_sf__seed1103/result.json,e41868a7b88e66b864bba147648e724ae579c0d5d12485af475e2657624df7be,data_audit.train_only_scaler.mean[28],4.580065097159533
grasp_protocol_v3__gnn__swan__swan_sf__seed1103,gnn,swan,swan_sf,1103,completed,experiments/runs/fm_grasp_protocol_v3/jobs/grasp_protocol_v3__gnn__swan__swan_sf__seed1103/result.json,e41868a7b88e66b864bba147648e724ae579c0d5d12485af475e2657624df7be,data_audit.train_only_scaler.mean[29],7.682772539747129
grasp_protocol_v3__gnn__swan__swan_sf__seed1103,gnn,swan,swan_sf,1103,completed,experiments/runs/fm_grasp_protocol_v3/jobs/grasp_protocol_v3__gnn__swan__swan_sf__seed1103/result.json,e41868a7b88e66b864bba147648e724ae579c0d5d12485af475e2657624df7be,data_audit.train_only_scaler.mean[30],2556.974264472263
grasp_protocol_v3__gnn__swan__swan_sf__seed1103,gnn,swan,swan_sf,1103,completed,experiments/runs/fm_grasp_protocol_v3/jobs/grasp_protocol_v3__gnn__swan__swan_sf__seed1103/result.json,e41868a7b88e66b864bba147648e724ae579c0d5d12485af475e2657624df7be,data_audit.train_only_scaler.mean[31],0.9601575903920696
grasp_protocol_v3__gnn__swan__swan_sf__seed1103,gnn,swan,swan_sf,1103,completed,experiments/runs/fm_grasp_protocol_v3/jobs/grasp_protocol_v3__gnn__swan__swan_sf__seed1103/result.json,e41868a7b88e66b864bba147648e724ae579c0d5d12485af475e2657624df7be,data_audit.train_only_scaler.mean[32],0.0
grasp_protocol_v3__gnn__swan__swan_sf__seed1103,gnn,swan,swan_sf,1103,completed,experiments/runs/fm_grasp_protocol_v3/jobs/grasp_protocol_v3__gnn__swan__swan_sf__seed1103/result.json,e41868a7b88e66b864bba147648e724ae579c0d5d12485af475e2657624df7be,data_audit.train_only_scaler.mean[33],0.001143801232763551
grasp_protocol_v3__gnn__swan__swan_sf__seed1103,gnn,swan,swan_sf,1103,completed,experiments/runs/fm_grasp_protocol_v3/jobs/grasp_protocol_v3__gnn__swan__swan_sf__seed1103/result.json,e41868a7b88e66b864bba147648e724ae579c0d5d12485af475e2657624df7be,data_audit.train_only_scaler.mean[34],0.0005719006163817755
grasp_protocol_v3__gnn__swan__swan_sf__seed1103,gnn,swan,swan_sf,1103,completed,experiments/runs/fm_grasp_protocol_v3/jobs/grasp_protocol_v3__gnn__swan__swan_sf__seed1103/result.json,e41868a7b88e66b864bba147648e724ae579c0d5d12485af475e2657624df7be,data_audit.train_only_scaler.mean[35],0.0
grasp_protocol_v3__gnn__swan__swan_sf__seed1103,gnn,swan,swan_sf,1103,completed,experiments/runs/fm_grasp_protocol_v3/jobs/grasp_protocol_v3__gnn__swan__swan_sf__seed1103/result.json,e41868a7b88e66b864bba147648e724ae579c0d5d12485af475e2657624df7be,data_audit.train_only_scaler.mean[36],-235.11234360995348
grasp_protocol_v3__gnn__swan__swan_sf__seed1103,gnn,swan,swan_sf,1103,completed,experiments/runs/fm_grasp_protocol_v3/jobs/grasp_protocol_v3__gnn__swan__swan_sf__seed1103/result.json,e41868a7b88e66b864bba147648e724ae579c0d5d12485af475e2657624df7be,data_audit.train_only_scaler.mean[37],11.944843362775625
grasp_protocol_v3__gnn__swan__swan_sf__seed1103,gnn,swan,swan_sf,1103,completed,experiments/runs/fm_grasp_protocol_v3/jobs/grasp_protocol_v3__gnn__swan__swan_sf__seed1103/result.json,e41868a7b88e66b864bba147648e724ae579c0d5d12485af475e2657624df7be,data_audit.train_only_scaler.scale[0],521.570342257543
grasp_protocol_v3__gnn__swan__swan_sf__seed1103,gnn,swan,swan_sf,1103,completed,experiments/runs/fm_grasp_protocol_v3/jobs/grasp_protocol_v3__gnn__swan__swan_sf__seed1103/result.json,e41868a7b88e66b864bba147648e724ae579c0d5d12485af475e2657624df7be,data_audit.train_only_scaler.scale[1],8127773323.662388
grasp_protocol_v3__gnn__swan__swan_sf__seed1103,gnn,swan,swan_sf,1103,completed,experiments/runs/fm_grasp_protocol_v3/jobs/grasp_protocol_v3__gnn__swan__swan_sf__seed1103/result.json,e41868a7b88e66b864bba147648e724ae579c0d5d12485af475e2657624df7be,data_audit.train_only_scaler.scale[2],1.6057244166730386e+24
grasp_protocol_v3__gnn__swan__swan_sf__seed1103,gnn,swan,swan_sf,1103,completed,experiments/runs/fm_grasp_protocol_v3/jobs/grasp_protocol_v3__gnn__swan__swan_sf__seed1103/result.json,e41868a7b88e66b864bba147648e724ae579c0d5d12485af475e2657624df7be,data_audit.train_only_scaler.scale[3],10484165665143.857
grasp_protocol_v3__gnn__swan__swan_sf__seed1103,gnn,swan,swan_sf,1103,completed,experiments/runs/fm_grasp_protocol_v3/jobs/grasp_protocol_v3__gnn__swan__swan_sf__seed1103/result.json,e41868a7b88e66b864bba147648e724ae579c0d5d12485af475e2657624df7be,data_audit.train_only_scaler.scale[4],112.13325347975933
grasp_protocol_v3__gnn__swan__swan_sf__seed1103,gnn,swan,swan_sf,1103,completed,experiments/runs/fm_grasp_protocol_v3/jobs/grasp_protocol_v3__gnn__swan__swan_sf__seed1103/result.json,e41868a7b88e66b864bba147648e724ae579c0d5d12485af475e2657624df7be,data_audit.train_only_scaler.scale[5],4786566349698.902
grasp_protocol_v3__gnn__swan__swan_sf__seed1103,gnn,swan,swan_sf,1103,completed,experiments/runs/fm_grasp_protocol_v3/jobs/grasp_protocol_v3__gnn__swan__swan_sf__seed1103/result.json,e41868a7b88e66b864bba147648e724ae579c0d5d12485af475e2657624df7be,data_audit.train_only_scaler.scale[6],8.160999960406271e+21
grasp_protocol_v3__gnn__swan__swan_sf__seed1103,gnn,swan,swan_sf,1103,completed,experiments/runs/fm_grasp_protocol_v3/jobs/grasp_protocol_v3__gnn__swan__swan_sf__seed1103/result.json,e41868a7b88e66b864bba147648e724ae579c0d5d12485af475e2657624df7be,data_audit.train_only_scaler.scale[7],3.2446255976209476e+24
grasp_protocol_v3__gnn__swan__swan_sf__seed1103,gnn,swan,swan_sf,1103,completed,experiments/runs/fm_grasp_protocol_v3/jobs/grasp_protocol_v3__gnn__swan__swan_sf__seed1103/result.json,e41868a7b88e66b864bba147648e724ae579c0d5d12485af475e2657624df7be,data_audit.train_only_scaler.scale[8],12700705.083050588
grasp_protocol_v3__gnn__swan__swan_sf__seed1103,gnn,swan,swan_sf,1103,completed,experiments/runs/fm_grasp_protocol_v3/jobs/grasp_protocol_v3__gnn__swan__swan_sf__seed1103/result.json,e41868a7b88e66b864bba147648e724ae579c0d5d12485af475e2657624df7be,data_audit.train_only_scaler.scale[9],0.15764267201891288
grasp_protocol_v3__gnn__swan__swan_sf__seed1103,gnn,swan,swan_sf,1103,completed,experiments/runs/fm_grasp_protocol_v3/jobs/grasp_protocol_v3__gnn__swan__swan_sf__seed1103/result.json,e41868a7b88e66b864bba147648e724ae579c0d5d12485af475e2657624df7be,data_audit.train_only_scaler.scale[10],7.998840992094515
grasp_protocol_v3__gnn__swan__swan_sf__seed1103,gnn,swan,swan_sf,1103,completed,experiments/runs/fm_grasp_protocol_v3/jobs/grasp_protocol_v3__gnn__swan__swan_sf__seed1103/result.json,e41868a7b88e66b864bba147648e724ae579c0d5d12485af475e2657624df7be,data_audit.train_only_scaler.scale[11],14.517086710445161
grasp_protocol_v3__gnn__swan__swan_sf__seed1103,gnn,swan,swan_sf,1103,completed,experiments/runs/fm_grasp_protocol_v3/jobs/grasp_protocol_v3__gnn__swan__swan_sf__seed1103/result.json,e41868a7b88e66b864bba147648e724ae579c0d5d12485af475e2657624df7be,data_audit.train_only_scaler.scale[12],9.164958630701037
grasp_protocol_v3__gnn__swan__swan_sf__seed1103,gnn,swan,swan_sf,1103,completed,experiments/runs/fm_grasp_protocol_v3/jobs/grasp_protocol_v3__gnn__swan__swan_sf__seed1103/result.json,e41868a7b88e66b864bba147648e724ae579c0d5d12485af475e2657624df7be,data_audit.train_only_scaler.scale[13],22.663966001612895
grasp_protocol_v3__gnn__swan__swan_sf__seed1103,gnn,swan,swan_sf,1103,completed,experiments/runs/fm_grasp_protocol_v3/jobs/grasp_protocol_v3__gnn__swan__swan_sf__seed1103/result.json,e41868a7b88e66b864bba147648e724ae579c0d5d12485af475e2657624df7be,data_audit.train_only_scaler.scale[14],22.83698851922826
grasp_protocol_v3__gnn__swan__swan_sf__seed1103,gnn,swan,swan_sf,1103,completed,experiments/runs/fm_grasp_protocol_v3/jobs/grasp_protocol_v3__gnn__swan__swan_sf__seed1103/result.json,e41868a7b88e66b864bba147648e724ae579c0d5d12485af475e2657624df7be,data_audit.train_only_scaler.scale[15],14.49123627720488
grasp_protocol_v3__gnn__swan__swan_sf__seed1103,gnn,swan,swan_sf,1103,completed,experiments/runs/fm_grasp_protocol_v3/jobs/grasp_protocol_v3__gnn__swan__swan_sf__seed1103/result.json,e41868a7b88e66b864bba147648e724ae579c0d5d12485af475e2657624df7be,data_audit.train_only_scaler.scale[16],0.007446704694027152
grasp_protocol_v3__gnn__swan__swan_sf__seed1103,gnn,swan,swan_sf,1103,completed,experiments/runs/fm_grasp_protocol_v3/jobs/grasp_protocol_v3__gnn__swan__swan_sf__seed1103/result.json,e41868a7b88e66b864bba147648e724ae579c0d5d12485af475e2657624df7be,data_audit.train_only_scaler.scale[17],5.067548212998718e+23
grasp_protocol_v3__gnn__swan__swan_sf__seed1103,gnn,swan,swan_sf,1103,completed,experiments/runs/fm_grasp_protocol_v3/jobs/grasp_protocol_v3__gnn__swan__swan_sf__seed1103/result.json,e41868a7b88e66b864bba147648e724ae579c0d5d12485af475e2657624df7be,data_audit.train_only_scaler.scale[18],0.7491082918156635
grasp_protocol_v3__gnn__swan__swan_sf__seed1103,gnn,swan,swan_sf,1103,completed,experiments/runs/fm_grasp_protocol_v3/jobs/grasp_protocol_v3__gnn__swan__swan_sf__seed1103/result.json,e41868a7b88e66b864bba147648e724ae579c0d5d12485af475e2657624df7be,data_audit.train_only_scaler.scale[19],0.02580423934918983
grasp_protocol_v3__gnn__swan__swan_sf__seed1103,gnn,swan,swan_sf,1103,completed,experiments/runs/fm_grasp_protocol_v3/jobs/grasp_protocol_v3__gnn__swan__swan_sf__seed1103/result.json,e41868a7b88e66b864bba147648e724ae579c0d5d12485af475e2657624df7be,data_audit.train_only_scaler.scale[20],1.1825085057623071e+24
grasp_protocol_v3__gnn__swan__swan_sf__seed1103,gnn,swan,swan_sf,1103,completed,experiments/runs/fm_grasp_protocol_v3/jobs/grasp_protocol_v3__gnn__swan__swan_sf__seed1103/result.json,e41868a7b88e66b864bba147648e724ae579c0d5d12485af475e2657624df7be,data_audit.train_only_scaler.scale[21],0.13926497457575512
grasp_protocol_v3__gnn__swan__swan_sf__seed1103,gnn,swan,swan_sf,1103,completed,experiments/runs/fm_grasp_protocol_v3/jobs/grasp_protocol_v3__gnn__swan__swan_sf__seed1103/result.json,e41868a7b88e66b864bba147648e724ae579c0d5d12485af475e2657624df7be,data_audit.train_only_scaler.scale[22],0.18539980134319797
grasp_protocol_v3__gnn__swan__swan_sf__seed1103,gnn,swan,swan_sf,1103,completed,experiments/runs/fm_grasp_protocol_v3/jobs/grasp_protocol_v3__gnn__swan__swan_sf__seed1103/result.json,e41868a7b88e66b864bba147648e724ae579c0d5d12485af475e2657624df7be,data_audit.train_only_scaler.scale[23],1.712261267510182
grasp_protocol_v3__gnn__swan__swan_sf__seed1103,gnn,swan,swan_sf,1103,completed,experiments/runs/fm_grasp_protocol_v3/jobs/grasp_protocol_v3__gnn__swan__swan_sf__seed1103/result.json,e41868a7b88e66b864bba147648e724ae579c0d5d12485af475e2657624df7be,data_audit.train_only_scaler.scale[24],122.48048173928221
grasp_protocol_v3__gnn__swan__swan_sf__seed1103,gnn,swan,swan_sf,1103,completed,experiments/runs/fm_grasp_protocol_v3/jobs/grasp_protocol_v3__gnn__swan__swan_sf__seed1103/result.json,e41868a7b88e66b864bba147648e724ae579c0d5d12485af475e2657624df7be,data_audit.train_only_scaler.scale[25],118.53868905344714
grasp_protocol_v3__gnn__swan__swan_sf__seed1103,gnn,swan,swan_sf,1103,completed,experiments/runs/fm_grasp_protocol_v3/jobs/grasp_protocol_v3__gnn__swan__swan_sf__seed1103/result.json,e41868a7b88e66b864bba147648e724ae579c0d5d12485af475e2657624df7be,data_audit.train_only_scaler.scale[26],15.8413429430375
grasp_protocol_v3__gnn__swan__swan_sf__seed1103,gnn,swan,swan_sf,1103,completed,experiments/runs/fm_grasp_protocol_v3/jobs/grasp_protocol_v3__gnn__swan__swan_sf__seed1103/result.json,e41868a7b88e66b864bba147648e724ae579c0d5d12485af475e2657624df7be,data_audit.train_only_scaler.scale[27],33.25478901460059
grasp_protocol_v3__gnn__swan__swan_sf__seed1103,gnn,swan,swan_sf,1103,completed,experiments/runs/fm_grasp_protocol_v3/jobs/grasp_protocol_v3__gnn__swan__swan_sf__seed1103/result.json,e41868a7b88e66b864bba147648e724ae579c0d5d12485af475e2657624df7be,data_audit.train_only_scaler.scale[28],16.466208780244486
grasp_protocol_v3__gnn__swan__swan_sf__seed1103,gnn,swan,swan_sf,1103,completed,experiments/runs/fm_grasp_protocol_v3/jobs/grasp_protocol_v3__gnn__swan__swan_sf__seed1103/result.json,e41868a7b88e66b864bba147648e724ae579c0d5d12485af475e2657624df7be,data_audit.train_only_scaler.scale[29],33.90595903667634
grasp_protocol_v3__gnn__swan__swan_sf__seed1103,gnn,swan,swan_sf,1103,completed,experiments/runs/fm_grasp_protocol_v3/jobs/grasp_protocol_v3__gnn__swan__swan_sf__seed1103/result.json,e41868a7b88e66b864bba147648e724ae579c0d5d12485af475e2657624df7be,data_audit.train_only_scaler.scale[30],12719.09410671598
grasp_protocol_v3__gnn__swan__swan_sf__seed1103,gnn,swan,swan_sf,1103,completed,experiments/runs/fm_grasp_protocol_v3/jobs/grasp_protocol_v3__gnn__swan__swan_sf__seed1103/result.json,e41868a7b88e66b864bba147648e724ae579c0d5d12485af475e2657624df7be,data_audit.train_only_scaler.scale[31],0.19558883404879554
grasp_protocol_v3__gnn__swan__swan_sf__seed1103,gnn,swan,swan_sf,1103,completed,experiments/runs/fm_grasp_protocol_v3/jobs/grasp_protocol_v3__gnn__swan__swan_sf__seed1103/result.json,e41868a7b88e66b864bba147648e724ae579c0d5d12485af475e2657624df7be,data_audit.train_only_scaler.scale[32],1.0
grasp_protocol_v3__gnn__swan__swan_sf__seed1103,gnn,swan,swan_sf,1103,completed,experiments/runs/fm_grasp_protocol_v3/jobs/grasp_protocol_v3__gnn__swan__swan_sf__seed1103/result.json,e41868a7b88e66b864bba147648e724ae579c0d5d12485af475e2657624df7be,data_audit.train_only_scaler.scale[33],0.03380078329718015
grasp_protocol_v3__gnn__swan__swan_sf__seed1103,gnn,swan,swan_sf,1103,completed,experiments/runs/fm_grasp_protocol_v3/jobs/grasp_protocol_v3__gnn__swan__swan_sf__seed1103/result.json,e41868a7b88e66b864bba147648e724ae579c0d5d12485af475e2657624df7be,data_audit.train_only_scaler.scale[34],0.02390760435650135
grasp_protocol_v3__gnn__swan__swan_sf__seed1103,gnn,swan,swan_sf,1103,completed,experiments/runs/fm_grasp_protocol_v3/jobs/grasp_protocol_v3__gnn__swan__swan_sf__seed1103/result.json,e41868a7b88e66b864bba147648e724ae579c0d5d12485af475e2657624df7be,data_audit.train_only_scaler.scale[35],1.0
grasp_protocol_v3__gnn__swan__swan_sf__seed1103,gnn,swan,swan_sf,1103,completed,experiments/runs/fm_grasp_protocol_v3/jobs/grasp_protocol_v3__gnn__swan__swan_sf__seed1103/result.json,e41868a7b88e66b864bba147648e724ae579c0d5d12485af475e2657624df7be,data_audit.train_only_scaler.scale[36],4843.110750687241
grasp_protocol_v3__gnn__swan__swan_sf__seed1103,gnn,swan,swan_sf,1103,completed,experiments/runs/fm_grasp_protocol_v3/jobs/grasp_protocol_v3__gnn__swan__swan_sf__seed1103/result.json,e41868a7b88e66b864bba147648e724ae579c0d5d12485af475e2657624df7be,data_audit.train_only_scaler.scale[37],0.7110330701676929
grasp_protocol_v3__gnn__swan__swan_sf__seed1103,gnn,swan,swan_sf,1103,completed,experiments/runs/fm_grasp_protocol_v3/jobs/grasp_protocol_v3__gnn__swan__swan_sf__seed1103/result.json,e41868a7b88e66b864bba147648e724ae579c0d5d12485af475e2657624df7be,data_audit.train_only_scaler.constant_channels[0],32
grasp_protocol_v3__gnn__swan__swan_sf__seed1103,gnn,swan,swan_sf,1103,completed,experiments/runs/fm_grasp_protocol_v3/jobs/grasp_protocol_v3__gnn__swan__swan_sf__seed1103/result.json,e41868a7b88e66b864bba147648e724ae579c0d5d12485af475e2657624df7be,data_audit.train_only_scaler.constant_channels[1],35
grasp_protocol_v3__gnn__swan__swan_sf__seed1103,gnn,swan,swan_sf,1103,completed,experiments/runs/fm_grasp_protocol_v3/jobs/grasp_protocol_v3__gnn__swan__swan_sf__seed1103/result.json,e41868a7b88e66b864bba147648e724ae579c0d5d12485af475e2657624df7be,data_audit.train_only_scaler.repairs[0],0
grasp_protocol_v3__gnn__swan__swan_sf__seed1103,gnn,swan,swan_sf,1103,completed,experiments/runs/fm_grasp_protocol_v3/jobs/grasp_protocol_v3__gnn__swan__swan_sf__seed1103/result.json,e41868a7b88e66b864bba147648e724ae579c0d5d12485af475e2657624df7be,data_audit.train_only_scaler.repairs[1],0
